{"uri":"http://si.nl.gob.mx/Acceso/DatosAbiertos/000008/SINL-CPE-010-2019/v001/RecordPackage-ocds-7wj9x5-SINL-CPE-010-2019-v001-contract.json","publisher":{"scheme":"GB-COH","uid":"","name":"Secretaría de Infraestructura del Estado de Nuevo León","uri":"http://si.nl.gob.mx"},"publishedDate":"2020-03-24T21:21:56.1086412-06:00","license":"https://datos.gob.mx/libreusomx","publicationPolicy":"http://si.nl.gob.mx","version":"1.1","packages":["https://raw.githubusercontent.com/INAImexico/ocds_requestForQuotes_extension/master/extension.json"],"records":[{"ocid":"ocds-7wj9x5-SINL-CPE-010-2019001","releases":[{"url":"http://si.nl.gob.mx/Acceso/DatosAbiertos/000008/SINL-CPE-010-2019/v001/Release-ocds-7wj9x5-SINL-CPE-010-2019-v001-contract.json","date":"2020-03-24T21:21:56.077-06:00","tag":["tender"]}],"compiledRelease":{"ocid":"ocds-7wj9x5-SINL-CPE-010-2019-v001","id":"ocds-7wj9x5-SINL-CPE-010-2019-v001-contract","date":"2020-03-24T21:21:56.0736738-06:00","tag":["planning","tender","award","contract"],"initiationType":"tender","parties":[{"name":"Secretaría de Desarrollo Social","id":"SIASI-000012","identifier":{"scheme":"SIASI","legalName":"SISTEMA INTEGRAL DE ADMINISTRACIÓN DE LA SECRETARÍA DE INFRAESTRUCTURA"},"address":{"streetAddress":"Washington","locality":"Monterrey","region":"Nuevo León","postalCode":"64010","countryName":"México"},"contactPoint":{"name":"GENARO ALANÍS DE LA FUENTE","email":"genaro.alanis@nuevoleon.gob.mx","telephone":"8120206730","url":"http://www.nl.gob.mx/desarrollosocial"},"roles":["buyer"]},{"name":"SECRETARIA DE INFRAESTRUCTURA","id":"SIASI-000011","identifier":{"scheme":"SIASI","legalName":"SISTEMA INTEGRAL DE ADMINISTRACIÓN DE LA SECRETARÍA DE INFRAESTRUCTURA"},"address":{"streetAddress":"WASHIGTON 648 OTE","locality":"MONTERREY","region":"NUEVO LEÓN","postalCode":"64000","countryName":"MÉXICO"},"contactPoint":{"name":"HUMBERTO TORRES PADILLA","email":"salvador.perez @nuevoleon.gob.mx","telephone":"8120206730","url":"http://si.nl.gob.mx/"},"roles":["procuringEntity"]},{"name":"SECRETARIA DE FINANZAS Y TESORERIA GENERAL DEL ESTADO DE NUEVO LEON","id":"SIASI-000004","identifier":{"scheme":"SIASI","legalName":"SISTEMA INTEGRAL DE ADMINISTRACIÓN DE LA SECRETARÍA DE INFRAESTRUCTURA"},"address":{"streetAddress":"ESCOBEDO SUR PISO 3 333","locality":"MONTERREY","region":"NUEVO LEÓN","postalCode":"64000","countryName":"MÉXICO"},"contactPoint":{"name":"Jesús Salvador Pérez Rodríguez","email":"salvador.perez @nuevoleon.gob.mx","telephone":"8120206730","url":"http://www.nl.gob.mx/tesoreria"},"roles":["payer"]},{"name":"INSTALACIONES ELECTROMECANICA MICO, S.A. DE C.V.","id":"RFC-IEM900619PW2","identifier":{"scheme":"RFC","id":"IEM900619PW2","legalName":"REGISTRO FEDERAL DE CONTRIBUYENTES"},"address":{"streetAddress":"Arabia 6  Manzana 31 Lote 4","locality":"CÁRDENAS","postalCode":"86553"},"contactPoint":{"name":"LAURO COBAS GONZALEZ","telephone":"8110254839"},"roles":["tenderer"]},{"name":"EMCA CONSTRUCCIONES Y PROYECTOS, S.A. DE C.V.","id":"RFC-EPC980314I40","identifier":{"scheme":"RFC","id":"EPC980314I40","legalName":"REGISTRO FEDERAL DE CONTRIBUYENTES"},"address":{"locality":"MONTERREY","postalCode":"64180"},"contactPoint":{"telephone":"83 71 71 6"},"roles":["tenderer"]},{"name":"CONSTRUCTORA Y URBANIZADORA JE-FE, S.A. DE C.V.","id":"RFC-CUJ971122D1A","identifier":{"scheme":"RFC","id":"CUJ971122D1A","legalName":"REGISTRO FEDERAL DE CONTRIBUYENTES"},"address":{"locality":"SAN NICOLÁS DE LOS GARZA","postalCode":"66464"},"contactPoint":{},"roles":["tenderer"]},{"name":"PROYECTOS Y ELECTROCONSTRUCCIONES GONEYRO, S.A.","id":"RFC-PEG8307293K2","identifier":{"scheme":"RFC","id":"PEG8307293K2","legalName":"REGISTRO FEDERAL DE CONTRIBUYENTES"},"address":{"locality":"MONTERREY","postalCode":"64410"},"contactPoint":{"telephone":"83743024"},"roles":["tenderer"]},{"name":"SERVICIOS PRIMARIOS GUERRA, S.A. DE C.V.","id":"RFC-SPG020520HJA","identifier":{"scheme":"RFC","id":"SPG020520HJA","legalName":"REGISTRO FEDERAL DE CONTRIBUYENTES"},"address":{"locality":"MONTERREY","postalCode":"64290"},"contactPoint":{"name":"JOHNATAN GUERRA CABALLERO","telephone":"83512003"},"roles":["tenderer","supplier"]},{"name":"CONSTRUCCIONES Y URBANIZACIONES VILLA, S.A. DE C.V.","id":"RFC-CUV990310IM2","identifier":{"scheme":"RFC","id":"CUV990310IM2","legalName":"REGISTRO FEDERAL DE CONTRIBUYENTES"},"address":{"streetAddress":"ARTEAGA  2234","locality":"MONTERREY","postalCode":"64010"},"contactPoint":{"name":"MAURICIO GARCIA Y GARCIA","telephone":"8111531996"},"roles":["tenderer"]},{"name":"INSTALACIONES MAGA, S.A. DE C.V.","id":"RFC-SIN DATO-809A29F9-75EF-4EF5-BB18-D9187061CC67","identifier":{"scheme":"RFC","id":"SIN DATO-809A29F9-75EF-4EF5-BB18-D9187061CC67","legalName":"REGISTRO FEDERAL DE CONTRIBUYENTES"},"address":{"locality":"MONTERREY","postalCode":"66220"},"contactPoint":{"telephone":"86755942"},"roles":["tenderer"]},{"name":"COMAR CONSTRUCCIONES, S.A. DE C.V.","id":"RFC-CCO970305AZ3","identifier":{"scheme":"RFC","id":"CCO970305AZ3","legalName":"REGISTRO FEDERAL DE CONTRIBUYENTES"},"address":{"streetAddress":"CALANDRIA  5027","locality":"GUADALUPE","postalCode":"67183"},"contactPoint":{"name":"EDGAR ALBERTO MARTINEZ OROZCO","telephone":"8183934452"},"roles":["tenderer"]},{"name":"VIP DESARROLLO URBANO, S.A. DE C.V.","id":"RFC-VDU920917EK0","identifier":{"scheme":"RFC","id":"VDU920917EK0","legalName":"REGISTRO FEDERAL DE CONTRIBUYENTES"},"address":{"streetAddress":"OCCIDENTAL 265 L 9","locality":"REYNOSA","postalCode":"88630"},"contactPoint":{"name":"RAUL MARTINEZ VILLARREAL","telephone":"8182522144"},"roles":["tenderer"]},{"name":"CONSTRUCTORA MEG7, S.A. DE C.V.","id":"RFC-SIN DATO-A3EEB4E8-6EE7-4149-AD48-69F00DF94781","identifier":{"scheme":"RFC","id":"SIN DATO-A3EEB4E8-6EE7-4149-AD48-69F00DF94781","legalName":"REGISTRO FEDERAL DE CONTRIBUYENTES"},"address":{"locality":"FRANCISCO I. MADERO","postalCode":"27900"},"contactPoint":{"telephone":"018721030522"},"roles":["tenderer"]},{"name":"CONSTRUCCIONES CIMENTACIONES Y PILAS, S.A. DE C.V.","id":"RFC-CCP090119DR1","identifier":{"scheme":"RFC","id":"CCP090119DR1","legalName":"REGISTRO FEDERAL DE CONTRIBUYENTES"},"address":{"streetAddress":"RIO MISSISSIPI 259 2PB","locality":"SAN PEDRO GARZA GARCÍA","postalCode":"66220"},"contactPoint":{"name":"LEOPOLDO TADEO ZAMARRON MARTINEZ"},"roles":["tenderer"]},{"name":"DESARROLLO OBRAS Y SERVICIOS CHAPA, S.A. DE C.V.","id":"RFC-DOS110928QZ6","identifier":{"scheme":"RFC","id":"DOS110928QZ6","legalName":"REGISTRO FEDERAL DE CONTRIBUYENTES"},"address":{"locality":"MONTERREY","postalCode":"64770"},"contactPoint":{"name":"ING FAUSTO ENRIQUE MEDINA CHAPA","telephone":"11 13 86 41 Y 18 08 20 23"},"roles":["tenderer"]},{"name":"MAURO DE JESUS MEDINA QUINTANILLA","id":"RFC-MEQM5808092N5","identifier":{"scheme":"RFC","id":"MEQM5808092N5","legalName":"REGISTRO FEDERAL DE CONTRIBUYENTES"},"address":{"streetAddress":"BLVD.RODRIGO GOMEZ  705 NTE","locality":"LINARES","postalCode":"67710"},"contactPoint":{"telephone":"8119393893"},"roles":["tenderer"]}],"buyer":{"id":"SIASI-000012","name":"Secretaría de Desarrollo Social"},"planning":{"rationale":"4,206","numberOfBeneficiaries":0,"budget":{"id":"20462","description":"FISE 2019","amount":{"amount":7299997.73,"currency":"MXN"},"project":"MEJORAS A LA RED DE ALUMBRADO PÚBLICO EN LA COL. ALIANZA REAL, EL CARMEN, N.L.","projectID":"PEI-0096/2019"},"documents":[{"id":"929","documentType":"Estudio de mercado","title":"Estudio de mercado","description":"Estudio de mercado","url":"http://si.nl.gob.mx/Acceso/DatosAbiertos/DocumentosPublicos/000008/SINL-CPE-010-2019/01. Planeación/Estudio de mercado.pdf","datePublished":"2020-03-21T18:03:05.883-06:00","dateModified":"0001-01-01T00:00:00-06:00","format":"application/pdf","language":"es","x_section":"planning"},{"id":"930","documentType":"Proyecto ejecutivo","title":"Proyecto ejecutivo","description":"Proyecto ejecutivo","url":"http://si.nl.gob.mx/Acceso/DatosAbiertos/DocumentosPublicos/000008/SINL-CPE-010-2019/01. Planeación/Proyecto ejecutivo.rar","datePublished":"2020-03-21T18:03:05.893-06:00","dateModified":"0001-01-01T00:00:00-06:00","format":"application/vnd.rar","language":"es","x_section":"planning"}]},"tender":{"id":"SINL-CPE-010-2019","title":"MEJORAS A LA RED DE ALUMBRADO PÚBLICO EN LA COL. ALIANZA REAL, EL CARMEN, N.L.","description":"MEJORAS A LA RED DE ALUMBRADO PÚBLICO EN LA COL. ALIANZA REAL, EL CARMEN, N.L.","status":"complete","procuringEntity":{"name":"SECRETARIA DE INFRAESTRUCTURA","id":"SIASI-000011"},"value":{"amount":7299997.73,"currency":"MXN"},"minValue":{"amount":0.0,"currency":"MXN"},"procurementMethod":"open","procurementMethodDetails":"Licitación Estatal","procurementMethodRationale":"Justificación para el método de compra elegido","mainProcurementCategory":"goods","additionalProcurementCategories":["ND"],"awardCriteria":"ratedCriteria","awardCriteriaDetails":"Para la adjudicación del contrato LA DEPENDENCIA efectuará un análisis comparativo de las propuestas admitidas que no fueron desechadas en el aspecto legal, técnico o económico y elaborará un dictamen en el que se tomaran en cuenta los criterios generales de adjudicación expresados en la Convocatoria.","submissionMethod":["inPerson"],"submissionMethodDetails":"El representante del licitante deberá presentar en persona su oferta escrita en sobre cerrado","tenderPeriod":{"startDate":"2019-05-10T00:00:00-05:00","endDate":"2019-05-10T00:00:00-05:00","maxExtentDate":"2019-05-10T00:00:00-05:00","durationInDays":0},"enquiryPeriod":{"startDate":"2019-05-10T00:00:00-05:00","endDate":"2019-06-21T00:00:00-05:00","maxExtentDate":"2019-06-21T00:00:00-05:00","durationInDays":42},"hasEnquiries":true,"eligibilityCriteria":"El criterio establecido por los artículos 54 y 55 de la Ley de obras públicas para el estado y municipios de Nuevo León","awardPeriod":{"startDate":"2019-07-19T00:00:00-05:00","endDate":"2019-07-19T00:00:00-05:00","maxExtentDate":"2019-08-18T00:00:00-05:00","durationInDays":0},"contractPeriod":{"startDate":"2019-07-19T00:00:00-05:00","endDate":"2019-07-23T00:00:00-05:00","maxExtentDate":"2019-07-30T00:00:00-05:00","durationInDays":4},"numberOfTenderers":13,"tenderers":[{"name":"INSTALACIONES ELECTROMECANICA MICO, S.A. DE C.V.","id":"RFC-IEM900619PW2"},{"name":"EMCA CONSTRUCCIONES Y PROYECTOS, S.A. DE C.V.","id":"RFC-EPC980314I40"},{"name":"CONSTRUCTORA Y URBANIZADORA JE-FE, S.A. DE C.V.","id":"RFC-CUJ971122D1A"},{"name":"PROYECTOS Y ELECTROCONSTRUCCIONES GONEYRO, S.A.","id":"RFC-PEG8307293K2"},{"name":"SERVICIOS PRIMARIOS GUERRA, S.A. DE C.V.","id":"RFC-SPG020520HJA"},{"name":"CONSTRUCCIONES Y URBANIZACIONES VILLA, S.A. DE C.V.","id":"RFC-CUV990310IM2"},{"name":"INSTALACIONES MAGA, S.A. DE C.V.","id":"RFC-SIN DATO-515E87B7-6EB4-4640-95C5-53165EC431D9"},{"name":"COMAR CONSTRUCCIONES, S.A. DE C.V.","id":"RFC-CCO970305AZ3"},{"name":"VIP DESARROLLO URBANO, S.A. DE C.V.","id":"RFC-VDU920917EK0"},{"name":"CONSTRUCTORA MEG7, S.A. DE C.V.","id":"RFC-SIN DATO-A31C3C61-43E9-427C-AD97-D8E4A2DFCBA3"},{"name":"CONSTRUCCIONES CIMENTACIONES Y PILAS, S.A. DE C.V.","id":"RFC-CCP090119DR1"},{"name":"DESARROLLO OBRAS Y SERVICIOS CHAPA, S.A. DE C.V.","id":"RFC-DOS110928QZ6"},{"name":"MAURO DE JESUS MEDINA QUINTANILLA","id":"RFC-MEQM5808092N5"}],"documents":[{"id":"931","documentType":"Acta de juntas de aclaraciones a las preguntas de los licitantes","title":"Acta de juntas de aclaraciones a las preguntas de los licitantes","description":"Acta de juntas de aclaraciones a las preguntas de los licitantes","url":"http://si.nl.gob.mx/Acceso/DatosAbiertos/DocumentosPublicos/000008/SINL-CPE-010-2019/02. Invitación/Acta de juntas de aclaraciones a las preguntas de los licitantes.pdf","datePublished":"2020-03-21T18:03:05.903-06:00","dateModified":"0001-01-01T00:00:00-06:00","format":"application/pdf","language":"es","x_section":"tender"},{"id":"932","documentType":"Acta de juntas de aclaraciones a las preguntas de los licitantes","title":"Acta de juntas de aclaraciones a las preguntas de los licitantes","description":"Acta de juntas de aclaraciones a las preguntas de los licitantes","url":"http://si.nl.gob.mx/Acceso/DatosAbiertos/DocumentosPublicos/000008/SINL-CPE-010-2019/02. Invitación/Acta de juntas de aclaraciones a las preguntas de los licitantes_01.pdf","datePublished":"2020-03-21T18:03:05.917-06:00","dateModified":"0001-01-01T00:00:00-06:00","format":"application/pdf","language":"es","x_section":"tender"},{"id":"933","documentType":"Acta de presentación y apertura de propuestas de licitaciones","title":"Acta de presentación y apertura de propuestas de licitaciones","description":"Acta de presentación y apertura de propuestas de licitaciones","url":"http://si.nl.gob.mx/Acceso/DatosAbiertos/DocumentosPublicos/000008/SINL-CPE-010-2019/02. Invitación/Acta de presentación y apertura de propuestas de licitaciones.pdf","datePublished":"2020-03-21T18:03:05.927-06:00","dateModified":"0001-01-01T00:00:00-06:00","format":"application/pdf","language":"es","x_section":"tender"},{"id":"934","documentType":"Acta de presentación y apertura de propuestas de licitaciones","title":"Acta de presentación y apertura de propuestas de licitaciones","description":"Acta de presentación y apertura de propuestas de licitaciones","url":"http://si.nl.gob.mx/Acceso/DatosAbiertos/DocumentosPublicos/000008/SINL-CPE-010-2019/02. Invitación/Acta de presentación y apertura de propuestas de licitaciones_01.pdf","datePublished":"2020-03-21T18:03:05.943-06:00","dateModified":"0001-01-01T00:00:00-06:00","format":"application/pdf","language":"es","x_section":"tender"},{"id":"935","documentType":"Anexos de Convocatoria","title":"Anexos de Convocatoria","description":"Anexos de Convocatoria","url":"http://si.nl.gob.mx/Acceso/DatosAbiertos/DocumentosPublicos/000008/SINL-CPE-010-2019/02. Invitación/Anexos de Convocatoria.zip","datePublished":"2020-03-21T18:03:05.957-06:00","dateModified":"0001-01-01T00:00:00-06:00","format":"application/zip","language":"es","x_section":"tender"},{"id":"936","documentType":"Convocatoria de licitaciones","title":"Convocatoria de licitaciones","description":"Convocatoria de licitaciones","url":"http://si.nl.gob.mx/Acceso/DatosAbiertos/DocumentosPublicos/000008/SINL-CPE-010-2019/02. Invitación/Convocatoria de licitaciones.pdf","datePublished":"2020-03-21T18:03:05.98-06:00","dateModified":"0001-01-01T00:00:00-06:00","format":"application/pdf","language":"es","x_section":"tender"},{"id":"937","documentType":"Pre-bases de licitaciones","title":"Pre-bases de licitaciones","description":"Pre-bases de licitaciones","url":"http://si.nl.gob.mx/Acceso/DatosAbiertos/DocumentosPublicos/000008/SINL-CPE-010-2019/02. Invitación/Pre-bases de licitaciones.pdf","datePublished":"2020-03-21T18:03:05.997-06:00","dateModified":"0001-01-01T00:00:00-06:00","format":"application/pdf","language":"es","x_section":"tender"},{"id":"938","documentType":"Registro de asistencia de la visita a las instalaciones","title":"Registro de asistencia de la visita a las instalaciones","description":"Registro de asistencia de la visita a las instalaciones","url":"http://si.nl.gob.mx/Acceso/DatosAbiertos/DocumentosPublicos/000008/SINL-CPE-010-2019/02. Invitación/Registro de asistencia de la visita a las instalaciones.pdf","datePublished":"2020-03-21T18:03:06.013-06:00","dateModified":"0001-01-01T00:00:00-06:00","format":"application/pdf","language":"es","x_section":"tender"},{"id":"939","documentType":"Resumen de convocatoria a la licitación pública","title":"Resumen de convocatoria a la licitación pública","description":"Resumen de convocatoria a la licitación pública","url":"http://si.nl.gob.mx/Acceso/DatosAbiertos/DocumentosPublicos/000008/SINL-CPE-010-2019/02. Invitación/Resumen de convocatoria a la licitación pública.pdf","datePublished":"2020-03-21T18:03:06.027-06:00","dateModified":"0001-01-01T00:00:00-06:00","format":"application/pdf","language":"es","x_section":"tender"}],"milestones":[{"id":"SINL-CPE-010-2019-15752","title":"PRE BASES","type":"preProcurement","description":"PRE BASES","code":"PRE BASES","dueDate":"2019-05-06T11:00:00-05:00","dateMet":"2019-05-06T11:00:00-05:00","dateModified":"2019-05-06T11:00:00-05:00","status":"met"},{"id":"SINL-CPE-010-2019-15753","title":"CONVOCATORIA","type":"preProcurement","description":"CONVOCATORIA","code":"CONVOCATORIA","dueDate":"2019-06-12T08:00:00-05:00","dateMet":"2019-06-12T08:00:00-05:00","dateModified":"2019-06-12T08:00:00-05:00","status":"met"},{"id":"SINL-CPE-010-2019-15754","title":"VISITA A LA OBRA","type":"preProcurement","description":"VISITA A LA OBRA","code":"VISITA A LA OBRA","dueDate":"2019-06-12T08:00:00-05:00","dateMet":"2019-06-12T08:00:00-05:00","dateModified":"2019-06-12T08:00:00-05:00","status":"met"},{"id":"SINL-CPE-010-2019-15755","title":"JUNTA DE ACLARACIONES","type":"preProcurement","description":"JUNTA DE ACLARACIONES","code":"JUNTA DE ACLARACIONES","dueDate":"2019-06-12T10:00:00-05:00","dateMet":"2019-06-12T10:00:00-05:00","dateModified":"2019-06-12T10:00:00-05:00","status":"met"},{"id":"SINL-CPE-010-2019-15757","title":"APERTURA TÉCNICA","type":"assessment","description":"APERTURA TÉCNICA","code":"APERTURA TÉCNICA","dueDate":"2019-06-25T10:00:00-05:00","dateMet":"2019-06-25T10:00:00-05:00","dateModified":"2019-06-25T10:00:00-05:00","status":"met"},{"id":"SINL-CPE-010-2019-15758","title":"APERTURA ECONÓMICA","type":"assessment","description":"APERTURA ECONÓMICA","code":"APERTURA ECONÓMICA","dueDate":"2019-06-25T10:00:00-05:00","dateMet":"2019-06-25T10:00:00-05:00","dateModified":"2019-06-25T10:00:00-05:00","status":"met"},{"id":"SINL-CPE-010-2019-15759","title":"FALLO","type":"engagement","description":"FALLO","code":"FALLO","dueDate":"2019-06-25T16:00:00-05:00","dateMet":"2019-06-25T16:00:00-05:00","dateModified":"2019-06-25T16:00:00-05:00","status":"met"},{"id":"SINL-CPE-010-2019-15760","title":"FIRMA DEL CONTRATO","type":"approval","description":"FIRMA DEL CONTRATO","code":"FIRMA DEL CONTRATO","dueDate":"2019-07-22T10:00:00-05:00","dateMet":"2019-07-22T10:00:00-05:00","dateModified":"2019-07-22T10:00:00-05:00","status":"met"}]},"awards":[{"id":"SINL-CPE-010-2019","title":"MEJORAS A LA RED DE ALUMBRADO PÚBLICO EN LA COL. ALIANZA REAL, EL CARMEN, N.L.","description":"MEJORAS A LA RED DE ALUMBRADO PÚBLICO EN LA COL. ALIANZA REAL, EL CARMEN, N.L.","status":"active","date":"2019-07-19T00:00:00-05:00","value":{"amount":4029099.97,"currency":"MXN"},"suppliers":[{"id":"RFC-SPG020520HJA","name":"SERVICIOS PRIMARIOS GUERRA, S.A. DE C.V."}],"contractPeriod":{"startDate":"2019-08-07T00:00:00-05:00","endDate":"2019-12-20T00:00:00-06:00","maxExtentDate":"0001-01-01T00:00:00","durationInDays":135},"documents":[{"id":"940","documentType":"Fallo de licitaciones","title":"Fallo de licitaciones","description":"Fallo de licitaciones","url":"http://si.nl.gob.mx/Acceso/DatosAbiertos/DocumentosPublicos/000008/SINL-CPE-010-2019/03. Adjudicación/Fallo de licitaciones.pdf","datePublished":"2020-03-21T18:03:06.047-06:00","dateModified":"0001-01-01T00:00:00-06:00","format":"application/pdf","language":"es","x_section":"award"},{"id":"941","documentType":"Oferta Ganadora","title":"Oferta Ganadora","description":"Oferta Ganadora","url":"http://si.nl.gob.mx/Acceso/DatosAbiertos/DocumentosPublicos/000008/SINL-CPE-010-2019/03. Adjudicación/Oferta Ganadora.rar","datePublished":"2020-03-21T18:03:06.063-06:00","dateModified":"0001-01-01T00:00:00-06:00","format":"application/vnd.rar","language":"es","x_section":"award"},{"id":"942","documentType":"Resultado de las evaluaciones de la licitación","title":"Resultado de las evaluaciones de la licitación","description":"Resultado de las evaluaciones de la licitación","url":"http://si.nl.gob.mx/Acceso/DatosAbiertos/DocumentosPublicos/000008/SINL-CPE-010-2019/03. Adjudicación/Resultado de las evaluaciones de la licitación.pdf","datePublished":"2020-03-21T18:03:06.08-06:00","dateModified":"0001-01-01T00:00:00-06:00","format":"application/pdf","language":"es","x_section":"award"}]}],"contracts":[{"id":"1907003","awardID":"SINL-CPE-010-2019","title":"MEJORAS A LA RED DE ALUMBRADO PÚBLICO EN LA COL. ALIANZA REAL, EL CARMEN, N.L.","description":"MEJORAS A LA RED DE ALUMBRADO PÚBLICO EN LA COL. ALIANZA REAL, EL CARMEN, N.L.","status":"ND","x_financial_advance":100.0,"x_physical_advance":100.0,"period":{"startDate":"2019-08-07T00:00:00-05:00","endDate":"2019-12-20T00:00:00-06:00","maxExtentDate":"0001-01-01T00:00:00-06:00","durationInDays":135},"value":{"amount":4029099.94,"currency":"MXN"},"x_estimatedPhysicalProgress":100.0,"x_observedPhysicalProgress":100.0,"items":[{"id":"000008798","description":"005 VARIOS","classification":{"scheme":"UNCEFACT","id":"000008798","description":"Catálogo de Conceptos Universal de la Secretaría de Infraestructura del Estado de Nuevo León","uri":"http://si.nl.gob.mx/CatalogoDeConceptosUniversal"},"quantity":1.0,"unit":{"scheme":"SINL-CU","id":"000000221","name":"LOTE","value":{"amount":40148.355,"currency":"MXN"},"uri":"http://si.nl.gob.mx/CatalogoUnidades"}},{"id":"000006598","description":"EXTRAS  001","classification":{"scheme":"UNCEFACT","id":"000006598","description":"Catálogo de Conceptos Universal de la Secretaría de Infraestructura del Estado de Nuevo León","uri":"http://si.nl.gob.mx/CatalogoDeConceptosUniversal"},"quantity":1.0,"unit":{"scheme":"SINL-CU","id":"000000221","name":"LOTE","value":{"amount":148520.3128,"currency":"MXN"},"uri":"http://si.nl.gob.mx/CatalogoUnidades"}}],"dateSigned":"2019-07-23T00:00:00-05:00","documents":[{"id":"943","documentType":"Anexos de Contrato","title":"Anexos de Contrato","description":"Anexos de Contrato","url":"http://si.nl.gob.mx/Acceso/DatosAbiertos/DocumentosPublicos/000008/SINL-CPE-010-2019/04. Contratación/Anexos de Contrato.pdf","datePublished":"2020-03-21T18:03:06.1-06:00","dateModified":"0001-01-01T00:00:00-06:00","format":"application/pdf","language":"es","x_section":"contract"},{"id":"944","documentType":"Anexos de Contrato","title":"Anexos de Contrato","description":"Anexos de Contrato","url":"http://si.nl.gob.mx/Acceso/DatosAbiertos/DocumentosPublicos/000008/SINL-CPE-010-2019/04. Contratación/Anexos de Contrato_01.pdf","datePublished":"2020-03-21T18:03:06.117-06:00","dateModified":"0001-01-01T00:00:00-06:00","format":"application/pdf","language":"es","x_section":"contract"},{"id":"945","documentType":"Contrato firmado","title":"Contrato firmado","description":"Contrato firmado","url":"http://si.nl.gob.mx/Acceso/DatosAbiertos/DocumentosPublicos/000008/SINL-CPE-010-2019/04. Contratación/Contrato firmado.pdf","datePublished":"2020-03-21T18:03:06.13-06:00","dateModified":"0001-01-01T00:00:00-06:00","format":"application/pdf","language":"es","x_section":"contract"},{"id":"948","documentType":"Finiquito del contrato","title":"Finiquito del contrato","description":"Finiquito del contrato","url":"http://si.nl.gob.mx/Acceso/DatosAbiertos/DocumentosPublicos/000008/SINL-CPE-010-2019/05. Ejecución/Finiquito del contrato.pdf","datePublished":"2020-03-21T18:03:06.17-06:00","dateModified":"0001-01-01T00:00:00-06:00","format":"application/pdf","language":"es","x_section":"contract"},{"id":"946","documentType":"Certificado de terminación (informe de conclusión)","title":"Certificado de terminación (informe de conclusión)","description":"Certificado de terminación (informe de conclusión)","url":"http://si.nl.gob.mx/Acceso/DatosAbiertos/DocumentosPublicos/000008/SINL-CPE-010-2019/05. Ejecución/Certificado de terminación (informe de conclusión).pdf","datePublished":"2020-03-21T18:03:06.143-06:00","dateModified":"0001-01-01T00:00:00-06:00","format":"application/pdf","language":"es","x_section":"implementarion"},{"id":"947","documentType":"Convenios modificatorios","title":"Convenios modificatorios","description":"Convenios modificatorios","url":"http://si.nl.gob.mx/Acceso/DatosAbiertos/DocumentosPublicos/000008/SINL-CPE-010-2019/05. Ejecución/Convenios modificatorios.pdf","datePublished":"2020-03-21T18:03:06.157-06:00","dateModified":"0001-01-01T00:00:00-06:00","format":"application/pdf","language":"es","x_section":"implementarion"},{"id":"949","documentType":"Informe ejecutivo de la ejecución del contrato (Reportes)","title":"Informe ejecutivo de la ejecución del contrato (Reportes)","description":"Informe ejecutivo de la ejecución del contrato (Reportes)","url":"http://si.nl.gob.mx/Acceso/DatosAbiertos/DocumentosPublicos/000008/SINL-CPE-010-2019/05. Ejecución/Informe ejecutivo de la ejecución del contrato (Reportes).pdf","datePublished":"2020-03-21T18:03:06.18-06:00","dateModified":"0001-01-01T00:00:00-06:00","format":"application/pdf","language":"es","x_section":"implementarion"},{"id":"950","documentType":"Informe ejecutivo de la ejecución del contrato (Reportes)","title":"Informe ejecutivo de la ejecución del contrato (Reportes)","description":"Informe ejecutivo de la ejecución del contrato (Reportes)","url":"http://si.nl.gob.mx/Acceso/DatosAbiertos/DocumentosPublicos/000008/SINL-CPE-010-2019/05. Ejecución/Informe ejecutivo de la ejecución del contrato (Reportes)_01.pdf","datePublished":"2020-03-21T18:03:06.2-06:00","dateModified":"0001-01-01T00:00:00-06:00","format":"application/pdf","language":"es","x_section":"implementarion"},{"id":"951","documentType":"Informe ejecutivo de la ejecución del contrato (Reportes)","title":"Informe ejecutivo de la ejecución del contrato (Reportes)","description":"Informe ejecutivo de la ejecución del contrato (Reportes)","url":"http://si.nl.gob.mx/Acceso/DatosAbiertos/DocumentosPublicos/000008/SINL-CPE-010-2019/05. Ejecución/Informe ejecutivo de la ejecución del contrato (Reportes)_02.pdf","datePublished":"2020-03-21T18:03:06.217-06:00","dateModified":"0001-01-01T00:00:00-06:00","format":"application/pdf","language":"es","x_section":"implementarion"},{"id":"952","documentType":"Lista de escalada de aprobaciones","title":"Lista de escalada de aprobaciones","description":"Lista de escalada de aprobaciones","url":"http://si.nl.gob.mx/Acceso/DatosAbiertos/DocumentosPublicos/000008/SINL-CPE-010-2019/05. Ejecución/Lista de escalada de aprobaciones.pdf","datePublished":"2020-03-21T18:03:06.24-06:00","dateModified":"0001-01-01T00:00:00-06:00","format":"application/pdf","language":"es","x_section":"implementarion"},{"id":"953","documentType":"Reportes de calidad","title":"Reportes de calidad","description":"Reportes de calidad","url":"http://si.nl.gob.mx/Acceso/DatosAbiertos/DocumentosPublicos/000008/SINL-CPE-010-2019/05. Ejecución/Reportes de calidad.pdf","datePublished":"2020-03-21T18:03:06.26-06:00","dateModified":"0001-01-01T00:00:00-06:00","format":"application/pdf","language":"es","x_section":"implementarion"},{"id":"954","documentType":"Reportes de supervisión","title":"Reportes de supervisión","description":"Reportes de supervisión","url":"http://si.nl.gob.mx/Acceso/DatosAbiertos/DocumentosPublicos/000008/SINL-CPE-010-2019/05. Ejecución/Reportes de supervisión.pdf","datePublished":"2020-03-21T18:03:06.277-06:00","dateModified":"0001-01-01T00:00:00-06:00","format":"application/pdf","language":"es","x_section":"implementarion"},{"id":"1033","documentType":"Reportes de calidad","title":"Reportes de calidad","description":"Reportes de calidad","datePublished":"0001-01-01T00:00:00-06:00","dateModified":"0001-01-01T00:00:00-06:00","format":"ND","language":"es","x_section":"implementarion"}],"implementation":{"transactions":[{"id":"EST-2019-08-345","date":"2019-08-08T12:27:26-05:00","value":{"amount":1208729.99,"currency":"MXN"},"payer":{"name":"SFYTGE","id":"RFC-GEN620601DTA"},"payee":{"name":"SERVICIOS PRIMARIOS GUERRA, S.A. DE C.V.","id":"SPG020520HJA"}},{"id":"EST-2019-09-476","date":"2019-09-20T16:21:27-05:00","value":{"amount":618323.0,"currency":"MXN"},"payer":{"name":"SFYTGE","id":"RFC-GEN620601DTA"},"payee":{"name":"SERVICIOS PRIMARIOS GUERRA, S.A. DE C.V.","id":"SPG020520HJA"}},{"id":"EST-2019-11-607","date":"2019-11-05T12:46:46-06:00","value":{"amount":116064.09,"currency":"MXN"},"payer":{"name":"SFYTGE","id":"RFC-GEN620601DTA"},"payee":{"name":"SERVICIOS PRIMARIOS GUERRA, S.A. DE C.V.","id":"SPG020520HJA"}},{"id":"EST-2019-12-763","date":"2019-12-11T09:50:50-06:00","value":{"amount":172283.56,"currency":"MXN"},"payer":{"name":"SFYTGE","id":"RFC-GEN620601DTA"},"payee":{"name":"SERVICIOS PRIMARIOS GUERRA, S.A. DE C.V.","id":"SPG020520HJA"}},{"id":"EST-2019-11-599","date":"2019-11-01T14:28:48-06:00","value":{"amount":1913699.3,"currency":"MXN"},"payer":{"name":"SFYTGE","id":"RFC-GEN620601DTA"},"payee":{"name":"SERVICIOS PRIMARIOS GUERRA, S.A. DE C.V.","id":"SPG020520HJA"}}],"documents":[]},"milestones":[]}],"language":"es"}}]}