{"uri":"http://si.nl.gob.mx/Acceso/DatosAbiertos/000004/LO-919009986-N5-2015/v001/RecordPackage-ocds-7wj9x5-LO-919009986-N5-2015-v001-contract.json","publisher":{"scheme":"GB-COH","uid":"","name":"Secretaría de Infraestructura del Estado de Nuevo León","uri":"http://si.nl.gob.mx"},"publishedDate":"2020-03-24T21:21:20.8022182-06:00","license":"https://datos.gob.mx/libreusomx","publicationPolicy":"http://si.nl.gob.mx","version":"1.1","packages":["https://raw.githubusercontent.com/INAImexico/ocds_requestForQuotes_extension/master/extension.json"],"records":[{"ocid":"ocds-7wj9x5-LO-919009986-N5-2015001","releases":[{"url":"http://si.nl.gob.mx/Acceso/DatosAbiertos/000004/LO-919009986-N5-2015/v001/Release-ocds-7wj9x5-LO-919009986-N5-2015-v001-contract.json","date":"2020-03-24T21:21:20.427-06:00","tag":["tender"]}],"compiledRelease":{"ocid":"ocds-7wj9x5-LO-919009986-N5-2015-v001","id":"ocds-7wj9x5-LO-919009986-N5-2015-v001-contract","date":"2020-03-24T21:21:20.4245553-06:00","tag":["planning","tender","award","contract"],"initiationType":"tender","parties":[{"name":"Secretaría de Salud","id":"SIASI-000009","identifier":{"scheme":"SIASI","legalName":"SISTEMA INTEGRAL DE ADMINISTRACIÓN DE LA SECRETARÍA DE INFRAESTRUCTURA"},"address":{"streetAddress":"Washington","locality":"Monterrey","region":"Nuevo León","postalCode":"64010","countryName":"México"},"contactPoint":{"name":"Jesús Salvador Pérez Rodríguez","email":"salvador.perez @nuevoleon.gob.mx","telephone":"8120206730","url":"http://www.nl.gob.mx/dependencias"},"roles":["buyer"]},{"name":"SECRETARIA DE INFRAESTRUCTURA","id":"SIASI-000011","identifier":{"scheme":"SIASI","legalName":"SISTEMA INTEGRAL DE ADMINISTRACIÓN DE LA SECRETARÍA DE INFRAESTRUCTURA"},"address":{"streetAddress":"WASHIGTON 648 OTE","locality":"MONTERREY","region":"NUEVO LEÓN","postalCode":"64000","countryName":"MÉXICO"},"contactPoint":{"name":"HUMBERTO TORRES PADILLA","email":"salvador.perez @nuevoleon.gob.mx","telephone":"8120206730","url":"http://si.nl.gob.mx/"},"roles":["procuringEntity"]},{"name":"SECRETARIA DE FINANZAS Y TESORERIA GENERAL DEL ESTADO DE NUEVO LEON","id":"SIASI-000004","identifier":{"scheme":"SIASI","legalName":"SISTEMA INTEGRAL DE ADMINISTRACIÓN DE LA SECRETARÍA DE INFRAESTRUCTURA"},"address":{"streetAddress":"ESCOBEDO SUR PISO 3 333","locality":"MONTERREY","region":"NUEVO LEÓN","postalCode":"64000","countryName":"MÉXICO"},"contactPoint":{"name":"Jesús Salvador Pérez Rodríguez","email":"salvador.perez @nuevoleon.gob.mx","telephone":"8120206730","url":"http://www.nl.gob.mx/tesoreria"},"roles":["payer"]},{"name":"ARQUITECTURA CONSTRUCTIVA SAENZ SA DE CV Y MANUFACTURERA ALEAR SA DE CV PROPUESTA CONJUNTA","id":"RFC-SIN DATO-C5CF6ED2-184E-461C-A8B1-4A36C0B5D463","identifier":{"scheme":"RFC","id":"SIN DATO-C5CF6ED2-184E-461C-A8B1-4A36C0B5D463","legalName":"REGISTRO FEDERAL DE CONTRIBUYENTES"},"address":{"locality":"SAN PEDRO","postalCode":"66267"},"contactPoint":{"telephone":"8114777464"},"roles":["tenderer","supplier"]}],"buyer":{"id":"SIASI-000009","name":"Secretaría de Salud"},"planning":{"rationale":"246 mil 549 Habitantes","numberOfBeneficiaries":0,"budget":{"id":"","amount":{"amount":0.0,"currency":"MXN"},"project":"Construcción de Tercera Etapa para el Proyecto de Infraestructura Social para la Sustitución por Obra Nueva del Hospital General de Montemorelos "}},"tender":{"id":"LO-919009986-N5-2015","title":"Construcción de Tercera Etapa para el Proyecto de Infraestructura Social para la Sustitución por Obra Nueva del Hospital General de Montemorelos ","description":"Construcción de Tercera Etapa para el Proyecto de Infraestructura Social para la Sustitución por Obra Nueva del Hospital General de Montemorelos ","status":"complete","procuringEntity":{"name":"SECRETARIA DE INFRAESTRUCTURA","id":"SIASI-000011"},"value":{"amount":0.0,"currency":"MXN"},"minValue":{"amount":0.0,"currency":"MXN"},"procurementMethod":"open","procurementMethodDetails":"Licitación Federal","procurementMethodRationale":"Justificación para el método de compra elegido","mainProcurementCategory":"goods","additionalProcurementCategories":["ND"],"awardCriteria":"priceOnly","awardCriteriaDetails":"Para la adjudicación del contrato LA DEPENDENCIA efectuará un análisis comparativo de las propuestas admitidas que no fueron desechadas en el aspecto legal, técnico o económico y elaborará un dictamen en el que se tomaran en cuenta los criterios generales de adjudicación expresados en la Convocatoria.","submissionMethod":["inPerson"],"submissionMethodDetails":"El representante del licitante deberá presentar en persona su oferta escrita en sobre cerrado","tenderPeriod":{"startDate":"2015-03-10T00:00:00-06:00","endDate":"2015-03-26T00:00:00-06:00","maxExtentDate":"2015-03-26T00:00:00-06:00","durationInDays":16},"enquiryPeriod":{"startDate":"2015-03-10T00:00:00-06:00","endDate":"2015-03-17T00:00:00-06:00","maxExtentDate":"2015-03-17T00:00:00-06:00","durationInDays":7},"hasEnquiries":true,"eligibilityCriteria":"El criterio establecido por el artículo 38 de la Ley de obras públicas y servicios relacionados con las mismas","awardPeriod":{"startDate":"2015-03-26T00:00:00-06:00","endDate":"2015-04-30T00:00:00-05:00","maxExtentDate":"2015-05-30T00:00:00-05:00","durationInDays":35},"contractPeriod":{"startDate":"2015-04-30T00:00:00-05:00","endDate":"2015-05-06T00:00:00-05:00","maxExtentDate":"2015-05-13T00:00:00-05:00","durationInDays":6},"numberOfTenderers":1,"tenderers":[{"name":"ARQUITECTURA CONSTRUCTIVA SAENZ SA DE CV Y MANUFACTURERA ALEAR SA DE CV PROPUESTA CONJUNTA","id":"RFC-SIN DATO-9E0F4DA3-6A8C-408D-BA88-9382DD2FA3A1"}],"milestones":[{"id":"LO-919009986-N5-2015-16292","title":"PRE BASES","type":"preProcurement","description":"PRE BASES","code":"PRE BASES","dueDate":"2020-03-17T14:00:00-06:00","dateMet":"2020-03-17T14:00:00-06:00","dateModified":"2020-03-17T14:00:00-06:00","status":"met"},{"id":"LO-919009986-N5-2015-16293","title":"CONVOCATORIA","type":"preProcurement","description":"CONVOCATORIA","code":"CONVOCATORIA","dueDate":"2020-03-17T08:00:00-06:00","dateMet":"2020-03-17T08:00:00-06:00","dateModified":"2020-03-17T08:00:00-06:00","status":"met"},{"id":"LO-919009986-N5-2015-16294","title":"VISITA A LA OBRA","type":"preProcurement","description":"VISITA A LA OBRA","code":"VISITA A LA OBRA","dueDate":"2020-03-17T09:00:00-06:00","dateMet":"2020-03-17T09:00:00-06:00","dateModified":"2020-03-17T09:00:00-06:00","status":"met"},{"id":"LO-919009986-N5-2015-16295","title":"JUNTA DE ACLARACIONES","type":"preProcurement","description":"JUNTA DE ACLARACIONES","code":"JUNTA DE ACLARACIONES","dueDate":"2020-03-17T14:00:00-06:00","dateMet":"2020-03-17T14:00:00-06:00","dateModified":"2020-03-17T14:00:00-06:00","status":"met"},{"id":"LO-919009986-N5-2015-16296","title":"APERTURA","type":"assessment","description":"APERTURA","code":"APERTURA","dueDate":"2020-03-17T10:00:00-06:00","dateMet":"2020-03-17T10:00:00-06:00","dateModified":"2020-03-17T10:00:00-06:00","status":"met"},{"id":"LO-919009986-N5-2015-16299","title":"FALLO","type":"engagement","description":"FALLO","code":"FALLO","dueDate":"2020-03-17T16:00:00-06:00","dateMet":"2020-03-17T16:00:00-06:00","dateModified":"2020-03-17T16:00:00-06:00","status":"met"},{"id":"LO-919009986-N5-2015-16300","title":"FIRMA DEL CONTRATO","type":"approval","description":"FIRMA DEL CONTRATO","code":"FIRMA DEL CONTRATO","dueDate":"2020-03-17T10:00:00-06:00","dateMet":"2020-03-17T10:00:00-06:00","dateModified":"2020-03-17T10:00:00-06:00","status":"met"}]},"awards":[{"id":"LO-919009986-N5-2015","title":"Construcción de Tercera Etapa para el Proyecto de Infraestructura Social para la Sustitución por Obra Nueva del Hospital General de Montemorelos ","description":"Construcción de Tercera Etapa para el Proyecto de Infraestructura Social para la Sustitución por Obra Nueva del Hospital General de Montemorelos ","status":"active","date":"2015-04-30T00:00:00-05:00","value":{"amount":149900918.5,"currency":"MXN"},"suppliers":[{"id":"RFC-SIN DATO-01116D7E-2F70-4F52-BDFB-AB53D7AF29AE","name":"ARQUITECTURA CONSTRUCTIVA SAENZ SA DE CV Y MANUFACTURERA ALEAR SA DE CV PROPUESTA CONJUNTA"}],"contractPeriod":{"startDate":"2020-03-17T00:00:00-06:00","endDate":"2020-03-17T00:00:00-06:00","maxExtentDate":"0001-01-01T00:00:00","durationInDays":0}}],"contracts":[{"id":"1505001","awardID":"LO-919009986-N5-2015","title":"Construcción de Tercera Etapa para el Proyecto de Infraestructura Social para la Sustitución por Obra Nueva del Hospital General de Montemorelos ","description":"Construcción de Tercera Etapa para el Proyecto de Infraestructura Social para la Sustitución por Obra Nueva del Hospital General de Montemorelos ","status":"terminated","x_financial_advance":100.0,"x_physical_advance":100.0,"period":{"startDate":"2020-03-17T00:00:00-06:00","endDate":"2020-03-17T00:00:00-06:00","maxExtentDate":"0001-01-01T00:00:00-06:00","durationInDays":0},"value":{"amount":68624990.16,"currency":"MXN"},"x_estimatedPhysicalProgress":100.0,"x_observedPhysicalProgress":100.0,"items":[{"id":"000003911","description":"001 ESTRUCTURA","classification":{"scheme":"UNCEFACT","id":"000003911","description":"Catálogo de Conceptos Universal de la Secretaría de Infraestructura del Estado de Nuevo León","uri":"http://si.nl.gob.mx/CatalogoDeConceptosUniversal"},"quantity":1.0,"unit":{"scheme":"SINL-CU","id":"000000221","name":"LOTE","value":{"amount":2799381.398,"currency":"MXN"},"uri":"http://si.nl.gob.mx/CatalogoUnidades"}},{"id":"000006502","description":"002 ALBAÑILERIA","classification":{"scheme":"UNCEFACT","id":"000006502","description":"Catálogo de Conceptos Universal de la Secretaría de Infraestructura del Estado de Nuevo León","uri":"http://si.nl.gob.mx/CatalogoDeConceptosUniversal"},"quantity":1.0,"unit":{"scheme":"SINL-CU","id":"000000221","name":"LOTE","value":{"amount":4802214.5227,"currency":"MXN"},"uri":"http://si.nl.gob.mx/CatalogoUnidades"}},{"id":"000004894","description":"003 INSTALACION ELECTRICA","classification":{"scheme":"UNCEFACT","id":"000004894","description":"Catálogo de Conceptos Universal de la Secretaría de Infraestructura del Estado de Nuevo León","uri":"http://si.nl.gob.mx/CatalogoDeConceptosUniversal"},"quantity":1.0,"unit":{"scheme":"SINL-CU","id":"000000221","name":"LOTE","value":{"amount":110412968.786,"currency":"MXN"},"uri":"http://si.nl.gob.mx/CatalogoUnidades"}},{"id":"000008136","description":"004 INSTALACIONES HIDRÁULICAS","classification":{"scheme":"UNCEFACT","id":"000008136","description":"Catálogo de Conceptos Universal de la Secretaría de Infraestructura del Estado de Nuevo León","uri":"http://si.nl.gob.mx/CatalogoDeConceptosUniversal"},"quantity":1.0,"unit":{"scheme":"SINL-CU","id":"000000221","name":"LOTE","value":{"amount":4439732.96,"currency":"MXN"},"uri":"http://si.nl.gob.mx/CatalogoUnidades"}},{"id":"000005597","description":"004.900 SISTEMA CONTRA INCENDIO","classification":{"scheme":"UNCEFACT","id":"000005597","description":"Catálogo de Conceptos Universal de la Secretaría de Infraestructura del Estado de Nuevo León","uri":"http://si.nl.gob.mx/CatalogoDeConceptosUniversal"},"quantity":1.0,"unit":{"scheme":"SINL-CU","id":"000000221","name":"LOTE","value":{"amount":1794691.07,"currency":"MXN"},"uri":"http://si.nl.gob.mx/CatalogoUnidades"}},{"id":"000004366","description":"005 INSTALACIONES SANITARIAS","classification":{"scheme":"UNCEFACT","id":"000004366","description":"Catálogo de Conceptos Universal de la Secretaría de Infraestructura del Estado de Nuevo León","uri":"http://si.nl.gob.mx/CatalogoDeConceptosUniversal"},"quantity":1.0,"unit":{"scheme":"SINL-CU","id":"000000221","name":"LOTE","value":{"amount":9539502.7,"currency":"MXN"},"uri":"http://si.nl.gob.mx/CatalogoUnidades"}},{"id":"000000347","description":"006 GASES MEDICINALES - ACCESORIOS","classification":{"scheme":"UNCEFACT","id":"000000347","description":"Catálogo de Conceptos Universal de la Secretaría de Infraestructura del Estado de Nuevo León","uri":"http://si.nl.gob.mx/CatalogoDeConceptosUniversal"},"quantity":1.0,"unit":{"scheme":"SINL-CU","id":"000000221","name":"LOTE","value":{"amount":5067056.32,"currency":"MXN"},"uri":"http://si.nl.gob.mx/CatalogoUnidades"}},{"id":"000003680","description":"006.700 EQUIPOS","classification":{"scheme":"UNCEFACT","id":"000003680","description":"Catálogo de Conceptos Universal de la Secretaría de Infraestructura del Estado de Nuevo León","uri":"http://si.nl.gob.mx/CatalogoDeConceptosUniversal"},"quantity":1.0,"unit":{"scheme":"SINL-CU","id":"000000221","name":"LOTE","value":{"amount":3123859.67,"currency":"MXN"},"uri":"http://si.nl.gob.mx/CatalogoUnidades"}},{"id":"000001356","description":"007 CANCELERÍA","classification":{"scheme":"UNCEFACT","id":"000001356","description":"Catálogo de Conceptos Universal de la Secretaría de Infraestructura del Estado de Nuevo León","uri":"http://si.nl.gob.mx/CatalogoDeConceptosUniversal"},"quantity":1.0,"unit":{"scheme":"SINL-CU","id":"000000221","name":"LOTE","value":{"amount":3576081.86,"currency":"MXN"},"uri":"http://si.nl.gob.mx/CatalogoUnidades"}},{"id":"000001295","description":"008 HERRERÍA","classification":{"scheme":"UNCEFACT","id":"000001295","description":"Catálogo de Conceptos Universal de la Secretaría de Infraestructura del Estado de Nuevo León","uri":"http://si.nl.gob.mx/CatalogoDeConceptosUniversal"},"quantity":1.0,"unit":{"scheme":"SINL-CU","id":"000000221","name":"LOTE","value":{"amount":14164333.27,"currency":"MXN"},"uri":"http://si.nl.gob.mx/CatalogoUnidades"}},{"id":"000002793","description":"009 ACABADOS","classification":{"scheme":"UNCEFACT","id":"000002793","description":"Catálogo de Conceptos Universal de la Secretaría de Infraestructura del Estado de Nuevo León","uri":"http://si.nl.gob.mx/CatalogoDeConceptosUniversal"},"quantity":1.0,"unit":{"scheme":"SINL-CU","id":"000000221","name":"LOTE","value":{"amount":34172321.166,"currency":"MXN"},"uri":"http://si.nl.gob.mx/CatalogoUnidades"}},{"id":"000002759","description":"010 INSTALACIONES ESPECIALES (VOZ Y DATOS)","classification":{"scheme":"UNCEFACT","id":"000002759","description":"Catálogo de Conceptos Universal de la Secretaría de Infraestructura del Estado de Nuevo León","uri":"http://si.nl.gob.mx/CatalogoDeConceptosUniversal"},"quantity":1.0,"unit":{"scheme":"SINL-CU","id":"000000221","name":"LOTE","value":{"amount":5496163.2638,"currency":"MXN"},"uri":"http://si.nl.gob.mx/CatalogoUnidades"}},{"id":"000000701","description":"011 ELEVADORES","classification":{"scheme":"UNCEFACT","id":"000000701","description":"Catálogo de Conceptos Universal de la Secretaría de Infraestructura del Estado de Nuevo León","uri":"http://si.nl.gob.mx/CatalogoDeConceptosUniversal"},"quantity":1.0,"unit":{"scheme":"SINL-CU","id":"000000221","name":"LOTE","value":{"amount":3285604.4,"currency":"MXN"},"uri":"http://si.nl.gob.mx/CatalogoUnidades"}},{"id":"000005817","description":"012 OBRA EXTERIOR","classification":{"scheme":"UNCEFACT","id":"000005817","description":"Catálogo de Conceptos Universal de la Secretaría de Infraestructura del Estado de Nuevo León","uri":"http://si.nl.gob.mx/CatalogoDeConceptosUniversal"},"quantity":1.0,"unit":{"scheme":"SINL-CU","id":"000000221","name":"LOTE","value":{"amount":3250310.195,"currency":"MXN"},"uri":"http://si.nl.gob.mx/CatalogoUnidades"}},{"id":"000006420","description":"013 AIRE ACONDICIONADO","classification":{"scheme":"UNCEFACT","id":"000006420","description":"Catálogo de Conceptos Universal de la Secretaría de Infraestructura del Estado de Nuevo León","uri":"http://si.nl.gob.mx/CatalogoDeConceptosUniversal"},"quantity":1.0,"unit":{"scheme":"SINL-CU","id":"000000221","name":"LOTE","value":{"amount":31874413.56,"currency":"MXN"},"uri":"http://si.nl.gob.mx/CatalogoUnidades"}},{"id":"000003846","description":"015 HELIPUERTO","classification":{"scheme":"UNCEFACT","id":"000003846","description":"Catálogo de Conceptos Universal de la Secretaría de Infraestructura del Estado de Nuevo León","uri":"http://si.nl.gob.mx/CatalogoDeConceptosUniversal"},"quantity":1.0,"unit":{"scheme":"SINL-CU","id":"000000221","name":"LOTE","value":{"amount":460918.5,"currency":"MXN"},"uri":"http://si.nl.gob.mx/CatalogoUnidades"}},{"id":"000004187","description":"018 OSMOSIS INVERSA Y SUAVIZADORES","classification":{"scheme":"UNCEFACT","id":"000004187","description":"Catálogo de Conceptos Universal de la Secretaría de Infraestructura del Estado de Nuevo León","uri":"http://si.nl.gob.mx/CatalogoDeConceptosUniversal"},"quantity":1.0,"unit":{"scheme":"SINL-CU","id":"000000221","name":"LOTE","value":{"amount":138915.78,"currency":"MXN"},"uri":"http://si.nl.gob.mx/CatalogoUnidades"}},{"id":"000004418","description":"019 CONTROL INTELIGENTE PARA AIRE ACONDICIONADO","classification":{"scheme":"UNCEFACT","id":"000004418","description":"Catálogo de Conceptos Universal de la Secretaría de Infraestructura del Estado de Nuevo León","uri":"http://si.nl.gob.mx/CatalogoDeConceptosUniversal"},"quantity":1.0,"unit":{"scheme":"SINL-CU","id":"000000221","name":"LOTE","value":{"amount":1964834.18,"currency":"MXN"},"uri":"http://si.nl.gob.mx/CatalogoUnidades"}},{"id":"000003910","description":"EXTRAS 002","classification":{"scheme":"UNCEFACT","id":"000003910","description":"Catálogo de Conceptos Universal de la Secretaría de Infraestructura del Estado de Nuevo León","uri":"http://si.nl.gob.mx/CatalogoDeConceptosUniversal"},"quantity":1.0,"unit":{"scheme":"SINL-CU","id":"000000221","name":"LOTE","value":{"amount":38370698.6865,"currency":"MXN"},"uri":"http://si.nl.gob.mx/CatalogoUnidades"}}],"dateSigned":"2020-03-17T00:00:00-06:00","documents":[{"id":"991","documentType":"Finiquito del contrato","title":"Finiquito del contrato","description":"Finiquito del contrato","datePublished":"0001-01-01T00:00:00-06:00","dateModified":"0001-01-01T00:00:00-06:00","format":"ND","language":"es","x_section":"contract"},{"id":"994","documentType":"Finiquito del contrato","title":"Finiquito del contrato","description":"Finiquito del contrato","datePublished":"0001-01-01T00:00:00-06:00","dateModified":"0001-01-01T00:00:00-06:00","format":"ND","language":"es","x_section":"contract"},{"id":"992","documentType":"Reportes de calidad","title":"Reportes de calidad","description":"Reportes de calidad","datePublished":"0001-01-01T00:00:00-06:00","dateModified":"0001-01-01T00:00:00-06:00","format":"ND","language":"es","x_section":"implementarion"},{"id":"993","documentType":"Certificado de terminación (informe de conclusión)","title":"Certificado de terminación (informe de conclusión)","description":"Certificado de terminación (informe de conclusión)","datePublished":"0001-01-01T00:00:00-06:00","dateModified":"0001-01-01T00:00:00-06:00","format":"ND","language":"es","x_section":"implementarion"}],"implementation":{"transactions":[{"id":"EST-2015-05-718","date":"2015-05-14T13:56:17-05:00","value":{"amount":44970275.55,"currency":"MXN"},"payer":{"name":"SFYTGE","id":"RFC-GEN620601DTA"},"payee":{"name":"ARQUITECTURA CONSTRUCTIVA SAENZ SA DE CV Y MANUFACTURERA ALEAR SA DE CV PROPUESTA CONJUNTA","id":"SIN DATO-6DF57B26-7E8E-47FD-ADE1-DC61120D4BDC"}},{"id":"EST-2017-04-517","date":"2017-04-06T12:23:03-05:00","value":{"amount":1746454.39,"currency":"MXN"},"payer":{"name":"SFYTGE","id":"RFC-GEN620601DTA"},"payee":{"name":"ARQUITECTURA CONSTRUCTIVA SAENZ SA DE CV Y MANUFACTURERA ALEAR SA DE CV PROPUESTA CONJUNTA","id":"SIN DATO-50EF130D-554A-4882-A68E-97BF5024281A"}},{"id":"EST-2017-11-571","date":"2017-11-29T09:59:45-06:00","value":{"amount":147583.74,"currency":"MXN"},"payer":{"name":"SFYTGE","id":"RFC-GEN620601DTA"},"payee":{"name":"ARQUITECTURA CONSTRUCTIVA SAENZ SA DE CV Y MANUFACTURERA ALEAR SA DE CV PROPUESTA CONJUNTA","id":"SIN DATO-25A4834E-00AF-4F4A-8A4B-27E4E5B46013"}},{"id":"EST-2017-11-576","date":"2017-11-29T14:43:33-06:00","value":{"amount":9781095.3,"currency":"MXN"},"payer":{"name":"SFYTGE","id":"RFC-GEN620601DTA"},"payee":{"name":"ARQUITECTURA CONSTRUCTIVA SAENZ SA DE CV Y MANUFACTURERA ALEAR SA DE CV PROPUESTA CONJUNTA","id":"SIN DATO-CE7439F5-31AE-4FD9-9288-93C346754772"}},{"id":"EST-2017-06-674","date":"2017-06-02T09:18:35-05:00","value":{"amount":1434559.31,"currency":"MXN"},"payer":{"name":"SFYTGE","id":"RFC-GEN620601DTA"},"payee":{"name":"ARQUITECTURA CONSTRUCTIVA SAENZ SA DE CV Y MANUFACTURERA ALEAR SA DE CV PROPUESTA CONJUNTA","id":"SIN DATO-1CEF037D-B1FF-40B3-9BCC-BC57465EC839"}},{"id":"EST-2017-11-575","date":"2017-11-29T14:32:46-06:00","value":{"amount":130781.14,"currency":"MXN"},"payer":{"name":"SFYTGE","id":"RFC-GEN620601DTA"},"payee":{"name":"ARQUITECTURA CONSTRUCTIVA SAENZ SA DE CV Y MANUFACTURERA ALEAR SA DE CV PROPUESTA CONJUNTA","id":"SIN DATO-7106490C-8162-4C7D-8CE3-3E9CC06FA670"}},{"id":"EST-2017-11-577","date":"2017-11-29T14:52:43-06:00","value":{"amount":4205204.9,"currency":"MXN"},"payer":{"name":"SFYTGE","id":"RFC-GEN620601DTA"},"payee":{"name":"ARQUITECTURA CONSTRUCTIVA SAENZ SA DE CV Y MANUFACTURERA ALEAR SA DE CV PROPUESTA CONJUNTA","id":"SIN DATO-013B0A64-F878-48B0-905B-444F000B6681"}},{"id":"EST-2017-11-521","date":"2017-11-22T14:18:08-06:00","value":{"amount":3149594.65,"currency":"MXN"},"payer":{"name":"SFYTGE","id":"RFC-GEN620601DTA"},"payee":{"name":"ARQUITECTURA CONSTRUCTIVA SAENZ SA DE CV Y MANUFACTURERA ALEAR SA DE CV PROPUESTA CONJUNTA","id":"SIN DATO-C5F74519-9733-4014-8C8A-21FAAD7DDC72"}},{"id":"EST-2017-11-578","date":"2017-11-29T14:58:45-06:00","value":{"amount":1080365.23,"currency":"MXN"},"payer":{"name":"SFYTGE","id":"RFC-GEN620601DTA"},"payee":{"name":"ARQUITECTURA CONSTRUCTIVA SAENZ SA DE CV Y MANUFACTURERA ALEAR SA DE CV PROPUESTA CONJUNTA","id":"SIN DATO-A8658739-596C-48AE-9D19-318FB4A1F96F"}},{"id":"EST-2019-01-672","date":"2017-12-15T10:34:53-06:00","value":{"amount":0.0,"currency":"MXN"},"payer":{"name":"SFYTGE","id":"RFC-GEN620601DTA"},"payee":{"name":"ARQUITECTURA CONSTRUCTIVA SAENZ SA DE CV Y MANUFACTURERA ALEAR SA DE CV PROPUESTA CONJUNTA","id":"SIN DATO-BED86381-8F9F-4905-A735-DDFF115172BE"}},{"id":"EST-2017-11-572","date":"2017-11-29T12:42:49-06:00","value":{"amount":857015.48,"currency":"MXN"},"payer":{"name":"SFYTGE","id":"RFC-GEN620601DTA"},"payee":{"name":"ARQUITECTURA CONSTRUCTIVA SAENZ SA DE CV Y MANUFACTURERA ALEAR SA DE CV PROPUESTA CONJUNTA","id":"SIN DATO-237CF89A-5B14-4A19-A365-DFB856E2F4C8"}},{"id":"EST-2017-12-650","date":"2017-12-08T11:25:10-06:00","value":{"amount":97413.74,"currency":"MXN"},"payer":{"name":"SFYTGE","id":"RFC-GEN620601DTA"},"payee":{"name":"ARQUITECTURA CONSTRUCTIVA SAENZ SA DE CV Y MANUFACTURERA ALEAR SA DE CV PROPUESTA CONJUNTA","id":"SIN DATO-B5636614-75F1-4B83-9BAC-15DA66217F90"}},{"id":"EST-2017-11-574","date":"2017-11-29T13:58:36-06:00","value":{"amount":830538.9,"currency":"MXN"},"payer":{"name":"SFYTGE","id":"RFC-GEN620601DTA"},"payee":{"name":"ARQUITECTURA CONSTRUCTIVA SAENZ SA DE CV Y MANUFACTURERA ALEAR SA DE CV PROPUESTA CONJUNTA","id":"SIN DATO-25119D9A-2055-45C9-9C2E-866569F1A5F6"}},{"id":"EST-2017-12-654","date":"2017-12-08T12:43:53-06:00","value":{"amount":3720.12,"currency":"MXN"},"payer":{"name":"SFYTGE","id":"RFC-GEN620601DTA"},"payee":{"name":"ARQUITECTURA CONSTRUCTIVA SAENZ SA DE CV Y MANUFACTURERA ALEAR SA DE CV PROPUESTA CONJUNTA","id":"SIN DATO-4CEF2E8A-FC82-45E0-9E1F-A472B8984EA7"}},{"id":"EST-2017-12-647","date":"2017-12-08T10:41:08-06:00","value":{"amount":80739.26,"currency":"MXN"},"payer":{"name":"SFYTGE","id":"RFC-GEN620601DTA"},"payee":{"name":"ARQUITECTURA CONSTRUCTIVA SAENZ SA DE CV Y MANUFACTURERA ALEAR SA DE CV PROPUESTA CONJUNTA","id":"SIN DATO-33B09B75-724E-4645-BA05-BC8F8F7D4F18"}},{"id":"EST-2019-01-667","date":"2017-12-15T10:55:55-06:00","value":{"amount":0.0,"currency":"MXN"},"payer":{"name":"SFYTGE","id":"RFC-GEN620601DTA"},"payee":{"name":"ARQUITECTURA CONSTRUCTIVA SAENZ SA DE CV Y MANUFACTURERA ALEAR SA DE CV PROPUESTA CONJUNTA","id":"SIN DATO-C581EE83-6331-420D-9380-110AC511C90A"}},{"id":"EST-2017-12-652","date":"2017-12-08T11:52:55-06:00","value":{"amount":70386.94,"currency":"MXN"},"payer":{"name":"SFYTGE","id":"RFC-GEN620601DTA"},"payee":{"name":"ARQUITECTURA CONSTRUCTIVA SAENZ SA DE CV Y MANUFACTURERA ALEAR SA DE CV PROPUESTA CONJUNTA","id":"SIN DATO-4F978C57-BDE0-4C2C-B817-9F4975E238E2"}},{"id":"EST-2019-01-670","date":"2017-12-15T09:50:55-06:00","value":{"amount":0.0,"currency":"MXN"},"payer":{"name":"SFYTGE","id":"RFC-GEN620601DTA"},"payee":{"name":"ARQUITECTURA CONSTRUCTIVA SAENZ SA DE CV Y MANUFACTURERA ALEAR SA DE CV PROPUESTA CONJUNTA","id":"SIN DATO-746671CE-2998-42C2-BC3B-CBEE5A0C6AA6"}},{"id":"EST-2017-12-653","date":"2017-12-08T12:24:39-06:00","value":{"amount":39261.26,"currency":"MXN"},"payer":{"name":"SFYTGE","id":"RFC-GEN620601DTA"},"payee":{"name":"ARQUITECTURA CONSTRUCTIVA SAENZ SA DE CV Y MANUFACTURERA ALEAR SA DE CV PROPUESTA CONJUNTA","id":"SIN DATO-3F029845-2D00-4445-ACD2-A0EE7B056C73"}},{"id":"EST-2019-01-666","date":"2017-12-15T10:32:01-06:00","value":{"amount":-1087268.58,"currency":"MXN"},"payer":{"name":"SFYTGE","id":"RFC-GEN620601DTA"},"payee":{"name":"ARQUITECTURA CONSTRUCTIVA SAENZ SA DE CV Y MANUFACTURERA ALEAR SA DE CV PROPUESTA CONJUNTA","id":"SIN DATO-A79ED754-67B1-47A1-A620-65B74D6E6102"}},{"id":"EST-2019-01-668","date":"2017-12-15T12:17:01-06:00","value":{"amount":-6986657.65,"currency":"MXN"},"payer":{"name":"SFYTGE","id":"RFC-GEN620601DTA"},"payee":{"name":"ARQUITECTURA CONSTRUCTIVA SAENZ SA DE CV Y MANUFACTURERA ALEAR SA DE CV PROPUESTA CONJUNTA","id":"SIN DATO-70741695-AAB2-4CF9-A30F-147030FF8C8A"}},{"id":"EST-2019-01-669","date":"2017-12-15T12:37:53-06:00","value":{"amount":-4276843.72,"currency":"MXN"},"payer":{"name":"SFYTGE","id":"RFC-GEN620601DTA"},"payee":{"name":"ARQUITECTURA CONSTRUCTIVA SAENZ SA DE CV Y MANUFACTURERA ALEAR SA DE CV PROPUESTA CONJUNTA","id":"SIN DATO-CF42019F-1E88-4B61-B4D0-142DC98B1801"}},{"id":"EST-2019-01-671","date":"2017-12-15T10:20:57-06:00","value":{"amount":-390766.3,"currency":"MXN"},"payer":{"name":"SFYTGE","id":"RFC-GEN620601DTA"},"payee":{"name":"ARQUITECTURA CONSTRUCTIVA SAENZ SA DE CV Y MANUFACTURERA ALEAR SA DE CV PROPUESTA CONJUNTA","id":"SIN DATO-B1FE93C8-13EF-4ADF-B0EE-C9C96F5EBCAE"}}],"documents":[]},"milestones":[]}],"language":"es"}}]}