{"uri":"http://si.nl.gob.mx/Acceso/DatosAbiertos/000004/LO-919009986-N14-2014/v001/RecordPackage-ocds-7wj9x5-LO-919009986-N14-2014-v001-contract.json","publisher":{"scheme":"GB-COH","uid":"","name":"Secretaría de Infraestructura del Estado de Nuevo León","uri":"http://si.nl.gob.mx"},"publishedDate":"2020-03-24T21:20:37.7955741-06:00","license":"https://datos.gob.mx/libreusomx","publicationPolicy":"http://si.nl.gob.mx","version":"1.1","packages":["https://raw.githubusercontent.com/INAImexico/ocds_requestForQuotes_extension/master/extension.json"],"records":[{"ocid":"ocds-7wj9x5-LO-919009986-N14-2014001","releases":[{"url":"http://si.nl.gob.mx/Acceso/DatosAbiertos/000004/LO-919009986-N14-2014/v001/Release-ocds-7wj9x5-LO-919009986-N14-2014-v001-contract.json","date":"2020-03-24T21:20:37.737-06:00","tag":["tender"]}],"compiledRelease":{"ocid":"ocds-7wj9x5-LO-919009986-N14-2014-v001","id":"ocds-7wj9x5-LO-919009986-N14-2014-v001-contract","date":"2020-03-24T21:20:37.7317451-06:00","tag":["planning","tender","award","contract"],"initiationType":"tender","parties":[{"name":"Secretaría de Salud","id":"SIASI-000009","identifier":{"scheme":"SIASI","legalName":"SISTEMA INTEGRAL DE ADMINISTRACIÓN DE LA SECRETARÍA DE INFRAESTRUCTURA"},"address":{"streetAddress":"Washington","locality":"Monterrey","region":"Nuevo León","postalCode":"64010","countryName":"México"},"contactPoint":{"name":"Jesús Salvador Pérez Rodríguez","email":"salvador.perez @nuevoleon.gob.mx","telephone":"8120206730","url":"http://www.nl.gob.mx/dependencias"},"roles":["buyer"]},{"name":"SECRETARIA DE INFRAESTRUCTURA","id":"SIASI-000011","identifier":{"scheme":"SIASI","legalName":"SISTEMA INTEGRAL DE ADMINISTRACIÓN DE LA SECRETARÍA DE INFRAESTRUCTURA"},"address":{"streetAddress":"WASHIGTON 648 OTE","locality":"MONTERREY","region":"NUEVO LEÓN","postalCode":"64000","countryName":"MÉXICO"},"contactPoint":{"name":"HUMBERTO TORRES PADILLA","email":"salvador.perez @nuevoleon.gob.mx","telephone":"8120206730","url":"http://si.nl.gob.mx/"},"roles":["procuringEntity"]},{"name":"SECRETARIA DE FINANZAS Y TESORERIA GENERAL DEL ESTADO DE NUEVO LEON","id":"SIASI-000004","identifier":{"scheme":"SIASI","legalName":"SISTEMA INTEGRAL DE ADMINISTRACIÓN DE LA SECRETARÍA DE INFRAESTRUCTURA"},"address":{"streetAddress":"ESCOBEDO SUR PISO 3 333","locality":"MONTERREY","region":"NUEVO LEÓN","postalCode":"64000","countryName":"MÉXICO"},"contactPoint":{"name":"Jesús Salvador Pérez Rodríguez","email":"salvador.perez @nuevoleon.gob.mx","telephone":"8120206730","url":"http://www.nl.gob.mx/tesoreria"},"roles":["payer"]},{"name":"ARQUITECTURA CONSTRUCTIVA SAENZ SA DE CV Y MANUFACTURERA ALEAR SA DE CV PROPUESTA CONJUNTA","id":"RFC-SIN DATO-A7F97353-01DE-417B-8721-99A1457C30CB","identifier":{"scheme":"RFC","id":"SIN DATO-A7F97353-01DE-417B-8721-99A1457C30CB","legalName":"REGISTRO FEDERAL DE CONTRIBUYENTES"},"address":{"locality":"SAN PEDRO","postalCode":"66267"},"contactPoint":{"telephone":"8114777464"},"roles":["tenderer","supplier"]}],"buyer":{"id":"SIASI-000009","name":"Secretaría de Salud"},"planning":{"rationale":"246 mil 549 Habitantes","numberOfBeneficiaries":0,"budget":{"id":"","amount":{"amount":0.0,"currency":"MXN"},"project":"Proyecto de Infraestructura Social para la Sustitución por Obra Nueva del Hospital General de Montemorelos "},"documents":[{"id":"729","documentType":"Contrato de supervisión","title":"Contrato de supervisión","description":"Contrato de supervisión","url":"http://si.nl.gob.mx/Acceso/DatosAbiertos/DocumentosPublicos/000004/LO-919009986-N14-2014/01. Planeación/Contrato de supervisión.pdf","datePublished":"2020-03-21T18:03:00.927-06:00","dateModified":"0001-01-01T00:00:00-06:00","format":"application/pdf","language":"es","x_section":"planning"},{"id":"730","documentType":"Proyecto ejecutivo","title":"Proyecto ejecutivo","description":"Proyecto ejecutivo","url":"http://si.nl.gob.mx/Acceso/DatosAbiertos/DocumentosPublicos/000004/LO-919009986-N14-2014/01. Planeación/Proyecto ejecutivo.rar","datePublished":"2020-03-21T18:03:00.943-06:00","dateModified":"0001-01-01T00:00:00-06:00","format":"application/vnd.rar","language":"es","x_section":"planning"}]},"tender":{"id":"LO-919009986-N14-2014","title":"Proyecto de Infraestructura Social para la Sustitución por Obra Nueva del Hospital General de Montemorelos ","description":"Proyecto de Infraestructura Social para la Sustitución por Obra Nueva del Hospital General de Montemorelos ","status":"complete","procuringEntity":{"name":"SECRETARIA DE INFRAESTRUCTURA","id":"SIASI-000011"},"value":{"amount":0.0,"currency":"MXN"},"minValue":{"amount":0.0,"currency":"MXN"},"procurementMethod":"open","procurementMethodDetails":"Licitación Federal","procurementMethodRationale":"Justificación para el método de compra elegido","mainProcurementCategory":"goods","additionalProcurementCategories":["ND"],"awardCriteria":"priceOnly","awardCriteriaDetails":"Para la adjudicación del contrato LA DEPENDENCIA efectuará un análisis comparativo de las propuestas admitidas que no fueron desechadas en el aspecto legal, técnico o económico y elaborará un dictamen en el que se tomaran en cuenta los criterios generales de adjudicación expresados en la Convocatoria.","submissionMethod":["inPerson"],"submissionMethodDetails":"El representante del licitante deberá presentar en persona su oferta escrita en sobre cerrado","tenderPeriod":{"startDate":"2014-04-15T00:00:00-05:00","endDate":"2014-04-30T00:00:00-05:00","maxExtentDate":"2014-04-30T00:00:00-05:00","durationInDays":15},"enquiryPeriod":{"startDate":"2014-04-15T00:00:00-05:00","endDate":"2014-04-22T00:00:00-05:00","maxExtentDate":"2014-04-22T00:00:00-05:00","durationInDays":7},"hasEnquiries":true,"eligibilityCriteria":"El criterio establecido por el artículo 38 de la Ley de obras públicas y servicios relacionados con las mismas","awardPeriod":{"startDate":"2014-04-30T00:00:00-05:00","endDate":"2014-05-06T00:00:00-05:00","maxExtentDate":"2014-06-05T00:00:00-05:00","durationInDays":6},"contractPeriod":{"startDate":"2014-05-06T00:00:00-05:00","endDate":"2014-05-09T00:00:00-05:00","maxExtentDate":"2014-05-16T00:00:00-05:00","durationInDays":3},"numberOfTenderers":1,"tenderers":[{"name":"ARQUITECTURA CONSTRUCTIVA SAENZ SA DE CV Y MANUFACTURERA ALEAR SA DE CV PROPUESTA CONJUNTA","id":"RFC-SIN DATO-1881BBC6-68CB-4A23-B5F0-41B1E220797A"}],"documents":[{"id":"731","documentType":"Acta de juntas de aclaraciones a las preguntas de los licitantes","title":"Acta de juntas de aclaraciones a las preguntas de los licitantes","description":"Acta de juntas de aclaraciones a las preguntas de los licitantes","url":"http://si.nl.gob.mx/Acceso/DatosAbiertos/DocumentosPublicos/000004/LO-919009986-N14-2014/02. Invitación/Acta de juntas de aclaraciones a las preguntas de los licitantes.pdf","datePublished":"2020-03-21T18:03:00.963-06:00","dateModified":"0001-01-01T00:00:00-06:00","format":"application/pdf","language":"es","x_section":"tender"},{"id":"732","documentType":"Acta de presentación y apertura de propuestas de licitaciones","title":"Acta de presentación y apertura de propuestas de licitaciones","description":"Acta de presentación y apertura de propuestas de licitaciones","url":"http://si.nl.gob.mx/Acceso/DatosAbiertos/DocumentosPublicos/000004/LO-919009986-N14-2014/02. Invitación/Acta de presentación y apertura de propuestas de licitaciones.pdf","datePublished":"2020-03-21T18:03:00.98-06:00","dateModified":"0001-01-01T00:00:00-06:00","format":"application/pdf","language":"es","x_section":"tender"},{"id":"733","documentType":"Anexos de Convocatoria","title":"Anexos de Convocatoria","description":"Anexos de Convocatoria","url":"http://si.nl.gob.mx/Acceso/DatosAbiertos/DocumentosPublicos/000004/LO-919009986-N14-2014/02. Invitación/Anexos de Convocatoria.rar","datePublished":"2020-03-21T18:03:00.993-06:00","dateModified":"0001-01-01T00:00:00-06:00","format":"application/vnd.rar","language":"es","x_section":"tender"},{"id":"734","documentType":"Convocatoria de licitaciones","title":"Convocatoria de licitaciones","description":"Convocatoria de licitaciones","url":"http://si.nl.gob.mx/Acceso/DatosAbiertos/DocumentosPublicos/000004/LO-919009986-N14-2014/02. Invitación/Convocatoria de licitaciones.pdf","datePublished":"2020-03-21T18:03:01.01-06:00","dateModified":"0001-01-01T00:00:00-06:00","format":"application/pdf","language":"es","x_section":"tender"},{"id":"735","documentType":"Registro de asistencia de la visita a las instalaciones","title":"Registro de asistencia de la visita a las instalaciones","description":"Registro de asistencia de la visita a las instalaciones","url":"http://si.nl.gob.mx/Acceso/DatosAbiertos/DocumentosPublicos/000004/LO-919009986-N14-2014/02. Invitación/Registro de asistencia de la visita a las instalaciones.pdf","datePublished":"2020-03-21T18:03:01.027-06:00","dateModified":"0001-01-01T00:00:00-06:00","format":"application/pdf","language":"es","x_section":"tender"},{"id":"736","documentType":"Resumen de convocatoria a la licitación pública","title":"Resumen de convocatoria a la licitación pública","description":"Resumen de convocatoria a la licitación pública","url":"http://si.nl.gob.mx/Acceso/DatosAbiertos/DocumentosPublicos/000004/LO-919009986-N14-2014/02. Invitación/Resumen de convocatoria a la licitación pública.pdf","datePublished":"2020-03-21T18:03:01.04-06:00","dateModified":"0001-01-01T00:00:00-06:00","format":"application/pdf","language":"es","x_section":"tender"}],"milestones":[{"id":"LO-919009986-N14-2014-16301","title":"PRE BASES","type":"preProcurement","description":"PRE BASES","code":"PRE BASES","dueDate":"2020-03-17T13:00:00-06:00","dateMet":"2020-03-17T13:00:00-06:00","dateModified":"2020-03-17T13:00:00-06:00","status":"met"},{"id":"LO-919009986-N14-2014-16302","title":"CONVOCATORIA","type":"preProcurement","description":"CONVOCATORIA","code":"CONVOCATORIA","dueDate":"2020-03-17T08:00:00-06:00","dateMet":"2020-03-17T08:00:00-06:00","dateModified":"2020-03-17T08:00:00-06:00","status":"met"},{"id":"LO-919009986-N14-2014-16303","title":"VISITA A LA OBRA","type":"preProcurement","description":"VISITA A LA OBRA","code":"VISITA A LA OBRA","dueDate":"2020-03-17T09:00:00-06:00","dateMet":"2020-03-17T09:00:00-06:00","dateModified":"2020-03-17T09:00:00-06:00","status":"met"},{"id":"LO-919009986-N14-2014-16304","title":"JUNTA DE ACLARACIONES","type":"preProcurement","description":"JUNTA DE ACLARACIONES","code":"JUNTA DE ACLARACIONES","dueDate":"2020-03-17T14:00:00-06:00","dateMet":"2020-03-17T14:00:00-06:00","dateModified":"2020-03-17T14:00:00-06:00","status":"met"},{"id":"LO-919009986-N14-2014-16305","title":"APERTURA","type":"assessment","description":"APERTURA","code":"APERTURA","dueDate":"2020-03-17T09:00:00-06:00","dateMet":"2020-03-17T09:00:00-06:00","dateModified":"2020-03-17T09:00:00-06:00","status":"met"},{"id":"LO-919009986-N14-2014-16308","title":"FALLO","type":"engagement","description":"FALLO","code":"FALLO","dueDate":"2020-03-17T13:00:00-06:00","dateMet":"2020-03-17T13:00:00-06:00","dateModified":"2020-03-17T13:00:00-06:00","status":"met"},{"id":"LO-919009986-N14-2014-16309","title":"FIRMA DEL CONTRATO","type":"approval","description":"FIRMA DEL CONTRATO","code":"FIRMA DEL CONTRATO","dueDate":"2020-03-17T10:00:00-06:00","dateMet":"2020-03-17T10:00:00-06:00","dateModified":"2020-03-17T10:00:00-06:00","status":"met"}]},"awards":[{"id":"LO-919009986-N14-2014","title":"Proyecto de Infraestructura Social para la Sustitución por Obra Nueva del Hospital General de Montemorelos ","description":"Proyecto de Infraestructura Social para la Sustitución por Obra Nueva del Hospital General de Montemorelos ","status":"active","date":"2014-05-06T00:00:00-05:00","value":{"amount":304890079.75,"currency":"MXN"},"suppliers":[{"id":"RFC-SIN DATO-D6F6F06D-DB68-4713-9C72-3A9726D9DE93","name":"ARQUITECTURA CONSTRUCTIVA SAENZ SA DE CV Y MANUFACTURERA ALEAR SA DE CV PROPUESTA CONJUNTA"}],"contractPeriod":{"startDate":"2020-03-17T00:00:00-06:00","endDate":"2020-03-17T00:00:00-06:00","maxExtentDate":"0001-01-01T00:00:00","durationInDays":0},"documents":[{"id":"737","documentType":"Fallo de licitaciones","title":"Fallo de licitaciones","description":"Fallo de licitaciones","url":"http://si.nl.gob.mx/Acceso/DatosAbiertos/DocumentosPublicos/000004/LO-919009986-N14-2014/03. Adjudicación/Fallo de licitaciones.pdf","datePublished":"2020-03-21T18:03:01.057-06:00","dateModified":"0001-01-01T00:00:00-06:00","format":"application/pdf","language":"es","x_section":"award"},{"id":"738","documentType":"Oferta Ganadora","title":"Oferta Ganadora","description":"Oferta Ganadora","url":"http://si.nl.gob.mx/Acceso/DatosAbiertos/DocumentosPublicos/000004/LO-919009986-N14-2014/03. Adjudicación/Oferta Ganadora.rar","datePublished":"2020-03-21T18:03:01.073-06:00","dateModified":"0001-01-01T00:00:00-06:00","format":"application/vnd.rar","language":"es","x_section":"award"},{"id":"739","documentType":"Resultado de las evaluaciones de la licitación","title":"Resultado de las evaluaciones de la licitación","description":"Resultado de las evaluaciones de la licitación","url":"http://si.nl.gob.mx/Acceso/DatosAbiertos/DocumentosPublicos/000004/LO-919009986-N14-2014/03. Adjudicación/Resultado de las evaluaciones de la licitación.pdf","datePublished":"2020-03-21T18:03:01.09-06:00","dateModified":"0001-01-01T00:00:00-06:00","format":"application/pdf","language":"es","x_section":"award"}]}],"contracts":[{"id":"1405006","awardID":"LO-919009986-N14-2014","title":"Proyecto de Infraestructura Social para la Sustitución por Obra Nueva del Hospital General de Montemorelos ","description":"Proyecto de Infraestructura Social para la Sustitución por Obra Nueva del Hospital General de Montemorelos ","status":"terminated","x_financial_advance":100.0,"x_physical_advance":100.0,"period":{"startDate":"2020-03-17T00:00:00-06:00","endDate":"2020-03-17T00:00:00-06:00","maxExtentDate":"0001-01-01T00:00:00-06:00","durationInDays":0},"value":{"amount":193123231.44,"currency":"MXN"},"x_estimatedPhysicalProgress":100.0,"x_observedPhysicalProgress":100.0,"items":[{"id":"000002056","description":"010 SUPERESTRUCTURA","classification":{"scheme":"UNCEFACT","id":"000002056","description":"Catálogo de Conceptos Universal de la Secretaría de Infraestructura del Estado de Nuevo León","uri":"http://si.nl.gob.mx/CatalogoDeConceptosUniversal"},"quantity":1.0,"unit":{"scheme":"SINL-CU","id":"000000221","name":"LOTE","value":{"amount":51900276.3651,"currency":"MXN"},"uri":"http://si.nl.gob.mx/CatalogoUnidades"}},{"id":"000008776","description":"020 ALBAÑILERÍA","classification":{"scheme":"UNCEFACT","id":"000008776","description":"Catálogo de Conceptos Universal de la Secretaría de Infraestructura del Estado de Nuevo León","uri":"http://si.nl.gob.mx/CatalogoDeConceptosUniversal"},"quantity":1.0,"unit":{"scheme":"SINL-CU","id":"000000221","name":"LOTE","value":{"amount":51952962.3996,"currency":"MXN"},"uri":"http://si.nl.gob.mx/CatalogoUnidades"}},{"id":"000000868","description":"021 BARDA PERIMETRAL DE BLOCK","classification":{"scheme":"UNCEFACT","id":"000000868","description":"Catálogo de Conceptos Universal de la Secretaría de Infraestructura del Estado de Nuevo León","uri":"http://si.nl.gob.mx/CatalogoDeConceptosUniversal"},"quantity":1.0,"unit":{"scheme":"SINL-CU","id":"000000221","name":"LOTE","value":{"amount":847944.4213,"currency":"MXN"},"uri":"http://si.nl.gob.mx/CatalogoUnidades"}},{"id":"000008150","description":"022 MUROS DE CONTENCION","classification":{"scheme":"UNCEFACT","id":"000008150","description":"Catálogo de Conceptos Universal de la Secretaría de Infraestructura del Estado de Nuevo León","uri":"http://si.nl.gob.mx/CatalogoDeConceptosUniversal"},"quantity":1.0,"unit":{"scheme":"SINL-CU","id":"000000221","name":"LOTE","value":{"amount":13417987.773,"currency":"MXN"},"uri":"http://si.nl.gob.mx/CatalogoUnidades"}},{"id":"000000199","description":"030 INST. ELECTRICAS - CONTACTOS Y APAGADORES","classification":{"scheme":"UNCEFACT","id":"000000199","description":"Catálogo de Conceptos Universal de la Secretaría de Infraestructura del Estado de Nuevo León","uri":"http://si.nl.gob.mx/CatalogoDeConceptosUniversal"},"quantity":1.0,"unit":{"scheme":"SINL-CU","id":"000000221","name":"LOTE","value":{"amount":12790172.5686,"currency":"MXN"},"uri":"http://si.nl.gob.mx/CatalogoUnidades"}},{"id":"000001465","description":"031 ALUMBRADO","classification":{"scheme":"UNCEFACT","id":"000001465","description":"Catálogo de Conceptos Universal de la Secretaría de Infraestructura del Estado de Nuevo León","uri":"http://si.nl.gob.mx/CatalogoDeConceptosUniversal"},"quantity":1.0,"unit":{"scheme":"SINL-CU","id":"000000221","name":"LOTE","value":{"amount":30460354.3804,"currency":"MXN"},"uri":"http://si.nl.gob.mx/CatalogoUnidades"}},{"id":"000003878","description":"032 SISTEMA DE FUERZA BAJA TENSION","classification":{"scheme":"UNCEFACT","id":"000003878","description":"Catálogo de Conceptos Universal de la Secretaría de Infraestructura del Estado de Nuevo León","uri":"http://si.nl.gob.mx/CatalogoDeConceptosUniversal"},"quantity":1.0,"unit":{"scheme":"SINL-CU","id":"000000221","name":"LOTE","value":{"amount":62398190.9399,"currency":"MXN"},"uri":"http://si.nl.gob.mx/CatalogoUnidades"}},{"id":"000008807","description":"040 INST.HIDRAULICAS - RED HIDRAULICA","classification":{"scheme":"UNCEFACT","id":"000008807","description":"Catálogo de Conceptos Universal de la Secretaría de Infraestructura del Estado de Nuevo León","uri":"http://si.nl.gob.mx/CatalogoDeConceptosUniversal"},"quantity":1.0,"unit":{"scheme":"SINL-CU","id":"000000221","name":"LOTE","value":{"amount":1762978.5357,"currency":"MXN"},"uri":"http://si.nl.gob.mx/CatalogoUnidades"}},{"id":"000001488","description":"041 SERVICIOS MANTENIMIENTO - CUARTO DE BOMBEO","classification":{"scheme":"UNCEFACT","id":"000001488","description":"Catálogo de Conceptos Universal de la Secretaría de Infraestructura del Estado de Nuevo León","uri":"http://si.nl.gob.mx/CatalogoDeConceptosUniversal"},"quantity":1.0,"unit":{"scheme":"SINL-CU","id":"000000221","name":"LOTE","value":{"amount":4644895.86,"currency":"MXN"},"uri":"http://si.nl.gob.mx/CatalogoUnidades"}},{"id":"000005603","description":"042 SISTEMA CONTRA INCENDIO INTERIOR DE EDIFICIOS","classification":{"scheme":"UNCEFACT","id":"000005603","description":"Catálogo de Conceptos Universal de la Secretaría de Infraestructura del Estado de Nuevo León","uri":"http://si.nl.gob.mx/CatalogoDeConceptosUniversal"},"quantity":1.0,"unit":{"scheme":"SINL-CU","id":"000000221","name":"LOTE","value":{"amount":724373.5068,"currency":"MXN"},"uri":"http://si.nl.gob.mx/CatalogoUnidades"}},{"id":"000007483","description":"043 SISTEMA CONTRA INCENDIO EN EXTERIORES","classification":{"scheme":"UNCEFACT","id":"000007483","description":"Catálogo de Conceptos Universal de la Secretaría de Infraestructura del Estado de Nuevo León","uri":"http://si.nl.gob.mx/CatalogoDeConceptosUniversal"},"quantity":1.0,"unit":{"scheme":"SINL-CU","id":"000000221","name":"LOTE","value":{"amount":806984.3934,"currency":"MXN"},"uri":"http://si.nl.gob.mx/CatalogoUnidades"}},{"id":"000006226","description":"044 ARREGLO DE CUARTO DEL SISTEMA CONTRA INCENDIO","classification":{"scheme":"UNCEFACT","id":"000006226","description":"Catálogo de Conceptos Universal de la Secretaría de Infraestructura del Estado de Nuevo León","uri":"http://si.nl.gob.mx/CatalogoDeConceptosUniversal"},"quantity":1.0,"unit":{"scheme":"SINL-CU","id":"000000221","name":"LOTE","value":{"amount":1317478.38,"currency":"MXN"},"uri":"http://si.nl.gob.mx/CatalogoUnidades"}},{"id":"000005406","description":"045 RED DE RIEGO","classification":{"scheme":"UNCEFACT","id":"000005406","description":"Catálogo de Conceptos Universal de la Secretaría de Infraestructura del Estado de Nuevo León","uri":"http://si.nl.gob.mx/CatalogoDeConceptosUniversal"},"quantity":1.0,"unit":{"scheme":"SINL-CU","id":"000000221","name":"LOTE","value":{"amount":199502.3581,"currency":"MXN"},"uri":"http://si.nl.gob.mx/CatalogoUnidades"}},{"id":"000000379","description":"046 EQUIPO DE BOMBEO PARA RIEGO (NORIA)","classification":{"scheme":"UNCEFACT","id":"000000379","description":"Catálogo de Conceptos Universal de la Secretaría de Infraestructura del Estado de Nuevo León","uri":"http://si.nl.gob.mx/CatalogoDeConceptosUniversal"},"quantity":1.0,"unit":{"scheme":"SINL-CU","id":"000000221","name":"LOTE","value":{"amount":48359.64,"currency":"MXN"},"uri":"http://si.nl.gob.mx/CatalogoUnidades"}},{"id":"000008838","description":"050 INST.SANITARIAS - RED DE DRENAJE SANITARIO","classification":{"scheme":"UNCEFACT","id":"000008838","description":"Catálogo de Conceptos Universal de la Secretaría de Infraestructura del Estado de Nuevo León","uri":"http://si.nl.gob.mx/CatalogoDeConceptosUniversal"},"quantity":1.0,"unit":{"scheme":"SINL-CU","id":"000000221","name":"LOTE","value":{"amount":3281403.8348,"currency":"MXN"},"uri":"http://si.nl.gob.mx/CatalogoUnidades"}},{"id":"000008108","description":"051 APARATOS Y ACCESORIOS","classification":{"scheme":"UNCEFACT","id":"000008108","description":"Catálogo de Conceptos Universal de la Secretaría de Infraestructura del Estado de Nuevo León","uri":"http://si.nl.gob.mx/CatalogoDeConceptosUniversal"},"quantity":1.0,"unit":{"scheme":"SINL-CU","id":"000000221","name":"LOTE","value":{"amount":14596348.52,"currency":"MXN"},"uri":"http://si.nl.gob.mx/CatalogoUnidades"}},{"id":"000002374","description":"052 RED DE DRENAJE PLUVIAL","classification":{"scheme":"UNCEFACT","id":"000002374","description":"Catálogo de Conceptos Universal de la Secretaría de Infraestructura del Estado de Nuevo León","uri":"http://si.nl.gob.mx/CatalogoDeConceptosUniversal"},"quantity":1.0,"unit":{"scheme":"SINL-CU","id":"000000221","name":"LOTE","value":{"amount":2432878.1732,"currency":"MXN"},"uri":"http://si.nl.gob.mx/CatalogoUnidades"}},{"id":"000004296","description":"060 GASES MEDICINALES - TUBERIA","classification":{"scheme":"UNCEFACT","id":"000004296","description":"Catálogo de Conceptos Universal de la Secretaría de Infraestructura del Estado de Nuevo León","uri":"http://si.nl.gob.mx/CatalogoDeConceptosUniversal"},"quantity":1.0,"unit":{"scheme":"SINL-CU","id":"000000221","name":"LOTE","value":{"amount":5297200.3207,"currency":"MXN"},"uri":"http://si.nl.gob.mx/CatalogoUnidades"}},{"id":"000000581","description":"061 CONEXIONES","classification":{"scheme":"UNCEFACT","id":"000000581","description":"Catálogo de Conceptos Universal de la Secretaría de Infraestructura del Estado de Nuevo León","uri":"http://si.nl.gob.mx/CatalogoDeConceptosUniversal"},"quantity":1.0,"unit":{"scheme":"SINL-CU","id":"000000221","name":"LOTE","value":{"amount":977638.69,"currency":"MXN"},"uri":"http://si.nl.gob.mx/CatalogoUnidades"}},{"id":"000008287","description":"062 VALVULAS","classification":{"scheme":"UNCEFACT","id":"000008287","description":"Catálogo de Conceptos Universal de la Secretaría de Infraestructura del Estado de Nuevo León","uri":"http://si.nl.gob.mx/CatalogoDeConceptosUniversal"},"quantity":1.0,"unit":{"scheme":"SINL-CU","id":"000000221","name":"LOTE","value":{"amount":345896.87,"currency":"MXN"},"uri":"http://si.nl.gob.mx/CatalogoUnidades"}},{"id":"000002513","description":"063 ACCESORIOS (CAJA DE ZONA, SOPORTE, TOMAS DE PA","classification":{"scheme":"UNCEFACT","id":"000002513","description":"Catálogo de Conceptos Universal de la Secretaría de Infraestructura del Estado de Nuevo León","uri":"http://si.nl.gob.mx/CatalogoDeConceptosUniversal"},"quantity":1.0,"unit":{"scheme":"SINL-CU","id":"000000221","name":"LOTE","value":{"amount":5288855.54,"currency":"MXN"},"uri":"http://si.nl.gob.mx/CatalogoUnidades"}},{"id":"000005705","description":"064 PINTURA DE TUBERIAS","classification":{"scheme":"UNCEFACT","id":"000005705","description":"Catálogo de Conceptos Universal de la Secretaría de Infraestructura del Estado de Nuevo León","uri":"http://si.nl.gob.mx/CatalogoDeConceptosUniversal"},"quantity":1.0,"unit":{"scheme":"SINL-CU","id":"000000221","name":"LOTE","value":{"amount":323045.4409,"currency":"MXN"},"uri":"http://si.nl.gob.mx/CatalogoUnidades"}},{"id":"000000500","description":"065  JUNTAS DE EXPANSION","classification":{"scheme":"UNCEFACT","id":"000000500","description":"Catálogo de Conceptos Universal de la Secretaría de Infraestructura del Estado de Nuevo León","uri":"http://si.nl.gob.mx/CatalogoDeConceptosUniversal"},"quantity":1.0,"unit":{"scheme":"SINL-CU","id":"000000221","name":"LOTE","value":{"amount":115146.0,"currency":"MXN"},"uri":"http://si.nl.gob.mx/CatalogoUnidades"}},{"id":"000008346","description":"066 EQUIPOS","classification":{"scheme":"UNCEFACT","id":"000008346","description":"Catálogo de Conceptos Universal de la Secretaría de Infraestructura del Estado de Nuevo León","uri":"http://si.nl.gob.mx/CatalogoDeConceptosUniversal"},"quantity":1.0,"unit":{"scheme":"SINL-CU","id":"000000221","name":"LOTE","value":{"amount":5467276.92,"currency":"MXN"},"uri":"http://si.nl.gob.mx/CatalogoUnidades"}},{"id":"000008847","description":"070 CANCELERIA","classification":{"scheme":"UNCEFACT","id":"000008847","description":"Catálogo de Conceptos Universal de la Secretaría de Infraestructura del Estado de Nuevo León","uri":"http://si.nl.gob.mx/CatalogoDeConceptosUniversal"},"quantity":1.0,"unit":{"scheme":"SINL-CU","id":"000000221","name":"LOTE","value":{"amount":30554660.5,"currency":"MXN"},"uri":"http://si.nl.gob.mx/CatalogoUnidades"}},{"id":"000009001","description":"080 HERRERIA","classification":{"scheme":"UNCEFACT","id":"000009001","description":"Catálogo de Conceptos Universal de la Secretaría de Infraestructura del Estado de Nuevo León","uri":"http://si.nl.gob.mx/CatalogoDeConceptosUniversal"},"quantity":1.0,"unit":{"scheme":"SINL-CU","id":"000000221","name":"LOTE","value":{"amount":21905681.053,"currency":"MXN"},"uri":"http://si.nl.gob.mx/CatalogoUnidades"}},{"id":"000008641","description":"090 ACABADOS","classification":{"scheme":"UNCEFACT","id":"000008641","description":"Catálogo de Conceptos Universal de la Secretaría de Infraestructura del Estado de Nuevo León","uri":"http://si.nl.gob.mx/CatalogoDeConceptosUniversal"},"quantity":1.0,"unit":{"scheme":"SINL-CU","id":"000000221","name":"LOTE","value":{"amount":64802833.9612,"currency":"MXN"},"uri":"http://si.nl.gob.mx/CatalogoUnidades"}},{"id":"000004346","description":"100 INST. ESPECIALES (VOZ Y DATOS) - CABLE UTP","classification":{"scheme":"UNCEFACT","id":"000004346","description":"Catálogo de Conceptos Universal de la Secretaría de Infraestructura del Estado de Nuevo León","uri":"http://si.nl.gob.mx/CatalogoDeConceptosUniversal"},"quantity":1.0,"unit":{"scheme":"SINL-CU","id":"000000221","name":"LOTE","value":{"amount":3030480.26,"currency":"MXN"},"uri":"http://si.nl.gob.mx/CatalogoUnidades"}},{"id":"000000340","description":"101 JACKS","classification":{"scheme":"UNCEFACT","id":"000000340","description":"Catálogo de Conceptos Universal de la Secretaría de Infraestructura del Estado de Nuevo León","uri":"http://si.nl.gob.mx/CatalogoDeConceptosUniversal"},"quantity":1.0,"unit":{"scheme":"SINL-CU","id":"000000221","name":"LOTE","value":{"amount":1043228.16,"currency":"MXN"},"uri":"http://si.nl.gob.mx/CatalogoUnidades"}},{"id":"000001874","description":"102 CHAROLA PORTACABLES","classification":{"scheme":"UNCEFACT","id":"000001874","description":"Catálogo de Conceptos Universal de la Secretaría de Infraestructura del Estado de Nuevo León","uri":"http://si.nl.gob.mx/CatalogoDeConceptosUniversal"},"quantity":1.0,"unit":{"scheme":"SINL-CU","id":"000000221","name":"LOTE","value":{"amount":3098423.2165,"currency":"MXN"},"uri":"http://si.nl.gob.mx/CatalogoUnidades"}},{"id":"000005158","description":"103 RACKS, GABINETES  Y ORGANIZADORES","classification":{"scheme":"UNCEFACT","id":"000005158","description":"Catálogo de Conceptos Universal de la Secretaría de Infraestructura del Estado de Nuevo León","uri":"http://si.nl.gob.mx/CatalogoDeConceptosUniversal"},"quantity":1.0,"unit":{"scheme":"SINL-CU","id":"000000221","name":"LOTE","value":{"amount":5849401.48,"currency":"MXN"},"uri":"http://si.nl.gob.mx/CatalogoUnidades"}},{"id":"000002857","description":"104 ENLACE DE FIBRA OPTICA","classification":{"scheme":"UNCEFACT","id":"000002857","description":"Catálogo de Conceptos Universal de la Secretaría de Infraestructura del Estado de Nuevo León","uri":"http://si.nl.gob.mx/CatalogoDeConceptosUniversal"},"quantity":1.0,"unit":{"scheme":"SINL-CU","id":"000000221","name":"LOTE","value":{"amount":3654951.951,"currency":"MXN"},"uri":"http://si.nl.gob.mx/CatalogoUnidades"}},{"id":"000002735","description":"105 INCENDIO: ALARMAS, SENSORES, TABLEROS, CENTRAL","classification":{"scheme":"UNCEFACT","id":"000002735","description":"Catálogo de Conceptos Universal de la Secretaría de Infraestructura del Estado de Nuevo León","uri":"http://si.nl.gob.mx/CatalogoDeConceptosUniversal"},"quantity":1.0,"unit":{"scheme":"SINL-CU","id":"000000221","name":"LOTE","value":{"amount":5010298.52,"currency":"MXN"},"uri":"http://si.nl.gob.mx/CatalogoUnidades"}},{"id":"000006266","description":"106 VOCEO","classification":{"scheme":"UNCEFACT","id":"000006266","description":"Catálogo de Conceptos Universal de la Secretaría de Infraestructura del Estado de Nuevo León","uri":"http://si.nl.gob.mx/CatalogoDeConceptosUniversal"},"quantity":1.0,"unit":{"scheme":"SINL-CU","id":"000000221","name":"LOTE","value":{"amount":2406138.12,"currency":"MXN"},"uri":"http://si.nl.gob.mx/CatalogoUnidades"}},{"id":"000003416","description":"107 CCTV (CAMARAS, SWITCH ,SOPORTERIA , ACCESORIOS","classification":{"scheme":"UNCEFACT","id":"000003416","description":"Catálogo de Conceptos Universal de la Secretaría de Infraestructura del Estado de Nuevo León","uri":"http://si.nl.gob.mx/CatalogoDeConceptosUniversal"},"quantity":1.0,"unit":{"scheme":"SINL-CU","id":"000000221","name":"LOTE","value":{"amount":14859939.0,"currency":"MXN"},"uri":"http://si.nl.gob.mx/CatalogoUnidades"}},{"id":"000003960","description":"110 OBRA EXTERIOR","classification":{"scheme":"UNCEFACT","id":"000003960","description":"Catálogo de Conceptos Universal de la Secretaría de Infraestructura del Estado de Nuevo León","uri":"http://si.nl.gob.mx/CatalogoDeConceptosUniversal"},"quantity":1.0,"unit":{"scheme":"SINL-CU","id":"000000221","name":"LOTE","value":{"amount":21332556.3451,"currency":"MXN"},"uri":"http://si.nl.gob.mx/CatalogoUnidades"}},{"id":"000000456","description":"120 AIRE ACONDICIONADO -EQUIPOS","classification":{"scheme":"UNCEFACT","id":"000000456","description":"Catálogo de Conceptos Universal de la Secretaría de Infraestructura del Estado de Nuevo León","uri":"http://si.nl.gob.mx/CatalogoDeConceptosUniversal"},"quantity":1.0,"unit":{"scheme":"SINL-CU","id":"000000221","name":"LOTE","value":{"amount":28791000.9,"currency":"MXN"},"uri":"http://si.nl.gob.mx/CatalogoUnidades"}},{"id":"000000331","description":"121 INSTALACION Y DUCTOS","classification":{"scheme":"UNCEFACT","id":"000000331","description":"Catálogo de Conceptos Universal de la Secretaría de Infraestructura del Estado de Nuevo León","uri":"http://si.nl.gob.mx/CatalogoDeConceptosUniversal"},"quantity":1.0,"unit":{"scheme":"SINL-CU","id":"000000221","name":"LOTE","value":{"amount":34623889.0209,"currency":"MXN"},"uri":"http://si.nl.gob.mx/CatalogoUnidades"}},{"id":"000007594","description":"130 ELEVADORES","classification":{"scheme":"UNCEFACT","id":"000007594","description":"Catálogo de Conceptos Universal de la Secretaría de Infraestructura del Estado de Nuevo León","uri":"http://si.nl.gob.mx/CatalogoDeConceptosUniversal"},"quantity":1.0,"unit":{"scheme":"SINL-CU","id":"000000221","name":"LOTE","value":{"amount":14345134.82,"currency":"MXN"},"uri":"http://si.nl.gob.mx/CatalogoUnidades"}},{"id":"000001493","description":"140 RED DE GAS","classification":{"scheme":"UNCEFACT","id":"000001493","description":"Catálogo de Conceptos Universal de la Secretaría de Infraestructura del Estado de Nuevo León","uri":"http://si.nl.gob.mx/CatalogoDeConceptosUniversal"},"quantity":1.0,"unit":{"scheme":"SINL-CU","id":"000000221","name":"LOTE","value":{"amount":85583.74,"currency":"MXN"},"uri":"http://si.nl.gob.mx/CatalogoUnidades"}},{"id":"000008706","description":"150 VARIOS","classification":{"scheme":"UNCEFACT","id":"000008706","description":"Catálogo de Conceptos Universal de la Secretaría de Infraestructura del Estado de Nuevo León","uri":"http://si.nl.gob.mx/CatalogoDeConceptosUniversal"},"quantity":1.0,"unit":{"scheme":"SINL-CU","id":"000000221","name":"LOTE","value":{"amount":642673.4488,"currency":"MXN"},"uri":"http://si.nl.gob.mx/CatalogoUnidades"}},{"id":"000003910","description":"EXTRAS 002","classification":{"scheme":"UNCEFACT","id":"000003910","description":"Catálogo de Conceptos Universal de la Secretaría de Infraestructura del Estado de Nuevo León","uri":"http://si.nl.gob.mx/CatalogoDeConceptosUniversal"},"quantity":1.0,"unit":{"scheme":"SINL-CU","id":"000000221","name":"LOTE","value":{"amount":10559291.1621,"currency":"MXN"},"uri":"http://si.nl.gob.mx/CatalogoUnidades"}},{"id":"000000751","description":"EXTRAS 003","classification":{"scheme":"UNCEFACT","id":"000000751","description":"Catálogo de Conceptos Universal de la Secretaría de Infraestructura del Estado de Nuevo León","uri":"http://si.nl.gob.mx/CatalogoDeConceptosUniversal"},"quantity":1.0,"unit":{"scheme":"SINL-CU","id":"000000221","name":"LOTE","value":{"amount":17328073.802,"currency":"MXN"},"uri":"http://si.nl.gob.mx/CatalogoUnidades"}},{"id":"000001331","description":"EXTRAS 004","classification":{"scheme":"UNCEFACT","id":"000001331","description":"Catálogo de Conceptos Universal de la Secretaría de Infraestructura del Estado de Nuevo León","uri":"http://si.nl.gob.mx/CatalogoDeConceptosUniversal"},"quantity":1.0,"unit":{"scheme":"SINL-CU","id":"000000221","name":"LOTE","value":{"amount":4850730.3006,"currency":"MXN"},"uri":"http://si.nl.gob.mx/CatalogoUnidades"}},{"id":"000004338","description":"EXTRAS FINIQUITO","classification":{"scheme":"UNCEFACT","id":"000004338","description":"Catálogo de Conceptos Universal de la Secretaría de Infraestructura del Estado de Nuevo León","uri":"http://si.nl.gob.mx/CatalogoDeConceptosUniversal"},"quantity":1.0,"unit":{"scheme":"SINL-CU","id":"000000221","name":"LOTE","value":{"amount":19490452.4944,"currency":"MXN"},"uri":"http://si.nl.gob.mx/CatalogoUnidades"}}],"dateSigned":"2020-03-17T00:00:00-06:00","documents":[{"id":"740","documentType":"Anexos de Contrato","title":"Anexos de Contrato","description":"Anexos de Contrato","url":"http://si.nl.gob.mx/Acceso/DatosAbiertos/DocumentosPublicos/000004/LO-919009986-N14-2014/04. Contratación/Anexos de Contrato.pdf","datePublished":"2020-03-21T18:03:01.107-06:00","dateModified":"0001-01-01T00:00:00-06:00","format":"application/pdf","language":"es","x_section":"contract"},{"id":"741","documentType":"Contrato firmado","title":"Contrato firmado","description":"Contrato firmado","url":"http://si.nl.gob.mx/Acceso/DatosAbiertos/DocumentosPublicos/000004/LO-919009986-N14-2014/04. Contratación/Contrato firmado.pdf","datePublished":"2020-03-21T18:03:01.117-06:00","dateModified":"0001-01-01T00:00:00-06:00","format":"application/pdf","language":"es","x_section":"contract"},{"id":"742","documentType":"Finiquito del contrato","title":"Finiquito del contrato","description":"Finiquito del contrato","url":"http://si.nl.gob.mx/Acceso/DatosAbiertos/DocumentosPublicos/000004/LO-919009986-N14-2014/04. Contratación/Finiquito del contrato.pdf","datePublished":"2020-03-21T18:03:01.13-06:00","dateModified":"0001-01-01T00:00:00-06:00","format":"application/pdf","language":"es","x_section":"contract"},{"id":"745","documentType":"Finiquito del contrato","title":"Finiquito del contrato","description":"Finiquito del contrato","url":"http://si.nl.gob.mx/Acceso/DatosAbiertos/DocumentosPublicos/000004/LO-919009986-N14-2014/05. Ejecución/Finiquito del contrato.pdf","datePublished":"2020-03-21T18:03:01.163-06:00","dateModified":"0001-01-01T00:00:00-06:00","format":"application/pdf","language":"es","x_section":"contract"},{"id":"743","documentType":"Certificado de terminación (informe de conclusión)","title":"Certificado de terminación (informe de conclusión)","description":"Certificado de terminación (informe de conclusión)","url":"http://si.nl.gob.mx/Acceso/DatosAbiertos/DocumentosPublicos/000004/LO-919009986-N14-2014/05. Ejecución/Certificado de terminación (informe de conclusión).pdf","datePublished":"2020-03-21T18:03:01.14-06:00","dateModified":"0001-01-01T00:00:00-06:00","format":"application/pdf","language":"es","x_section":"implementarion"},{"id":"744","documentType":"Convenios modificatorios","title":"Convenios modificatorios","description":"Convenios modificatorios","url":"http://si.nl.gob.mx/Acceso/DatosAbiertos/DocumentosPublicos/000004/LO-919009986-N14-2014/05. Ejecución/Convenios modificatorios.pdf","datePublished":"2020-03-21T18:03:01.153-06:00","dateModified":"0001-01-01T00:00:00-06:00","format":"application/pdf","language":"es","x_section":"implementarion"},{"id":"746","documentType":"Lista de escalada de aprobaciones","title":"Lista de escalada de aprobaciones","description":"Lista de escalada de aprobaciones","url":"http://si.nl.gob.mx/Acceso/DatosAbiertos/DocumentosPublicos/000004/LO-919009986-N14-2014/05. Ejecución/Lista de escalada de aprobaciones.pdf","datePublished":"2020-03-21T18:03:01.173-06:00","dateModified":"0001-01-01T00:00:00-06:00","format":"application/pdf","language":"es","x_section":"implementarion"},{"id":"747","documentType":"Reportes de calidad","title":"Reportes de calidad","description":"Reportes de calidad","url":"http://si.nl.gob.mx/Acceso/DatosAbiertos/DocumentosPublicos/000004/LO-919009986-N14-2014/05. Ejecución/Reportes de calidad.pdf","datePublished":"2020-03-21T18:03:01.187-06:00","dateModified":"0001-01-01T00:00:00-06:00","format":"application/pdf","language":"es","x_section":"implementarion"},{"id":"748","documentType":"Reportes de supervisión","title":"Reportes de supervisión","description":"Reportes de supervisión","url":"http://si.nl.gob.mx/Acceso/DatosAbiertos/DocumentosPublicos/000004/LO-919009986-N14-2014/05. Ejecución/Reportes de supervisión.pdf","datePublished":"2020-03-21T18:03:01.203-06:00","dateModified":"0001-01-01T00:00:00-06:00","format":"application/pdf","language":"es","x_section":"implementarion"},{"id":"749","documentType":"Reportes de supervisión","title":"Reportes de supervisión","description":"Reportes de supervisión","url":"http://si.nl.gob.mx/Acceso/DatosAbiertos/DocumentosPublicos/000004/LO-919009986-N14-2014/05. Ejecución/Reportes de supervisión_1.pdf","datePublished":"2020-03-21T18:03:01.217-06:00","dateModified":"0001-01-01T00:00:00-06:00","format":"application/pdf","language":"es","x_section":"implementarion"},{"id":"750","documentType":"Reportes de supervisión","title":"Reportes de supervisión","description":"Reportes de supervisión","url":"http://si.nl.gob.mx/Acceso/DatosAbiertos/DocumentosPublicos/000004/LO-919009986-N14-2014/05. Ejecución/Reportes de supervisión_2.pdf","datePublished":"2020-03-21T18:03:01.233-06:00","dateModified":"0001-01-01T00:00:00-06:00","format":"application/pdf","language":"es","x_section":"implementarion"}],"implementation":{"transactions":[{"id":"EST-2014-07-231","date":"2014-07-10T12:12:44-05:00","value":{"amount":59830560.74,"currency":"MXN"},"payer":{"name":"SFYTGE","id":"RFC-GEN620601DTA"},"payee":{"name":"ARQUITECTURA CONSTRUCTIVA SAENZ SA DE CV Y MANUFACTURERA ALEAR SA DE CV PROPUESTA CONJUNTA","id":"SIN DATO-F5D4DBE6-33D0-4FA7-9DF6-82A21150AC07"}},{"id":"EST-2014-09-658","date":"2014-09-23T11:47:06-05:00","value":{"amount":3029845.43,"currency":"MXN"},"payer":{"name":"SFYTGE","id":"RFC-GEN620601DTA"},"payee":{"name":"ARQUITECTURA CONSTRUCTIVA SAENZ SA DE CV Y MANUFACTURERA ALEAR SA DE CV PROPUESTA CONJUNTA","id":"SIN DATO-27638125-398F-40C0-BC3D-4FFA7E7C803E"}},{"id":"EST-2014-10-867","date":"2014-10-03T09:41:11-05:00","value":{"amount":65660.6,"currency":"MXN"},"payer":{"name":"SFYTGE","id":"RFC-GEN620601DTA"},"payee":{"name":"ARQUITECTURA CONSTRUCTIVA SAENZ SA DE CV Y MANUFACTURERA ALEAR SA DE CV PROPUESTA CONJUNTA","id":"SIN DATO-736A8825-9AD6-4CB6-BD15-C27B8A442B98"}},{"id":"EST-2015-06-848","date":"2015-06-17T12:21:47-05:00","value":{"amount":95117.39,"currency":"MXN"},"payer":{"name":"SFYTGE","id":"RFC-GEN620601DTA"},"payee":{"name":"ARQUITECTURA CONSTRUCTIVA SAENZ SA DE CV Y MANUFACTURERA ALEAR SA DE CV PROPUESTA CONJUNTA","id":"SIN DATO-7594264F-8CAF-442D-A599-DEB6433830E6"}},{"id":"EST-2015-06-852","date":"2015-06-17T14:27:55-05:00","value":{"amount":136683.02,"currency":"MXN"},"payer":{"name":"SFYTGE","id":"RFC-GEN620601DTA"},"payee":{"name":"ARQUITECTURA CONSTRUCTIVA SAENZ SA DE CV Y MANUFACTURERA ALEAR SA DE CV PROPUESTA CONJUNTA","id":"SIN DATO-D8403C75-B922-4B38-8985-C0A85D01A36F"}},{"id":"EST-2015-10-451","date":"2015-10-26T10:40:28-06:00","value":{"amount":1345565.77,"currency":"MXN"},"payer":{"name":"SFYTGE","id":"RFC-GEN620601DTA"},"payee":{"name":"ARQUITECTURA CONSTRUCTIVA SAENZ SA DE CV Y MANUFACTURERA ALEAR SA DE CV PROPUESTA CONJUNTA","id":"SIN DATO-581CDD3D-8AAF-41C8-8438-DB7EBAC506EE"}},{"id":"EST-2015-10-457","date":"2015-10-27T12:52:38-06:00","value":{"amount":139287.65,"currency":"MXN"},"payer":{"name":"SFYTGE","id":"RFC-GEN620601DTA"},"payee":{"name":"ARQUITECTURA CONSTRUCTIVA SAENZ SA DE CV Y MANUFACTURERA ALEAR SA DE CV PROPUESTA CONJUNTA","id":"SIN DATO-2266D24D-A558-4236-ACBC-AB546F09BAC9"}},{"id":"EST-2016-10-000","date":"2016-10-26T14:32:53-05:00","value":{"amount":40864.57,"currency":"MXN"},"payer":{"name":"SFYTGE","id":"RFC-GEN620601DTA"},"payee":{"name":"ARQUITECTURA CONSTRUCTIVA SAENZ SA DE CV Y MANUFACTURERA ALEAR SA DE CV PROPUESTA CONJUNTA","id":"SIN DATO-B2AC900A-262C-4A5A-9871-107DD7C8CBC8"}},{"id":"EST-2016-11-006","date":"2016-11-02T08:09:15-06:00","value":{"amount":33688.23,"currency":"MXN"},"payer":{"name":"SFYTGE","id":"RFC-GEN620601DTA"},"payee":{"name":"ARQUITECTURA CONSTRUCTIVA SAENZ SA DE CV Y MANUFACTURERA ALEAR SA DE CV PROPUESTA CONJUNTA","id":"SIN DATO-04EABB77-C9B3-4DF5-8E16-BCEEB10854D2"}},{"id":"EST-2017-06-762","date":"2017-06-27T13:39:08-05:00","value":{"amount":132913.65,"currency":"MXN"},"payer":{"name":"SFYTGE","id":"RFC-GEN620601DTA"},"payee":{"name":"ARQUITECTURA CONSTRUCTIVA SAENZ SA DE CV Y MANUFACTURERA ALEAR SA DE CV PROPUESTA CONJUNTA","id":"SIN DATO-2A2BC477-F01C-49FF-88B5-7EC3C3F916AD"}},{"id":"EST-2017-06-771","date":"2017-06-28T08:56:17-05:00","value":{"amount":1288239.85,"currency":"MXN"},"payer":{"name":"SFYTGE","id":"RFC-GEN620601DTA"},"payee":{"name":"ARQUITECTURA CONSTRUCTIVA SAENZ SA DE CV Y MANUFACTURERA ALEAR SA DE CV PROPUESTA CONJUNTA","id":"SIN DATO-43A6552F-3672-471C-841D-6D93E105897F"}},{"id":"EST-2014-10-866","date":"2014-10-03T09:26:39-05:00","value":{"amount":5831306.64,"currency":"MXN"},"payer":{"name":"SFYTGE","id":"RFC-GEN620601DTA"},"payee":{"name":"ARQUITECTURA CONSTRUCTIVA SAENZ SA DE CV Y MANUFACTURERA ALEAR SA DE CV PROPUESTA CONJUNTA","id":"SIN DATO-D5B39CF8-20A5-4B48-9CED-747C5815BDB0"}},{"id":"EST-2014-10-869","date":"2014-10-24T10:19:20-05:00","value":{"amount":1340756.38,"currency":"MXN"},"payer":{"name":"SFYTGE","id":"RFC-GEN620601DTA"},"payee":{"name":"ARQUITECTURA CONSTRUCTIVA SAENZ SA DE CV Y MANUFACTURERA ALEAR SA DE CV PROPUESTA CONJUNTA","id":"SIN DATO-7653C21A-024B-4899-B1C4-0FAE1094FB3A"}},{"id":"EST-2015-06-870","date":"2015-06-18T13:16:38-05:00","value":{"amount":6181166.34,"currency":"MXN"},"payer":{"name":"SFYTGE","id":"RFC-GEN620601DTA"},"payee":{"name":"ARQUITECTURA CONSTRUCTIVA SAENZ SA DE CV Y MANUFACTURERA ALEAR SA DE CV PROPUESTA CONJUNTA","id":"SIN DATO-E1C88169-6965-4A00-8EE0-B40DF058AD28"}},{"id":"EST-2015-06-876","date":"2015-06-19T09:46:44-05:00","value":{"amount":685836.3,"currency":"MXN"},"payer":{"name":"SFYTGE","id":"RFC-GEN620601DTA"},"payee":{"name":"ARQUITECTURA CONSTRUCTIVA SAENZ SA DE CV Y MANUFACTURERA ALEAR SA DE CV PROPUESTA CONJUNTA","id":"SIN DATO-B137660D-9810-4C1A-927B-6468F0EAC823"}},{"id":"EST-2015-10-459","date":"2015-10-27T14:19:02-06:00","value":{"amount":1942659.03,"currency":"MXN"},"payer":{"name":"SFYTGE","id":"RFC-GEN620601DTA"},"payee":{"name":"ARQUITECTURA CONSTRUCTIVA SAENZ SA DE CV Y MANUFACTURERA ALEAR SA DE CV PROPUESTA CONJUNTA","id":"SIN DATO-3282B64F-5061-4150-AC6D-121D8D102918"}},{"id":"EST-2015-11-509","date":"2015-11-13T12:08:05-06:00","value":{"amount":382535.08,"currency":"MXN"},"payer":{"name":"SFYTGE","id":"RFC-GEN620601DTA"},"payee":{"name":"ARQUITECTURA CONSTRUCTIVA SAENZ SA DE CV Y MANUFACTURERA ALEAR SA DE CV PROPUESTA CONJUNTA","id":"SIN DATO-5DA97D3F-AB4E-4B00-8F1B-4AA9AD2050E1"}},{"id":"EST-2016-11-005","date":"2016-11-01T16:33:40-06:00","value":{"amount":16503.34,"currency":"MXN"},"payer":{"name":"SFYTGE","id":"RFC-GEN620601DTA"},"payee":{"name":"ARQUITECTURA CONSTRUCTIVA SAENZ SA DE CV Y MANUFACTURERA ALEAR SA DE CV PROPUESTA CONJUNTA","id":"SIN DATO-774F2CCE-1114-4B01-9A86-0C41E420D39A"}},{"id":"EST-2016-11-008","date":"2016-11-02T12:42:44-06:00","value":{"amount":214364.83,"currency":"MXN"},"payer":{"name":"SFYTGE","id":"RFC-GEN620601DTA"},"payee":{"name":"ARQUITECTURA CONSTRUCTIVA SAENZ SA DE CV Y MANUFACTURERA ALEAR SA DE CV PROPUESTA CONJUNTA","id":"SIN DATO-A0BE8321-E5F3-483C-99B2-63E4D03030C4"}},{"id":"EST-2017-06-763","date":"2017-06-27T14:04:23-05:00","value":{"amount":143525.45,"currency":"MXN"},"payer":{"name":"SFYTGE","id":"RFC-GEN620601DTA"},"payee":{"name":"ARQUITECTURA CONSTRUCTIVA SAENZ SA DE CV Y MANUFACTURERA ALEAR SA DE CV PROPUESTA CONJUNTA","id":"SIN DATO-5D09073C-062A-43EF-BF44-94F51C8BA9C9"}},{"id":"EST-2017-06-772","date":"2017-06-28T09:42:13-05:00","value":{"amount":1069010.82,"currency":"MXN"},"payer":{"name":"SFYTGE","id":"RFC-GEN620601DTA"},"payee":{"name":"ARQUITECTURA CONSTRUCTIVA SAENZ SA DE CV Y MANUFACTURERA ALEAR SA DE CV PROPUESTA CONJUNTA","id":"SIN DATO-931342EA-9E2C-4F72-AD2A-2C5C14FD432C"}},{"id":"EST-2014-10-868","date":"2014-10-24T10:03:47-05:00","value":{"amount":3642595.77,"currency":"MXN"},"payer":{"name":"SFYTGE","id":"RFC-GEN620601DTA"},"payee":{"name":"ARQUITECTURA CONSTRUCTIVA SAENZ SA DE CV Y MANUFACTURERA ALEAR SA DE CV PROPUESTA CONJUNTA","id":"SIN DATO-3F07FCD2-F5E7-4F3F-8895-F6A718F2A526"}},{"id":"EST-2014-11-932","date":"2014-11-06T13:27:35-06:00","value":{"amount":8038364.27,"currency":"MXN"},"payer":{"name":"SFYTGE","id":"RFC-GEN620601DTA"},"payee":{"name":"ARQUITECTURA CONSTRUCTIVA SAENZ SA DE CV Y MANUFACTURERA ALEAR SA DE CV PROPUESTA CONJUNTA","id":"SIN DATO-593417A5-4EB6-4CE2-A6DB-4D9137417552"}},{"id":"EST-2015-10-428","date":"2015-10-16T11:19:58-05:00","value":{"amount":-737299.65,"currency":"MXN"},"payer":{"name":"SFYTGE","id":"RFC-GEN620601DTA"},"payee":{"name":"ARQUITECTURA CONSTRUCTIVA SAENZ SA DE CV Y MANUFACTURERA ALEAR SA DE CV PROPUESTA CONJUNTA","id":"SIN DATO-FF7A2725-F8F1-4378-8666-DD23266D5528"}},{"id":"EST-2015-10-455","date":"2015-10-27T11:34:45-06:00","value":{"amount":6114.86,"currency":"MXN"},"payer":{"name":"SFYTGE","id":"RFC-GEN620601DTA"},"payee":{"name":"ARQUITECTURA CONSTRUCTIVA SAENZ SA DE CV Y MANUFACTURERA ALEAR SA DE CV PROPUESTA CONJUNTA","id":"SIN DATO-806E9D0D-D3DC-472E-94DD-F4F8C9C90427"}},{"id":"EST-2015-10-464","date":"2015-10-28T08:40:41-06:00","value":{"amount":1086913.88,"currency":"MXN"},"payer":{"name":"SFYTGE","id":"RFC-GEN620601DTA"},"payee":{"name":"ARQUITECTURA CONSTRUCTIVA SAENZ SA DE CV Y MANUFACTURERA ALEAR SA DE CV PROPUESTA CONJUNTA","id":"SIN DATO-869F4CB8-0235-4B74-86C4-810760D9BEAA"}},{"id":"EST-2015-11-512","date":"2015-11-17T08:38:13-06:00","value":{"amount":300458.19,"currency":"MXN"},"payer":{"name":"SFYTGE","id":"RFC-GEN620601DTA"},"payee":{"name":"ARQUITECTURA CONSTRUCTIVA SAENZ SA DE CV Y MANUFACTURERA ALEAR SA DE CV PROPUESTA CONJUNTA","id":"SIN DATO-376ED34C-7AB2-4D30-B88E-99FE6030DA28"}},{"id":"EST-2016-11-007","date":"2016-11-02T08:56:16-06:00","value":{"amount":198245.86,"currency":"MXN"},"payer":{"name":"SFYTGE","id":"RFC-GEN620601DTA"},"payee":{"name":"ARQUITECTURA CONSTRUCTIVA SAENZ SA DE CV Y MANUFACTURERA ALEAR SA DE CV PROPUESTA CONJUNTA","id":"SIN DATO-608BD6C4-36D3-4C5C-B6BE-D930C26E736E"}},{"id":"EST-2016-11-009","date":"2016-11-03T08:46:49-06:00","value":{"amount":615335.58,"currency":"MXN"},"payer":{"name":"SFYTGE","id":"RFC-GEN620601DTA"},"payee":{"name":"ARQUITECTURA CONSTRUCTIVA SAENZ SA DE CV Y MANUFACTURERA ALEAR SA DE CV PROPUESTA CONJUNTA","id":"SIN DATO-2858FA3C-693A-434D-8732-8ECF8CCFC746"}},{"id":"EST-2017-06-764","date":"2017-06-27T14:24:48-05:00","value":{"amount":21664.69,"currency":"MXN"},"payer":{"name":"SFYTGE","id":"RFC-GEN620601DTA"},"payee":{"name":"ARQUITECTURA CONSTRUCTIVA SAENZ SA DE CV Y MANUFACTURERA ALEAR SA DE CV PROPUESTA CONJUNTA","id":"SIN DATO-273ADFA8-2E0F-49C8-8ABA-20756F90A2FA"}},{"id":"EST-2017-06-773","date":"2017-06-28T10:28:31-05:00","value":{"amount":1565581.13,"currency":"MXN"},"payer":{"name":"SFYTGE","id":"RFC-GEN620601DTA"},"payee":{"name":"ARQUITECTURA CONSTRUCTIVA SAENZ SA DE CV Y MANUFACTURERA ALEAR SA DE CV PROPUESTA CONJUNTA","id":"SIN DATO-EBC033E2-9428-4E36-8C54-BCF8F4474260"}},{"id":"EST-2014-11-931","date":"2014-11-06T13:14:26-06:00","value":{"amount":774020.53,"currency":"MXN"},"payer":{"name":"SFYTGE","id":"RFC-GEN620601DTA"},"payee":{"name":"ARQUITECTURA CONSTRUCTIVA SAENZ SA DE CV Y MANUFACTURERA ALEAR SA DE CV PROPUESTA CONJUNTA","id":"SIN DATO-437ACF74-30B0-4982-9EE9-BFFDC39FD644"}},{"id":"EST-2014-12-080","date":"2014-12-01T13:02:07-06:00","value":{"amount":2687066.49,"currency":"MXN"},"payer":{"name":"SFYTGE","id":"RFC-GEN620601DTA"},"payee":{"name":"ARQUITECTURA CONSTRUCTIVA SAENZ SA DE CV Y MANUFACTURERA ALEAR SA DE CV PROPUESTA CONJUNTA","id":"SIN DATO-03C8D3A6-02D2-4EE8-AD06-4BA305283E02"}},{"id":"EST-2015-10-454","date":"2015-10-26T14:01:00-06:00","value":{"amount":257438.99,"currency":"MXN"},"payer":{"name":"SFYTGE","id":"RFC-GEN620601DTA"},"payee":{"name":"ARQUITECTURA CONSTRUCTIVA SAENZ SA DE CV Y MANUFACTURERA ALEAR SA DE CV PROPUESTA CONJUNTA","id":"SIN DATO-7237337A-7BC0-4E58-8ACC-4F2615BDA76D"}},{"id":"EST-2015-10-456","date":"2015-10-27T12:22:48-06:00","value":{"amount":-348594.09,"currency":"MXN"},"payer":{"name":"SFYTGE","id":"RFC-GEN620601DTA"},"payee":{"name":"ARQUITECTURA CONSTRUCTIVA SAENZ SA DE CV Y MANUFACTURERA ALEAR SA DE CV PROPUESTA CONJUNTA","id":"SIN DATO-92069BB9-D0E0-4CF7-8B15-2F7513FB1D83"}},{"id":"EST-2015-10-466","date":"2015-10-28T10:17:51-06:00","value":{"amount":943257.94,"currency":"MXN"},"payer":{"name":"SFYTGE","id":"RFC-GEN620601DTA"},"payee":{"name":"ARQUITECTURA CONSTRUCTIVA SAENZ SA DE CV Y MANUFACTURERA ALEAR SA DE CV PROPUESTA CONJUNTA","id":"SIN DATO-40941398-FA48-41E8-A3A9-FE83C9E86F34"}},{"id":"EST-2015-11-518","date":"2015-11-18T10:15:31-06:00","value":{"amount":180710.21,"currency":"MXN"},"payer":{"name":"SFYTGE","id":"RFC-GEN620601DTA"},"payee":{"name":"ARQUITECTURA CONSTRUCTIVA SAENZ SA DE CV Y MANUFACTURERA ALEAR SA DE CV PROPUESTA CONJUNTA","id":"SIN DATO-23FAF2C2-2A60-4705-9386-B85E0CC85A24"}},{"id":"EST-2016-11-010","date":"2016-11-03T09:48:04-06:00","value":{"amount":595890.05,"currency":"MXN"},"payer":{"name":"SFYTGE","id":"RFC-GEN620601DTA"},"payee":{"name":"ARQUITECTURA CONSTRUCTIVA SAENZ SA DE CV Y MANUFACTURERA ALEAR SA DE CV PROPUESTA CONJUNTA","id":"SIN DATO-E6733E22-E168-4AB6-9CC3-F3BF6D6111FF"}},{"id":"EST-2016-11-015","date":"2016-11-04T15:12:22-06:00","value":{"amount":184559.55,"currency":"MXN"},"payer":{"name":"SFYTGE","id":"RFC-GEN620601DTA"},"payee":{"name":"ARQUITECTURA CONSTRUCTIVA SAENZ SA DE CV Y MANUFACTURERA ALEAR SA DE CV PROPUESTA CONJUNTA","id":"SIN DATO-5C105E84-23E8-4957-BB9C-F512B63AB728"}},{"id":"EST-2017-06-766","date":"2017-06-27T15:13:48-05:00","value":{"amount":1366555.72,"currency":"MXN"},"payer":{"name":"SFYTGE","id":"RFC-GEN620601DTA"},"payee":{"name":"ARQUITECTURA CONSTRUCTIVA SAENZ SA DE CV Y MANUFACTURERA ALEAR SA DE CV PROPUESTA CONJUNTA","id":"SIN DATO-F38E3786-968F-4D55-B26E-6ED39D354F14"}},{"id":"EST-2017-06-775","date":"2017-06-28T11:32:39-05:00","value":{"amount":4439675.76,"currency":"MXN"},"payer":{"name":"SFYTGE","id":"RFC-GEN620601DTA"},"payee":{"name":"ARQUITECTURA CONSTRUCTIVA SAENZ SA DE CV Y MANUFACTURERA ALEAR SA DE CV PROPUESTA CONJUNTA","id":"SIN DATO-73C50C51-648D-41F9-8801-0127862950EA"}},{"id":"EST-2014-12-079","date":"2014-12-01T09:22:16-06:00","value":{"amount":45595031.73,"currency":"MXN"},"payer":{"name":"SFYTGE","id":"RFC-GEN620601DTA"},"payee":{"name":"ARQUITECTURA CONSTRUCTIVA SAENZ SA DE CV Y MANUFACTURERA ALEAR SA DE CV PROPUESTA CONJUNTA","id":"SIN DATO-2423663E-5D0D-442C-BD21-C7329A97FFAD"}},{"id":"EST-2015-06-865","date":"2015-06-18T11:15:08-05:00","value":{"amount":292255.25,"currency":"MXN"},"payer":{"name":"SFYTGE","id":"RFC-GEN620601DTA"},"payee":{"name":"ARQUITECTURA CONSTRUCTIVA SAENZ SA DE CV Y MANUFACTURERA ALEAR SA DE CV PROPUESTA CONJUNTA","id":"SIN DATO-8187D9E9-998A-41BD-AEF4-DED626835E11"}},{"id":"EST-2015-11-511","date":"2015-11-17T08:18:11-06:00","value":{"amount":1738678.0,"currency":"MXN"},"payer":{"name":"SFYTGE","id":"RFC-GEN620601DTA"},"payee":{"name":"ARQUITECTURA CONSTRUCTIVA SAENZ SA DE CV Y MANUFACTURERA ALEAR SA DE CV PROPUESTA CONJUNTA","id":"SIN DATO-513C1CE8-EA55-4478-A694-6D132F678F6A"}},{"id":"EST-2015-11-543","date":"2015-11-20T12:16:30-06:00","value":{"amount":-125032.5,"currency":"MXN"},"payer":{"name":"SFYTGE","id":"RFC-GEN620601DTA"},"payee":{"name":"ARQUITECTURA CONSTRUCTIVA SAENZ SA DE CV Y MANUFACTURERA ALEAR SA DE CV PROPUESTA CONJUNTA","id":"SIN DATO-8D7F6183-C9A2-4FC6-BF7F-AE8D8F414E3F"}},{"id":"EST-2015-11-544","date":"2015-11-20T12:37:06-06:00","value":{"amount":215931.48,"currency":"MXN"},"payer":{"name":"SFYTGE","id":"RFC-GEN620601DTA"},"payee":{"name":"ARQUITECTURA CONSTRUCTIVA SAENZ SA DE CV Y MANUFACTURERA ALEAR SA DE CV PROPUESTA CONJUNTA","id":"SIN DATO-7692A78E-D2C9-4C64-A8F1-A5C4FB6019BE"}},{"id":"EST-2015-11-546","date":"2015-11-20T13:36:40-06:00","value":{"amount":962124.78,"currency":"MXN"},"payer":{"name":"SFYTGE","id":"RFC-GEN620601DTA"},"payee":{"name":"ARQUITECTURA CONSTRUCTIVA SAENZ SA DE CV Y MANUFACTURERA ALEAR SA DE CV PROPUESTA CONJUNTA","id":"SIN DATO-2710789B-BAE6-4951-A9CE-64BFF3121A59"}},{"id":"EST-2016-11-018","date":"2016-11-04T09:49:32-06:00","value":{"amount":436342.64,"currency":"MXN"},"payer":{"name":"SFYTGE","id":"RFC-GEN620601DTA"},"payee":{"name":"ARQUITECTURA CONSTRUCTIVA SAENZ SA DE CV Y MANUFACTURERA ALEAR SA DE CV PROPUESTA CONJUNTA","id":"SIN DATO-E2EF4193-9C32-48B2-89CD-AB5CAB7F1463"}},{"id":"EST-2016-12-122","date":"2016-12-19T12:25:40-06:00","value":{"amount":359396.97,"currency":"MXN"},"payer":{"name":"SFYTGE","id":"RFC-GEN620601DTA"},"payee":{"name":"ARQUITECTURA CONSTRUCTIVA SAENZ SA DE CV Y MANUFACTURERA ALEAR SA DE CV PROPUESTA CONJUNTA","id":"SIN DATO-5A7A67B9-2617-42DB-A6B5-81551844E88E"}},{"id":"EST-2017-06-768","date":"2017-06-27T16:22:31-05:00","value":{"amount":282115.21,"currency":"MXN"},"payer":{"name":"SFYTGE","id":"RFC-GEN620601DTA"},"payee":{"name":"ARQUITECTURA CONSTRUCTIVA SAENZ SA DE CV Y MANUFACTURERA ALEAR SA DE CV PROPUESTA CONJUNTA","id":"SIN DATO-2CC21A09-C727-434A-B40C-E3BF2684E2F1"}},{"id":"EST-2017-06-776","date":"2017-06-28T12:11:01-05:00","value":{"amount":5803865.63,"currency":"MXN"},"payer":{"name":"SFYTGE","id":"RFC-GEN620601DTA"},"payee":{"name":"ARQUITECTURA CONSTRUCTIVA SAENZ SA DE CV Y MANUFACTURERA ALEAR SA DE CV PROPUESTA CONJUNTA","id":"SIN DATO-EEC83F20-60C8-41E4-805C-68B9145840D0"}},{"id":"EST-2015-06-847","date":"2015-06-17T12:06:34-05:00","value":{"amount":-1470638.89,"currency":"MXN"},"payer":{"name":"SFYTGE","id":"RFC-GEN620601DTA"},"payee":{"name":"ARQUITECTURA CONSTRUCTIVA SAENZ SA DE CV Y MANUFACTURERA ALEAR SA DE CV PROPUESTA CONJUNTA","id":"SIN DATO-0635CFD1-0A2D-444C-8A05-1D8E1C5B0A94"}},{"id":"EST-2015-10-453","date":"2015-10-26T13:00:03-06:00","value":{"amount":29096.63,"currency":"MXN"},"payer":{"name":"SFYTGE","id":"RFC-GEN620601DTA"},"payee":{"name":"ARQUITECTURA CONSTRUCTIVA SAENZ SA DE CV Y MANUFACTURERA ALEAR SA DE CV PROPUESTA CONJUNTA","id":"SIN DATO-529A9D4C-0DAA-4AC3-88B5-7F0402195008"}},{"id":"EST-2015-11-517","date":"2015-11-17T09:30:51-06:00","value":{"amount":69637.12,"currency":"MXN"},"payer":{"name":"SFYTGE","id":"RFC-GEN620601DTA"},"payee":{"name":"ARQUITECTURA CONSTRUCTIVA SAENZ SA DE CV Y MANUFACTURERA ALEAR SA DE CV PROPUESTA CONJUNTA","id":"SIN DATO-CE87E21C-CE9C-4B02-9133-B87F2A12F35B"}},{"id":"EST-2015-11-561","date":"2015-11-24T09:27:38-06:00","value":{"amount":5904035.22,"currency":"MXN"},"payer":{"name":"SFYTGE","id":"RFC-GEN620601DTA"},"payee":{"name":"ARQUITECTURA CONSTRUCTIVA SAENZ SA DE CV Y MANUFACTURERA ALEAR SA DE CV PROPUESTA CONJUNTA","id":"SIN DATO-8DEE3783-14BD-42F7-A803-904FE521746A"}},{"id":"EST-2016-01-661","date":"2016-01-19T10:13:48-06:00","value":{"amount":67445.15,"currency":"MXN"},"payer":{"name":"SFYTGE","id":"RFC-GEN620601DTA"},"payee":{"name":"ARQUITECTURA CONSTRUCTIVA SAENZ SA DE CV Y MANUFACTURERA ALEAR SA DE CV PROPUESTA CONJUNTA","id":"SIN DATO-3B3297AD-0EBE-4AFA-9868-08819A3B65F6"}},{"id":"EST-2016-01-662","date":"2016-01-19T10:25:02-06:00","value":{"amount":1297998.81,"currency":"MXN"},"payer":{"name":"SFYTGE","id":"RFC-GEN620601DTA"},"payee":{"name":"ARQUITECTURA CONSTRUCTIVA SAENZ SA DE CV Y MANUFACTURERA ALEAR SA DE CV PROPUESTA CONJUNTA","id":"SIN DATO-ECDCD9F6-21A1-403C-B60B-0B6385DC887B"}},{"id":"EST-2017-01-182","date":"2017-01-19T12:45:45-06:00","value":{"amount":1330656.21,"currency":"MXN"},"payer":{"name":"SFYTGE","id":"RFC-GEN620601DTA"},"payee":{"name":"ARQUITECTURA CONSTRUCTIVA SAENZ SA DE CV Y MANUFACTURERA ALEAR SA DE CV PROPUESTA CONJUNTA","id":"SIN DATO-57AA59EA-C793-4ADE-8CD4-BE1B54FD0A58"}},{"id":"EST-2017-01-195","date":"2017-01-27T10:04:49-06:00","value":{"amount":42014.74,"currency":"MXN"},"payer":{"name":"SFYTGE","id":"RFC-GEN620601DTA"},"payee":{"name":"ARQUITECTURA CONSTRUCTIVA SAENZ SA DE CV Y MANUFACTURERA ALEAR SA DE CV PROPUESTA CONJUNTA","id":"SIN DATO-54AE5E79-94C1-44E5-87A1-2CE11B707AC1"}},{"id":"EST-2017-06-770","date":"2017-06-28T08:27:46-05:00","value":{"amount":176442.11,"currency":"MXN"},"payer":{"name":"SFYTGE","id":"RFC-GEN620601DTA"},"payee":{"name":"ARQUITECTURA CONSTRUCTIVA SAENZ SA DE CV Y MANUFACTURERA ALEAR SA DE CV PROPUESTA CONJUNTA","id":"SIN DATO-F1E8C80D-39FE-4E96-AF99-C3160FBF5E0E"}},{"id":"EST-2015-06-849","date":"2015-06-17T13:59:56-05:00","value":{"amount":-12828082.46,"currency":"MXN"},"payer":{"name":"SFYTGE","id":"RFC-GEN620601DTA"},"payee":{"name":"ARQUITECTURA CONSTRUCTIVA SAENZ SA DE CV Y MANUFACTURERA ALEAR SA DE CV PROPUESTA CONJUNTA","id":"SIN DATO-3E631B66-3FFE-45BC-A26F-5F89B0184864"}},{"id":"EST-2015-11-526","date":"2015-11-18T12:56:50-06:00","value":{"amount":150189.58,"currency":"MXN"},"payer":{"name":"SFYTGE","id":"RFC-GEN620601DTA"},"payee":{"name":"ARQUITECTURA CONSTRUCTIVA SAENZ SA DE CV Y MANUFACTURERA ALEAR SA DE CV PROPUESTA CONJUNTA","id":"SIN DATO-066DB313-E9C0-4867-8896-0B1D7BD203D4"}},{"id":"EST-2015-11-563","date":"2015-11-24T10:08:18-06:00","value":{"amount":1377485.82,"currency":"MXN"},"payer":{"name":"SFYTGE","id":"RFC-GEN620601DTA"},"payee":{"name":"ARQUITECTURA CONSTRUCTIVA SAENZ SA DE CV Y MANUFACTURERA ALEAR SA DE CV PROPUESTA CONJUNTA","id":"SIN DATO-B9BFB97D-81C1-455E-ABD2-459A6621E999"}},{"id":"EST-2016-01-659","date":"2016-01-19T09:44:20-06:00","value":{"amount":20366.25,"currency":"MXN"},"payer":{"name":"SFYTGE","id":"RFC-GEN620601DTA"},"payee":{"name":"ARQUITECTURA CONSTRUCTIVA SAENZ SA DE CV Y MANUFACTURERA ALEAR SA DE CV PROPUESTA CONJUNTA","id":"SIN DATO-C68E93A8-21CE-4816-BEA7-8C147AA89866"}},{"id":"EST-2016-01-665","date":"2016-01-19T11:49:57-06:00","value":{"amount":1463686.68,"currency":"MXN"},"payer":{"name":"SFYTGE","id":"RFC-GEN620601DTA"},"payee":{"name":"ARQUITECTURA CONSTRUCTIVA SAENZ SA DE CV Y MANUFACTURERA ALEAR SA DE CV PROPUESTA CONJUNTA","id":"SIN DATO-425E1886-8B70-4655-8319-1B1A37CC3ECF"}},{"id":"EST-2016-03-717","date":"2016-03-11T10:04:09-06:00","value":{"amount":-718858.52,"currency":"MXN"},"payer":{"name":"SFYTGE","id":"RFC-GEN620601DTA"},"payee":{"name":"ARQUITECTURA CONSTRUCTIVA SAENZ SA DE CV Y MANUFACTURERA ALEAR SA DE CV PROPUESTA CONJUNTA","id":"SIN DATO-763DD188-E583-4F7D-9D58-F5987E6949CD"}},{"id":"EST-2017-01-191","date":"2017-01-26T08:33:43-06:00","value":{"amount":89998.96,"currency":"MXN"},"payer":{"name":"SFYTGE","id":"RFC-GEN620601DTA"},"payee":{"name":"ARQUITECTURA CONSTRUCTIVA SAENZ SA DE CV Y MANUFACTURERA ALEAR SA DE CV PROPUESTA CONJUNTA","id":"SIN DATO-6BBE536A-3034-4DB7-87CD-C9B18C2FF652"}},{"id":"EST-2015-06-862","date":"2015-06-18T09:02:25-05:00","value":{"amount":-5587880.39,"currency":"MXN"},"payer":{"name":"SFYTGE","id":"RFC-GEN620601DTA"},"payee":{"name":"ARQUITECTURA CONSTRUCTIVA SAENZ SA DE CV Y MANUFACTURERA ALEAR SA DE CV PROPUESTA CONJUNTA","id":"SIN DATO-9DD41D3D-4A3B-4ED7-93B7-AB29F111071E"}},{"id":"EST-2016-01-660","date":"2016-01-19T09:59:07-06:00","value":{"amount":1453907.53,"currency":"MXN"},"payer":{"name":"SFYTGE","id":"RFC-GEN620601DTA"},"payee":{"name":"ARQUITECTURA CONSTRUCTIVA SAENZ SA DE CV Y MANUFACTURERA ALEAR SA DE CV PROPUESTA CONJUNTA","id":"SIN DATO-86609795-CA8B-48B2-89F7-4B05947DCB50"}},{"id":"EST-2016-01-666","date":"2016-01-19T12:00:14-06:00","value":{"amount":3016595.34,"currency":"MXN"},"payer":{"name":"SFYTGE","id":"RFC-GEN620601DTA"},"payee":{"name":"ARQUITECTURA CONSTRUCTIVA SAENZ SA DE CV Y MANUFACTURERA ALEAR SA DE CV PROPUESTA CONJUNTA","id":"SIN DATO-34C488E0-C129-4126-8DC4-13FEA278F2B0"}},{"id":"EST-2016-03-714","date":"2016-03-03T12:54:40-06:00","value":{"amount":478589.78,"currency":"MXN"},"payer":{"name":"SFYTGE","id":"RFC-GEN620601DTA"},"payee":{"name":"ARQUITECTURA CONSTRUCTIVA SAENZ SA DE CV Y MANUFACTURERA ALEAR SA DE CV PROPUESTA CONJUNTA","id":"SIN DATO-609EFED2-DFC6-4134-81AF-99A575C44DC6"}},{"id":"EST-2016-10-999","date":"2016-10-26T13:22:43-05:00","value":{"amount":-283529.65,"currency":"MXN"},"payer":{"name":"SFYTGE","id":"RFC-GEN620601DTA"},"payee":{"name":"ARQUITECTURA CONSTRUCTIVA SAENZ SA DE CV Y MANUFACTURERA ALEAR SA DE CV PROPUESTA CONJUNTA","id":"SIN DATO-A8F4DC1A-7FCB-4617-B783-428840D87588"}},{"id":"EST-2016-11-012","date":"2016-11-03T10:39:50-06:00","value":{"amount":25253.78,"currency":"MXN"},"payer":{"name":"SFYTGE","id":"RFC-GEN620601DTA"},"payee":{"name":"ARQUITECTURA CONSTRUCTIVA SAENZ SA DE CV Y MANUFACTURERA ALEAR SA DE CV PROPUESTA CONJUNTA","id":"SIN DATO-E9B880B4-B264-4C9A-AB7E-E64F02C48148"}},{"id":"EST-2017-01-197","date":"2017-01-27T12:50:55-06:00","value":{"amount":193900.87,"currency":"MXN"},"payer":{"name":"SFYTGE","id":"RFC-GEN620601DTA"},"payee":{"name":"ARQUITECTURA CONSTRUCTIVA SAENZ SA DE CV Y MANUFACTURERA ALEAR SA DE CV PROPUESTA CONJUNTA","id":"SIN DATO-F3C67C38-35FA-4002-A23D-9BFB7CB3CAFD"}},{"id":"EST-2015-06-863","date":"2015-06-18T09:36:46-05:00","value":{"amount":727901.42,"currency":"MXN"},"payer":{"name":"SFYTGE","id":"RFC-GEN620601DTA"},"payee":{"name":"ARQUITECTURA CONSTRUCTIVA SAENZ SA DE CV Y MANUFACTURERA ALEAR SA DE CV PROPUESTA CONJUNTA","id":"SIN DATO-1AEAC06C-E43D-42A3-855B-E3A8DA7B909D"}},{"id":"EST-2016-01-664","date":"2016-01-19T11:36:29-06:00","value":{"amount":873691.74,"currency":"MXN"},"payer":{"name":"SFYTGE","id":"RFC-GEN620601DTA"},"payee":{"name":"ARQUITECTURA CONSTRUCTIVA SAENZ SA DE CV Y MANUFACTURERA ALEAR SA DE CV PROPUESTA CONJUNTA","id":"SIN DATO-07AF5C34-DF82-4DA7-91CD-40E34D435627"}},{"id":"EST-2016-03-716","date":"2016-03-09T10:35:13-06:00","value":{"amount":-69619.33,"currency":"MXN"},"payer":{"name":"SFYTGE","id":"RFC-GEN620601DTA"},"payee":{"name":"ARQUITECTURA CONSTRUCTIVA SAENZ SA DE CV Y MANUFACTURERA ALEAR SA DE CV PROPUESTA CONJUNTA","id":"SIN DATO-B1697BD7-E624-471F-83E5-1AC3F7802D72"}},{"id":"EST-2016-10-001","date":"2016-10-31T14:37:33-06:00","value":{"amount":69264.52,"currency":"MXN"},"payer":{"name":"SFYTGE","id":"RFC-GEN620601DTA"},"payee":{"name":"ARQUITECTURA CONSTRUCTIVA SAENZ SA DE CV Y MANUFACTURERA ALEAR SA DE CV PROPUESTA CONJUNTA","id":"SIN DATO-9E852DEA-FC31-461F-8758-96FAB99CAAB2"}},{"id":"EST-2017-05-616","date":"2016-11-04T10:38:47-06:00","value":{"amount":50212.68,"currency":"MXN"},"payer":{"name":"SFYTGE","id":"RFC-GEN620601DTA"},"payee":{"name":"ARQUITECTURA CONSTRUCTIVA SAENZ SA DE CV Y MANUFACTURERA ALEAR SA DE CV PROPUESTA CONJUNTA","id":"SIN DATO-ABB92B99-FB4D-4F79-BD5D-C8A86E378959"}},{"id":"EST-2015-10-452","date":"2015-10-26T12:08:59-06:00","value":{"amount":63199.6,"currency":"MXN"},"payer":{"name":"SFYTGE","id":"RFC-GEN620601DTA"},"payee":{"name":"ARQUITECTURA CONSTRUCTIVA SAENZ SA DE CV Y MANUFACTURERA ALEAR SA DE CV PROPUESTA CONJUNTA","id":"SIN DATO-F4746DB0-6095-4895-AAE9-D16AEA3B2FF7"}},{"id":"EST-2016-03-719","date":"2016-03-11T11:23:08-06:00","value":{"amount":2085619.24,"currency":"MXN"},"payer":{"name":"SFYTGE","id":"RFC-GEN620601DTA"},"payee":{"name":"ARQUITECTURA CONSTRUCTIVA SAENZ SA DE CV Y MANUFACTURERA ALEAR SA DE CV PROPUESTA CONJUNTA","id":"SIN DATO-ADCB0C5E-7D00-41C0-834E-EBA6AFA98AF2"}},{"id":"EST-2016-11-004","date":"2016-11-01T14:09:18-06:00","value":{"amount":236167.18,"currency":"MXN"},"payer":{"name":"SFYTGE","id":"RFC-GEN620601DTA"},"payee":{"name":"ARQUITECTURA CONSTRUCTIVA SAENZ SA DE CV Y MANUFACTURERA ALEAR SA DE CV PROPUESTA CONJUNTA","id":"SIN DATO-21312E96-800E-4A31-8EA0-558D644F85A6"}},{"id":"EST-2016-11-014","date":"2016-11-03T13:39:46-06:00","value":{"amount":144564.52,"currency":"MXN"},"payer":{"name":"SFYTGE","id":"RFC-GEN620601DTA"},"payee":{"name":"ARQUITECTURA CONSTRUCTIVA SAENZ SA DE CV Y MANUFACTURERA ALEAR SA DE CV PROPUESTA CONJUNTA","id":"SIN DATO-CEBD4CCA-F419-49A7-8F90-8E13E488DA55"}},{"id":"EST-2017-05-641","date":"2016-12-19T12:06:07-06:00","value":{"amount":352033.94,"currency":"MXN"},"payer":{"name":"SFYTGE","id":"RFC-GEN620601DTA"},"payee":{"name":"ARQUITECTURA CONSTRUCTIVA SAENZ SA DE CV Y MANUFACTURERA ALEAR SA DE CV PROPUESTA CONJUNTA","id":"SIN DATO-CE006055-D6EC-4159-87E5-891F9E3BAC7A"}},{"id":"EST-2015-11-510","date":"2015-11-17T07:58:22-06:00","value":{"amount":79556.06,"currency":"MXN"},"payer":{"name":"SFYTGE","id":"RFC-GEN620601DTA"},"payee":{"name":"ARQUITECTURA CONSTRUCTIVA SAENZ SA DE CV Y MANUFACTURERA ALEAR SA DE CV PROPUESTA CONJUNTA","id":"SIN DATO-82BF0B35-0383-46B0-AD09-73E338CBB70F"}},{"id":"EST-2016-10-998","date":"2016-10-26T13:05:11-05:00","value":{"amount":202386.14,"currency":"MXN"},"payer":{"name":"SFYTGE","id":"RFC-GEN620601DTA"},"payee":{"name":"ARQUITECTURA CONSTRUCTIVA SAENZ SA DE CV Y MANUFACTURERA ALEAR SA DE CV PROPUESTA CONJUNTA","id":"SIN DATO-27DCFCBE-596E-4A8D-BDD1-DE188930A9FA"}},{"id":"EST-2016-12-121","date":"2016-12-19T11:08:18-06:00","value":{"amount":207462.59,"currency":"MXN"},"payer":{"name":"SFYTGE","id":"RFC-GEN620601DTA"},"payee":{"name":"ARQUITECTURA CONSTRUCTIVA SAENZ SA DE CV Y MANUFACTURERA ALEAR SA DE CV PROPUESTA CONJUNTA","id":"SIN DATO-1218C95B-23C9-4DF6-ACB4-3C22899926A5"}},{"id":"EST-2017-05-619","date":"2016-11-04T12:00:28-06:00","value":{"amount":230009.99,"currency":"MXN"},"payer":{"name":"SFYTGE","id":"RFC-GEN620601DTA"},"payee":{"name":"ARQUITECTURA CONSTRUCTIVA SAENZ SA DE CV Y MANUFACTURERA ALEAR SA DE CV PROPUESTA CONJUNTA","id":"SIN DATO-CBEAAAC9-95D0-417A-B60E-06A5E31BC667"}},{"id":"EST-2017-06-765","date":"2017-06-27T14:43:22-05:00","value":{"amount":-1017524.61,"currency":"MXN"},"payer":{"name":"SFYTGE","id":"RFC-GEN620601DTA"},"payee":{"name":"ARQUITECTURA CONSTRUCTIVA SAENZ SA DE CV Y MANUFACTURERA ALEAR SA DE CV PROPUESTA CONJUNTA","id":"SIN DATO-61EEDF36-77AE-43C3-B20D-2D35CE815DDE"}},{"id":"EST-2015-11-513","date":"2015-11-17T08:52:10-06:00","value":{"amount":312015.38,"currency":"MXN"},"payer":{"name":"SFYTGE","id":"RFC-GEN620601DTA"},"payee":{"name":"ARQUITECTURA CONSTRUCTIVA SAENZ SA DE CV Y MANUFACTURERA ALEAR SA DE CV PROPUESTA CONJUNTA","id":"SIN DATO-BDBE1D84-9E29-461F-AE0B-08E126F90DD6"}},{"id":"EST-2017-01-183","date":"2017-01-19T13:49:28-06:00","value":{"amount":7808.54,"currency":"MXN"},"payer":{"name":"SFYTGE","id":"RFC-GEN620601DTA"},"payee":{"name":"ARQUITECTURA CONSTRUCTIVA SAENZ SA DE CV Y MANUFACTURERA ALEAR SA DE CV PROPUESTA CONJUNTA","id":"SIN DATO-9C14838A-4A11-415E-B929-1F40257830C5"}},{"id":"EST-2017-05-615","date":"2016-11-03T08:38:47-06:00","value":{"amount":29142.82,"currency":"MXN"},"payer":{"name":"SFYTGE","id":"RFC-GEN620601DTA"},"payee":{"name":"ARQUITECTURA CONSTRUCTIVA SAENZ SA DE CV Y MANUFACTURERA ALEAR SA DE CV PROPUESTA CONJUNTA","id":"SIN DATO-BE637075-0138-4AF6-BBD6-6C0E1C7987B8"}},{"id":"EST-2017-05-642","date":"2016-12-19T12:30:58-06:00","value":{"amount":186158.64,"currency":"MXN"},"payer":{"name":"SFYTGE","id":"RFC-GEN620601DTA"},"payee":{"name":"ARQUITECTURA CONSTRUCTIVA SAENZ SA DE CV Y MANUFACTURERA ALEAR SA DE CV PROPUESTA CONJUNTA","id":"SIN DATO-11031CF8-099B-4127-A6D0-65DE4F29B93E"}},{"id":"EST-2015-11-523","date":"2015-11-18T12:10:49-06:00","value":{"amount":22508.18,"currency":"MXN"},"payer":{"name":"SFYTGE","id":"RFC-GEN620601DTA"},"payee":{"name":"ARQUITECTURA CONSTRUCTIVA SAENZ SA DE CV Y MANUFACTURERA ALEAR SA DE CV PROPUESTA CONJUNTA","id":"SIN DATO-2CEEDEBD-8FE3-4573-A65D-C022D8BC637D"}},{"id":"EST-2017-01-184","date":"2017-01-20T09:12:07-06:00","value":{"amount":8895.85,"currency":"MXN"},"payer":{"name":"SFYTGE","id":"RFC-GEN620601DTA"},"payee":{"name":"ARQUITECTURA CONSTRUCTIVA SAENZ SA DE CV Y MANUFACTURERA ALEAR SA DE CV PROPUESTA CONJUNTA","id":"SIN DATO-CFF66769-8186-4233-BD47-068C07E601EA"}},{"id":"EST-2017-05-636","date":"2016-12-19T12:20:13-06:00","value":{"amount":351224.56,"currency":"MXN"},"payer":{"name":"SFYTGE","id":"RFC-GEN620601DTA"},"payee":{"name":"ARQUITECTURA CONSTRUCTIVA SAENZ SA DE CV Y MANUFACTURERA ALEAR SA DE CV PROPUESTA CONJUNTA","id":"SIN DATO-542344E6-79EC-4FB6-AF1A-BE10F40EEFC2"}},{"id":"EST-2017-05-645","date":"2017-01-23T14:26:47-06:00","value":{"amount":471865.41,"currency":"MXN"},"payer":{"name":"SFYTGE","id":"RFC-GEN620601DTA"},"payee":{"name":"ARQUITECTURA CONSTRUCTIVA SAENZ SA DE CV Y MANUFACTURERA ALEAR SA DE CV PROPUESTA CONJUNTA","id":"SIN DATO-718676E5-D8F9-4FB7-A6C5-F1429E99AB09"}},{"id":"EST-2015-11-524","date":"2015-11-18T12:31:02-06:00","value":{"amount":-291324.34,"currency":"MXN"},"payer":{"name":"SFYTGE","id":"RFC-GEN620601DTA"},"payee":{"name":"ARQUITECTURA CONSTRUCTIVA SAENZ SA DE CV Y MANUFACTURERA ALEAR SA DE CV PROPUESTA CONJUNTA","id":"SIN DATO-A0D7F94C-AD9D-4530-BC40-8B719CF2337C"}},{"id":"EST-2017-01-194","date":"2017-01-27T08:45:54-06:00","value":{"amount":91835.34,"currency":"MXN"},"payer":{"name":"SFYTGE","id":"RFC-GEN620601DTA"},"payee":{"name":"ARQUITECTURA CONSTRUCTIVA SAENZ SA DE CV Y MANUFACTURERA ALEAR SA DE CV PROPUESTA CONJUNTA","id":"SIN DATO-7F5F8FF3-2638-465D-A4AD-20FEBE1A6A79"}},{"id":"EST-2017-05-651","date":"2017-01-25T13:57:45-06:00","value":{"amount":267054.32,"currency":"MXN"},"payer":{"name":"SFYTGE","id":"RFC-GEN620601DTA"},"payee":{"name":"ARQUITECTURA CONSTRUCTIVA SAENZ SA DE CV Y MANUFACTURERA ALEAR SA DE CV PROPUESTA CONJUNTA","id":"SIN DATO-10300CD5-EE04-4C8E-9FD7-63491F43C097"}},{"id":"EST-2017-05-660","date":"2017-01-27T12:36:16-06:00","value":{"amount":391028.76,"currency":"MXN"},"payer":{"name":"SFYTGE","id":"RFC-GEN620601DTA"},"payee":{"name":"ARQUITECTURA CONSTRUCTIVA SAENZ SA DE CV Y MANUFACTURERA ALEAR SA DE CV PROPUESTA CONJUNTA","id":"SIN DATO-EE9556E7-F861-4206-A40E-099A8160253E"}},{"id":"EST-2015-11-545","date":"2015-11-20T13:19:22-06:00","value":{"amount":-550248.37,"currency":"MXN"},"payer":{"name":"SFYTGE","id":"RFC-GEN620601DTA"},"payee":{"name":"ARQUITECTURA CONSTRUCTIVA SAENZ SA DE CV Y MANUFACTURERA ALEAR SA DE CV PROPUESTA CONJUNTA","id":"SIN DATO-33300D85-321A-4D59-B9A4-45DA858BAE3D"}},{"id":"EST-2017-05-658","date":"2017-01-26T10:53:02-06:00","value":{"amount":27075.33,"currency":"MXN"},"payer":{"name":"SFYTGE","id":"RFC-GEN620601DTA"},"payee":{"name":"ARQUITECTURA CONSTRUCTIVA SAENZ SA DE CV Y MANUFACTURERA ALEAR SA DE CV PROPUESTA CONJUNTA","id":"SIN DATO-074A1107-C7BF-45FD-8BB3-86E56DDCF67E"}},{"id":"EST-2017-06-759","date":"2017-06-27T09:39:55-05:00","value":{"amount":71575.44,"currency":"MXN"},"payer":{"name":"SFYTGE","id":"RFC-GEN620601DTA"},"payee":{"name":"ARQUITECTURA CONSTRUCTIVA SAENZ SA DE CV Y MANUFACTURERA ALEAR SA DE CV PROPUESTA CONJUNTA","id":"SIN DATO-C55BB61B-3A48-44BE-BBCF-A562789D4479"}},{"id":"EST-2017-06-774","date":"2017-06-28T11:12:31-05:00","value":{"amount":-6148231.99,"currency":"MXN"},"payer":{"name":"SFYTGE","id":"RFC-GEN620601DTA"},"payee":{"name":"ARQUITECTURA CONSTRUCTIVA SAENZ SA DE CV Y MANUFACTURERA ALEAR SA DE CV PROPUESTA CONJUNTA","id":"SIN DATO-E31AE235-42C2-4EC7-B25B-4208EFEB2B56"}},{"id":"EST-2016-01-658","date":"2016-01-19T09:07:12-06:00","value":{"amount":792142.58,"currency":"MXN"},"payer":{"name":"SFYTGE","id":"RFC-GEN620601DTA"},"payee":{"name":"ARQUITECTURA CONSTRUCTIVA SAENZ SA DE CV Y MANUFACTURERA ALEAR SA DE CV PROPUESTA CONJUNTA","id":"SIN DATO-4C85305D-FE61-4C93-9381-C2907E12DE97"}},{"id":"EST-2017-06-761","date":"2017-06-27T13:03:07-05:00","value":{"amount":7626.48,"currency":"MXN"},"payer":{"name":"SFYTGE","id":"RFC-GEN620601DTA"},"payee":{"name":"ARQUITECTURA CONSTRUCTIVA SAENZ SA DE CV Y MANUFACTURERA ALEAR SA DE CV PROPUESTA CONJUNTA","id":"SIN DATO-1CE3A5A1-1655-4EEE-BD4D-1DC4081B13EF"}},{"id":"EST-2016-01-663","date":"2016-01-19T11:24:50-06:00","value":{"amount":573429.86,"currency":"MXN"},"payer":{"name":"SFYTGE","id":"RFC-GEN620601DTA"},"payee":{"name":"ARQUITECTURA CONSTRUCTIVA SAENZ SA DE CV Y MANUFACTURERA ALEAR SA DE CV PROPUESTA CONJUNTA","id":"SIN DATO-5961B821-1C84-4DC1-A96A-71EE461295B1"}},{"id":"EST-2016-03-713","date":"2016-03-03T12:00:16-06:00","value":{"amount":151708.56,"currency":"MXN"},"payer":{"name":"SFYTGE","id":"RFC-GEN620601DTA"},"payee":{"name":"ARQUITECTURA CONSTRUCTIVA SAENZ SA DE CV Y MANUFACTURERA ALEAR SA DE CV PROPUESTA CONJUNTA","id":"SIN DATO-6AC71F06-8B01-4B75-9038-A5F4EA0BEACC"}},{"id":"EST-2016-03-718","date":"2016-03-11T11:03:49-06:00","value":{"amount":-155067.16,"currency":"MXN"},"payer":{"name":"SFYTGE","id":"RFC-GEN620601DTA"},"payee":{"name":"ARQUITECTURA CONSTRUCTIVA SAENZ SA DE CV Y MANUFACTURERA ALEAR SA DE CV PROPUESTA CONJUNTA","id":"SIN DATO-FD69A88F-2FB9-4EA7-8DB3-F1D34D477A81"}},{"id":"EST-2016-10-995","date":"2016-10-25T11:15:30-05:00","value":{"amount":4220.79,"currency":"MXN"},"payer":{"name":"SFYTGE","id":"RFC-GEN620601DTA"},"payee":{"name":"ARQUITECTURA CONSTRUCTIVA SAENZ SA DE CV Y MANUFACTURERA ALEAR SA DE CV PROPUESTA CONJUNTA","id":"SIN DATO-0E8F7389-15C5-413F-82F1-10649E048B95"}},{"id":"EST-2016-11-011","date":"2016-11-03T10:10:30-06:00","value":{"amount":32946.67,"currency":"MXN"},"payer":{"name":"SFYTGE","id":"RFC-GEN620601DTA"},"payee":{"name":"ARQUITECTURA CONSTRUCTIVA SAENZ SA DE CV Y MANUFACTURERA ALEAR SA DE CV PROPUESTA CONJUNTA","id":"SIN DATO-86E1A6ED-D324-4D64-A6E9-86698EBCCE9F"}},{"id":"EST-2017-05-635","date":"2016-11-08T11:04:10-06:00","value":{"amount":156420.4,"currency":"MXN"},"payer":{"name":"SFYTGE","id":"RFC-GEN620601DTA"},"payee":{"name":"ARQUITECTURA CONSTRUCTIVA SAENZ SA DE CV Y MANUFACTURERA ALEAR SA DE CV PROPUESTA CONJUNTA","id":"SIN DATO-CAD90619-AC1A-4219-B7FA-CB5C251E2DAA"}},{"id":"EST-2017-05-643","date":"2017-01-09T12:56:56-06:00","value":{"amount":26047.1,"currency":"MXN"},"payer":{"name":"SFYTGE","id":"RFC-GEN620601DTA"},"payee":{"name":"ARQUITECTURA CONSTRUCTIVA SAENZ SA DE CV Y MANUFACTURERA ALEAR SA DE CV PROPUESTA CONJUNTA","id":"SIN DATO-9148A8DB-1067-4480-8F00-5CAF0A7B34ED"}},{"id":"EST-2017-05-644","date":"2017-01-11T13:11:51-06:00","value":{"amount":3338.05,"currency":"MXN"},"payer":{"name":"SFYTGE","id":"RFC-GEN620601DTA"},"payee":{"name":"ARQUITECTURA CONSTRUCTIVA SAENZ SA DE CV Y MANUFACTURERA ALEAR SA DE CV PROPUESTA CONJUNTA","id":"SIN DATO-5519E162-347C-4DE3-96B5-10F278869E39"}},{"id":"EST-2017-05-646","date":"2017-01-23T11:18:24-06:00","value":{"amount":91509.99,"currency":"MXN"},"payer":{"name":"SFYTGE","id":"RFC-GEN620601DTA"},"payee":{"name":"ARQUITECTURA CONSTRUCTIVA SAENZ SA DE CV Y MANUFACTURERA ALEAR SA DE CV PROPUESTA CONJUNTA","id":"SIN DATO-2B08B4B0-C716-436B-A377-0E8D122FAD36"}},{"id":"EST-2017-06-767","date":"2017-06-27T16:05:06-05:00","value":{"amount":-217058.11,"currency":"MXN"},"payer":{"name":"SFYTGE","id":"RFC-GEN620601DTA"},"payee":{"name":"ARQUITECTURA CONSTRUCTIVA SAENZ SA DE CV Y MANUFACTURERA ALEAR SA DE CV PROPUESTA CONJUNTA","id":"SIN DATO-5A330F64-20A6-42D2-9B56-EC68131A328C"}}],"documents":[]},"milestones":[]}],"language":"es"}}]}