{"uri":"http://si.nl.gob.mx/Acceso/DatosAbiertos/000005/LO-919009986-E14-2019/v001/RecordPackage-ocds-7wj9x5-LO-919009986-E14-2019-v001-contract.json","publisher":{"scheme":"GB-COH","uid":"","name":"Secretaría de Infraestructura del Estado de Nuevo León","uri":"http://si.nl.gob.mx"},"publishedDate":"2020-03-24T21:21:33.7863008-06:00","license":"https://datos.gob.mx/libreusomx","publicationPolicy":"http://si.nl.gob.mx","version":"1.1","packages":["https://raw.githubusercontent.com/INAImexico/ocds_requestForQuotes_extension/master/extension.json"],"records":[{"ocid":"ocds-7wj9x5-LO-919009986-E14-2019001","releases":[{"url":"http://si.nl.gob.mx/Acceso/DatosAbiertos/000005/LO-919009986-E14-2019/v001/Release-ocds-7wj9x5-LO-919009986-E14-2019-v001-contract.json","date":"2020-03-24T21:21:33.743-06:00","tag":["tender"]}],"compiledRelease":{"ocid":"ocds-7wj9x5-LO-919009986-E14-2019-v001","id":"ocds-7wj9x5-LO-919009986-E14-2019-v001-contract","date":"2020-03-24T21:21:33.7416181-06:00","tag":["planning","tender","award","contract"],"initiationType":"tender","parties":[{"name":"Mpio. El Carmen","id":"SIASI-000099","identifier":{"scheme":"SIASI","legalName":"SISTEMA INTEGRAL DE ADMINISTRACIÓN DE LA SECRETARÍA DE INFRAESTRUCTURA"},"address":{"streetAddress":"Washington","locality":"Monterrey","region":"Nuevo León","postalCode":"64010","countryName":"México"},"contactPoint":{"name":"Jesús Salvador Pérez Rodríguez","email":"salvador.perez @nuevoleon.gob.mx","telephone":"8120206730","url":"http://www.nl.gob.mx/dependencias"},"roles":["buyer"]},{"name":"SECRETARIA DE INFRAESTRUCTURA","id":"SIASI-000011","identifier":{"scheme":"SIASI","legalName":"SISTEMA INTEGRAL DE ADMINISTRACIÓN DE LA SECRETARÍA DE INFRAESTRUCTURA"},"address":{"streetAddress":"WASHIGTON 648 OTE","locality":"MONTERREY","region":"NUEVO LEÓN","postalCode":"64000","countryName":"MÉXICO"},"contactPoint":{"name":"HUMBERTO TORRES PADILLA","email":"salvador.perez @nuevoleon.gob.mx","telephone":"8120206730","url":"http://si.nl.gob.mx/"},"roles":["procuringEntity"]},{"name":"SECRETARIA DE FINANZAS Y TESORERIA GENERAL DEL ESTADO DE NUEVO LEON","id":"SIASI-000004","identifier":{"scheme":"SIASI","legalName":"SISTEMA INTEGRAL DE ADMINISTRACIÓN DE LA SECRETARÍA DE INFRAESTRUCTURA"},"address":{"streetAddress":"ESCOBEDO SUR PISO 3 333","locality":"MONTERREY","region":"NUEVO LEÓN","postalCode":"64000","countryName":"MÉXICO"},"contactPoint":{"name":"Jesús Salvador Pérez Rodríguez","email":"salvador.perez @nuevoleon.gob.mx","telephone":"8120206730","url":"http://www.nl.gob.mx/tesoreria"},"roles":["payer"]},{"name":"COMPAÑIA CONSTRUCTORA SACADEAGUA, S.A. DE C.V.","id":"RFC-CSA980119ABA","identifier":{"scheme":"RFC","id":"CSA980119ABA","legalName":"REGISTRO FEDERAL DE CONTRIBUYENTES"},"address":{"locality":"MONTERREY","postalCode":"64280"},"contactPoint":{"name":"LUIS ELOY RIOS COBOS","telephone":"8110503919"},"roles":["tenderer"]},{"name":"CONSTRUCCIONES DYNAMO, S.A. DE C.V.","id":"RFC-CDY980323MA8","identifier":{"scheme":"RFC","id":"CDY980323MA8","legalName":"REGISTRO FEDERAL DE CONTRIBUYENTES"},"address":{"locality":"MONTERREY","postalCode":"64800"},"contactPoint":{"name":"CESAR EDUARDO GARCIA GUERRERO","telephone":"52 81 83550589 "},"roles":["tenderer","supplier"]},{"name":"CONSTRUCCIONES Y URBANIZACIONES ALVIZURI, S.A. DE C.V.","id":"RFC-CUA0309221J7","identifier":{"scheme":"RFC","id":"CUA0309221J7","legalName":"REGISTRO FEDERAL DE CONTRIBUYENTES"},"address":{"locality":"GUADALUPE","postalCode":"67140"},"contactPoint":{"telephone":"8180882129"},"roles":["tenderer"]},{"name":"TECNOLOGIA Y ARQUITECTURA MODERNA, S.A. DE C.V.","id":"RFC-TAM050819KF7","identifier":{"scheme":"RFC","id":"TAM050819KF7","legalName":"REGISTRO FEDERAL DE CONTRIBUYENTES"},"address":{"streetAddress":"RECTANGULOS  124","locality":"GARCIA","postalCode":"66001"},"contactPoint":{"name":"GUILLERMO ANDRES GUAJARDO MORALES","telephone":"8117785460"},"roles":["tenderer"]},{"name":"KC PROYECTOS Y CONSTRUCCIONES","id":"RFC-KPC9301099K1","identifier":{"scheme":"RFC","id":"KPC9301099K1","legalName":"REGISTRO FEDERAL DE CONTRIBUYENTES"},"address":{"locality":"MONTERREY","postalCode":"64910"},"contactPoint":{"telephone":"8181148481"},"roles":["tenderer"]},{"name":"MEDALSA CONSTRUCCIONES, S.A. DE C.V.","id":"RFC-MCO130227IG2","identifier":{"scheme":"RFC","id":"MCO130227IG2","legalName":"REGISTRO FEDERAL DE CONTRIBUYENTES"},"address":{"locality":"LINARES","postalCode":"67700"},"contactPoint":{"name":"MAURO MEDINA PEDRAZA","telephone":"8119906151"},"roles":["tenderer"]},{"name":"COTELSA, S.A. DE C.V.","id":"RFC-COT930531J32","identifier":{"scheme":"RFC","id":"COT930531J32","legalName":"REGISTRO FEDERAL DE CONTRIBUYENTES"},"address":{"streetAddress":"PRIV. XILOFACTOS 101 82","locality":"MONTERREY","postalCode":"64270"},"contactPoint":{"name":"FERNANDO TREVIÑO LOERA","telephone":"8183111619"},"roles":["tenderer"]},{"name":"VIP DESARROLLO URBANO, S.A. DE C.V.","id":"RFC-VDU920917EK0","identifier":{"scheme":"RFC","id":"VDU920917EK0","legalName":"REGISTRO FEDERAL DE CONTRIBUYENTES"},"address":{"streetAddress":"OCCIDENTAL 265 L 9","locality":"REYNOSA","postalCode":"88630"},"contactPoint":{"name":"RAUL MARTINEZ VILLARREAL","telephone":"8182522144"},"roles":["tenderer"]}],"buyer":{"id":"SIASI-000099","name":"Mpio. El Carmen"},"planning":{"rationale":"800 personas diarias","numberOfBeneficiaries":0,"budget":{"id":"20455","description":"FIES 2018","amount":{"amount":29985141.15,"currency":"MXN"},"project":"Conclusión de construcción de Unidad Deportiva en la Col. Alianza Real de El Carmen, N.L.  - Gimnasio y Futbol7","projectID":"DT-SSE-DPCP-424-2019"},"documents":[{"id":"786","documentType":"Estudio de mercado","title":"Estudio de mercado","description":"Estudio de mercado","url":"http://si.nl.gob.mx/Acceso/DatosAbiertos/DocumentosPublicos/000005/LO-919009986-E14-2019/01. Planeación/Estudio de mercado.pdf","datePublished":"2020-03-21T18:03:02.3-06:00","dateModified":"0001-01-01T00:00:00-06:00","format":"application/pdf","language":"es","x_section":"planning"},{"id":"787","documentType":"Proyecto ejecutivo","title":"Proyecto ejecutivo","description":"Proyecto ejecutivo","url":"http://si.nl.gob.mx/Acceso/DatosAbiertos/DocumentosPublicos/000005/LO-919009986-E14-2019/01. Planeación/Proyecto ejecutivo.pdf","datePublished":"2020-03-21T18:03:02.317-06:00","dateModified":"0001-01-01T00:00:00-06:00","format":"application/pdf","language":"es","x_section":"planning"}]},"tender":{"id":"LO-919009986-E14-2019","title":"Conclusión de construcción de Unidad Deportiva en la Col. Alianza Real de El Carmen, N.L.  - Gimnasio y Futbol7","description":"Conclusión de construcción de Unidad Deportiva en la Col. Alianza Real de El Carmen, N.L.  - Gimnasio y Futbol7","status":"complete","procuringEntity":{"name":"SECRETARIA DE INFRAESTRUCTURA","id":"SIASI-000011"},"value":{"amount":59970282.3,"currency":"MXN"},"minValue":{"amount":0.0,"currency":"MXN"},"procurementMethod":"open","procurementMethodDetails":"Licitación Federal","procurementMethodRationale":"Justificación para el método de compra elegido","mainProcurementCategory":"goods","additionalProcurementCategories":["ND"],"awardCriteria":"priceOnly","awardCriteriaDetails":"Para la adjudicación del contrato LA DEPENDENCIA efectuará un análisis comparativo de las propuestas admitidas que no fueron desechadas en el aspecto legal, técnico o económico y elaborará un dictamen en el que se tomaran en cuenta los criterios generales de adjudicación expresados en la Convocatoria.","submissionMethod":["inPerson"],"submissionMethodDetails":"El representante del licitante deberá presentar en persona su oferta escrita en sobre cerrado","tenderPeriod":{"startDate":"2019-07-30T00:00:00-05:00","endDate":"2019-08-23T00:00:00-05:00","maxExtentDate":"2019-08-23T00:00:00-05:00","durationInDays":24},"enquiryPeriod":{"startDate":"2019-07-30T00:00:00-05:00","endDate":"2019-08-15T00:00:00-05:00","maxExtentDate":"2019-08-15T00:00:00-05:00","durationInDays":16},"hasEnquiries":true,"eligibilityCriteria":"El criterio establecido por el artículo 38 de la Ley de obras públicas y servicios relacionados con las mismas","awardPeriod":{"startDate":"2019-08-23T00:00:00-05:00","endDate":"2019-09-02T00:00:00-05:00","maxExtentDate":"2019-10-02T00:00:00-05:00","durationInDays":10},"contractPeriod":{"startDate":"2019-09-02T00:00:00-05:00","endDate":"2019-09-04T00:00:00-05:00","maxExtentDate":"2019-09-11T00:00:00-05:00","durationInDays":2},"numberOfTenderers":8,"tenderers":[{"name":"COMPAÑIA CONSTRUCTORA SACADEAGUA, S.A. DE C.V.","id":"RFC-CSA980119ABA"},{"name":"CONSTRUCCIONES DYNAMO, S.A. DE C.V.","id":"RFC-CDY980323MA8"},{"name":"CONSTRUCCIONES Y URBANIZACIONES ALVIZURI, S.A. DE C.V.","id":"RFC-CUA0309221J7"},{"name":"TECNOLOGIA Y ARQUITECTURA MODERNA, S.A. DE C.V.","id":"RFC-TAM050819KF7"},{"name":"KC PROYECTOS Y CONSTRUCCIONES","id":"RFC-KPC9301099K1"},{"name":"MEDALSA CONSTRUCCIONES, S.A. DE C.V.","id":"RFC-MCO130227IG2"},{"name":"COTELSA, S.A. DE C.V.","id":"RFC-COT930531J32"},{"name":"VIP DESARROLLO URBANO, S.A. DE C.V.","id":"RFC-VDU920917EK0"}],"documents":[{"id":"788","documentType":"Acta de juntas de aclaraciones a las preguntas de los licitantes","title":"Acta de juntas de aclaraciones a las preguntas de los licitantes","description":"Acta de juntas de aclaraciones a las preguntas de los licitantes","url":"http://si.nl.gob.mx/Acceso/DatosAbiertos/DocumentosPublicos/000005/LO-919009986-E14-2019/02. Invitación/Acta de juntas de aclaraciones a las preguntas de los licitantes.pdf","datePublished":"2020-03-21T18:03:02.33-06:00","dateModified":"0001-01-01T00:00:00-06:00","format":"application/pdf","language":"es","x_section":"tender"},{"id":"789","documentType":"Acta de presentación y apertura de propuestas de licitaciones","title":"Acta de presentación y apertura de propuestas de licitaciones","description":"Acta de presentación y apertura de propuestas de licitaciones","url":"http://si.nl.gob.mx/Acceso/DatosAbiertos/DocumentosPublicos/000005/LO-919009986-E14-2019/02. Invitación/Acta de presentación y apertura de propuestas de licitaciones.pdf","datePublished":"2020-03-21T18:03:02.347-06:00","dateModified":"0001-01-01T00:00:00-06:00","format":"application/pdf","language":"es","x_section":"tender"},{"id":"790","documentType":"Anexos de Convocatoria","title":"Anexos de Convocatoria","description":"Anexos de Convocatoria","url":"http://si.nl.gob.mx/Acceso/DatosAbiertos/DocumentosPublicos/000005/LO-919009986-E14-2019/02. Invitación/Anexos de Convocatoria.zip","datePublished":"2020-03-21T18:03:02.44-06:00","dateModified":"0001-01-01T00:00:00-06:00","format":"application/zip","language":"es","x_section":"tender"},{"id":"791","documentType":"Convocatoria de licitaciones","title":"Convocatoria de licitaciones","description":"Convocatoria de licitaciones","url":"http://si.nl.gob.mx/Acceso/DatosAbiertos/DocumentosPublicos/000005/LO-919009986-E14-2019/02. Invitación/Convocatoria de licitaciones.pdf","datePublished":"2020-03-21T18:03:02.457-06:00","dateModified":"0001-01-01T00:00:00-06:00","format":"application/pdf","language":"es","x_section":"tender"},{"id":"792","documentType":"Pre-bases de licitaciones","title":"Pre-bases de licitaciones","description":"Pre-bases de licitaciones","url":"http://si.nl.gob.mx/Acceso/DatosAbiertos/DocumentosPublicos/000005/LO-919009986-E14-2019/02. Invitación/Pre-bases de licitaciones.pdf","datePublished":"2020-03-21T18:03:02.477-06:00","dateModified":"0001-01-01T00:00:00-06:00","format":"application/pdf","language":"es","x_section":"tender"},{"id":"793","documentType":"Registro de asistencia de la visita a las instalaciones","title":"Registro de asistencia de la visita a las instalaciones","description":"Registro de asistencia de la visita a las instalaciones","url":"http://si.nl.gob.mx/Acceso/DatosAbiertos/DocumentosPublicos/000005/LO-919009986-E14-2019/02. Invitación/Registro de asistencia de la visita a las instalaciones.pdf","datePublished":"2020-03-21T18:03:02.493-06:00","dateModified":"0001-01-01T00:00:00-06:00","format":"application/pdf","language":"es","x_section":"tender"},{"id":"794","documentType":"Resumen de convocatoria a la licitación pública","title":"Resumen de convocatoria a la licitación pública","description":"Resumen de convocatoria a la licitación pública","url":"http://si.nl.gob.mx/Acceso/DatosAbiertos/DocumentosPublicos/000005/LO-919009986-E14-2019/02. Invitación/Resumen de convocatoria a la licitación pública.pdf","datePublished":"2020-03-21T18:03:02.507-06:00","dateModified":"0001-01-01T00:00:00-06:00","format":"application/pdf","language":"es","x_section":"tender"}],"milestones":[{"id":"LO-919009986-E14-2019-15852","title":"CONVOCATORIA","type":"preProcurement","description":"CONVOCATORIA","code":"CONVOCATORIA","dueDate":"2019-07-24T08:00:00-05:00","dateMet":"2019-07-24T08:00:00-05:00","dateModified":"2019-07-24T08:00:00-05:00","status":"met"},{"id":"LO-919009986-E14-2019-15853","title":"VISITA A LA OBRA","type":"preProcurement","description":"VISITA A LA OBRA","code":"VISITA A LA OBRA","dueDate":"2019-07-24T08:00:00-05:00","dateMet":"2019-07-24T08:00:00-05:00","dateModified":"2019-07-24T08:00:00-05:00","status":"met"},{"id":"LO-919009986-E14-2019-15854","title":"JUNTA DE ACLARACIONES","type":"preProcurement","description":"JUNTA DE ACLARACIONES","code":"JUNTA DE ACLARACIONES","dueDate":"2019-08-14T10:00:00-05:00","dateMet":"2019-08-14T10:00:00-05:00","dateModified":"2019-08-14T10:00:00-05:00","status":"met"},{"id":"LO-919009986-E14-2019-15855","title":"APERTURA","type":"assessment","description":"APERTURA","code":"APERTURA","dueDate":"2019-08-15T12:00:00-05:00","dateMet":"2019-08-15T12:00:00-05:00","dateModified":"2019-08-15T12:00:00-05:00","status":"met"},{"id":"LO-919009986-E14-2019-15858","title":"FALLO","type":"engagement","description":"FALLO","code":"FALLO","dueDate":"2019-08-15T12:00:00-05:00","dateMet":"2019-08-15T12:00:00-05:00","dateModified":"2019-08-15T12:00:00-05:00","status":"met"},{"id":"LO-919009986-E14-2019-15859","title":"FIRMA DEL CONTRATO","type":"approval","description":"FIRMA DEL CONTRATO","code":"FIRMA DEL CONTRATO","dueDate":"2019-09-02T13:00:00-05:00","dateMet":"2019-09-02T13:00:00-05:00","dateModified":"2019-09-02T13:00:00-05:00","status":"met"}]},"awards":[{"id":"LO-919009986-E14-2019","title":"Conclusión de construcción de Unidad Deportiva en la Col. Alianza Real de El Carmen, N.L.  - Gimnasio y Futbol7","description":"Conclusión de construcción de Unidad Deportiva en la Col. Alianza Real de El Carmen, N.L.  - Gimnasio y Futbol7","status":"active","date":"2019-09-02T00:00:00-05:00","value":{"amount":17986628.39,"currency":"MXN"},"suppliers":[{"id":"RFC-CDY980323MA8","name":"CONSTRUCCIONES DYNAMO, S.A. DE C.V."}],"contractPeriod":{"startDate":"2019-09-21T00:00:00-05:00","endDate":"2019-12-20T00:00:00-06:00","maxExtentDate":"0001-01-01T00:00:00","durationInDays":90},"documents":[{"id":"795","documentType":"Fallo de licitaciones","title":"Fallo de licitaciones","description":"Fallo de licitaciones","url":"http://si.nl.gob.mx/Acceso/DatosAbiertos/DocumentosPublicos/000005/LO-919009986-E14-2019/03. Adjudicación/Fallo de licitaciones.pdf","datePublished":"2020-03-21T18:03:02.523-06:00","dateModified":"0001-01-01T00:00:00-06:00","format":"application/pdf","language":"es","x_section":"award"},{"id":"796","documentType":"Oferta Ganadora","title":"Oferta Ganadora","description":"Oferta Ganadora","url":"http://si.nl.gob.mx/Acceso/DatosAbiertos/DocumentosPublicos/000005/LO-919009986-E14-2019/03. Adjudicación/Oferta Ganadora.rar","datePublished":"2020-03-21T18:03:02.537-06:00","dateModified":"0001-01-01T00:00:00-06:00","format":"application/vnd.rar","language":"es","x_section":"award"},{"id":"797","documentType":"Resultado de las evaluaciones de la licitación","title":"Resultado de las evaluaciones de la licitación","description":"Resultado de las evaluaciones de la licitación","url":"http://si.nl.gob.mx/Acceso/DatosAbiertos/DocumentosPublicos/000005/LO-919009986-E14-2019/03. Adjudicación/Resultado de las evaluaciones de la licitación.pdf","datePublished":"2020-03-21T18:03:02.567-06:00","dateModified":"0001-01-01T00:00:00-06:00","format":"application/pdf","language":"es","x_section":"award"}]}],"contracts":[{"id":"1909001","awardID":"LO-919009986-E14-2019","title":"Conclusión de construcción de Unidad Deportiva en la Col. Alianza Real de El Carmen, N.L.  - Gimnasio y Futbol7","description":"Conclusión de construcción de Unidad Deportiva en la Col. Alianza Real de El Carmen, N.L.  - Gimnasio y Futbol7","status":"active","x_financial_advance":100.0,"x_physical_advance":100.0,"period":{"startDate":"2019-09-21T00:00:00-05:00","endDate":"2019-12-20T00:00:00-06:00","maxExtentDate":"0001-01-01T00:00:00-06:00","durationInDays":90},"value":{"amount":17986628.24,"currency":"MXN"},"x_estimatedPhysicalProgress":100.0,"x_observedPhysicalProgress":100.0,"items":[{"id":"000006622","description":"009 MUEBLES SANITARIOS","classification":{"scheme":"UNCEFACT","id":"000006622","description":"Catálogo de Conceptos Universal de la Secretaría de Infraestructura del Estado de Nuevo León","uri":"http://si.nl.gob.mx/CatalogoDeConceptosUniversal"},"quantity":1.0,"unit":{"scheme":"SINL-CU","id":"000000221","name":"LOTE","value":{"amount":423948.2,"currency":"MXN"},"uri":"http://si.nl.gob.mx/CatalogoUnidades"}},{"id":"000003038","description":"012 VARIOS","classification":{"scheme":"UNCEFACT","id":"000003038","description":"Catálogo de Conceptos Universal de la Secretaría de Infraestructura del Estado de Nuevo León","uri":"http://si.nl.gob.mx/CatalogoDeConceptosUniversal"},"quantity":1.0,"unit":{"scheme":"SINL-CU","id":"000000221","name":"LOTE","value":{"amount":218767.2488,"currency":"MXN"},"uri":"http://si.nl.gob.mx/CatalogoUnidades"}},{"id":"000003732","description":"016 JARDINERIA Y ARBORIZACION","classification":{"scheme":"UNCEFACT","id":"000003732","description":"Catálogo de Conceptos Universal de la Secretaría de Infraestructura del Estado de Nuevo León","uri":"http://si.nl.gob.mx/CatalogoDeConceptosUniversal"},"quantity":1.0,"unit":{"scheme":"SINL-CU","id":"000000221","name":"LOTE","value":{"amount":29433.9212,"currency":"MXN"},"uri":"http://si.nl.gob.mx/CatalogoUnidades"}},{"id":"000004205","description":"019 MOVIMIENTO DE TIERRAS","classification":{"scheme":"UNCEFACT","id":"000004205","description":"Catálogo de Conceptos Universal de la Secretaría de Infraestructura del Estado de Nuevo León","uri":"http://si.nl.gob.mx/CatalogoDeConceptosUniversal"},"quantity":1.0,"unit":{"scheme":"SINL-CU","id":"000000221","name":"LOTE","value":{"amount":3302097.1728,"currency":"MXN"},"uri":"http://si.nl.gob.mx/CatalogoUnidades"}},{"id":"000008554","description":"025 VARIOS","classification":{"scheme":"UNCEFACT","id":"000008554","description":"Catálogo de Conceptos Universal de la Secretaría de Infraestructura del Estado de Nuevo León","uri":"http://si.nl.gob.mx/CatalogoDeConceptosUniversal"},"quantity":1.0,"unit":{"scheme":"SINL-CU","id":"000000221","name":"LOTE","value":{"amount":75117.5502,"currency":"MXN"},"uri":"http://si.nl.gob.mx/CatalogoUnidades"}}],"dateSigned":"2019-09-03T00:00:00-05:00","documents":[{"id":"798","documentType":"Anexos de Contrato","title":"Anexos de Contrato","description":"Anexos de Contrato","url":"http://si.nl.gob.mx/Acceso/DatosAbiertos/DocumentosPublicos/000005/LO-919009986-E14-2019/04. Contratación/Anexos de Contrato.pdf","datePublished":"2020-03-21T18:03:02.58-06:00","dateModified":"0001-01-01T00:00:00-06:00","format":"application/pdf","language":"es","x_section":"contract"},{"id":"799","documentType":"Anexos de Contrato","title":"Anexos de Contrato","description":"Anexos de Contrato","url":"http://si.nl.gob.mx/Acceso/DatosAbiertos/DocumentosPublicos/000005/LO-919009986-E14-2019/04. Contratación/Anexos de Contrato_01.pdf","datePublished":"2020-03-21T18:03:02.593-06:00","dateModified":"0001-01-01T00:00:00-06:00","format":"application/pdf","language":"es","x_section":"contract"},{"id":"800","documentType":"Contrato firmado","title":"Contrato firmado","description":"Contrato firmado","url":"http://si.nl.gob.mx/Acceso/DatosAbiertos/DocumentosPublicos/000005/LO-919009986-E14-2019/04. Contratación/Contrato firmado.pdf","datePublished":"2020-03-21T18:03:02.61-06:00","dateModified":"0001-01-01T00:00:00-06:00","format":"application/pdf","language":"es","x_section":"contract"},{"id":"1009","documentType":"Finiquito del contrato","title":"Finiquito del contrato","description":"Finiquito del contrato","datePublished":"0001-01-01T00:00:00-06:00","dateModified":"0001-01-01T00:00:00-06:00","format":"ND","language":"es","x_section":"contract"},{"id":"1012","documentType":"Finiquito del contrato","title":"Finiquito del contrato","description":"Finiquito del contrato","datePublished":"0001-01-01T00:00:00-06:00","dateModified":"0001-01-01T00:00:00-06:00","format":"ND","language":"es","x_section":"contract"},{"id":"801","documentType":"Informe ejecutivo de la ejecución del contrato (Reportes)","title":"Informe ejecutivo de la ejecución del contrato (Reportes)","description":"Informe ejecutivo de la ejecución del contrato (Reportes)","url":"http://si.nl.gob.mx/Acceso/DatosAbiertos/DocumentosPublicos/000005/LO-919009986-E14-2019/05. Ejecución/Informe Ejecutivo de la Ejecución del Contrato.pdf","datePublished":"2020-03-21T18:03:02.623-06:00","dateModified":"0001-01-01T00:00:00-06:00","format":"application/pdf","language":"es","x_section":"implementarion"},{"id":"802","documentType":"Informe ejecutivo de la ejecución del contrato (Reportes)","title":"Informe ejecutivo de la ejecución del contrato (Reportes)","description":"Informe ejecutivo de la ejecución del contrato (Reportes)","url":"http://si.nl.gob.mx/Acceso/DatosAbiertos/DocumentosPublicos/000005/LO-919009986-E14-2019/05. Ejecución/Informe Ejecutivo de la Ejecución del Contrato_01.pdf","datePublished":"2020-03-21T18:03:02.633-06:00","dateModified":"0001-01-01T00:00:00-06:00","format":"application/pdf","language":"es","x_section":"implementarion"},{"id":"803","documentType":"Informe ejecutivo de la ejecución del contrato (Reportes)","title":"Informe ejecutivo de la ejecución del contrato (Reportes)","description":"Informe ejecutivo de la ejecución del contrato (Reportes)","url":"http://si.nl.gob.mx/Acceso/DatosAbiertos/DocumentosPublicos/000005/LO-919009986-E14-2019/05. Ejecución/Informe Ejecutivo de la Ejecución del Contrato_02.pdf","datePublished":"2020-03-21T18:03:02.643-06:00","dateModified":"0001-01-01T00:00:00-06:00","format":"application/pdf","language":"es","x_section":"implementarion"},{"id":"804","documentType":"Lista de escalada de aprobaciones","title":"Lista de escalada de aprobaciones","description":"Lista de escalada de aprobaciones","url":"http://si.nl.gob.mx/Acceso/DatosAbiertos/DocumentosPublicos/000005/LO-919009986-E14-2019/05. Ejecución/Lista de escalada de aprobaciones.pdf","datePublished":"2020-03-21T18:03:02.653-06:00","dateModified":"0001-01-01T00:00:00-06:00","format":"application/pdf","language":"es","x_section":"implementarion"},{"id":"805","documentType":"Reportes de supervisión","title":"Reportes de supervisión","description":"Reportes de supervisión","url":"http://si.nl.gob.mx/Acceso/DatosAbiertos/DocumentosPublicos/000005/LO-919009986-E14-2019/05. Ejecución/Reportes de supervisión.pdf","datePublished":"2020-03-21T18:03:02.663-06:00","dateModified":"0001-01-01T00:00:00-06:00","format":"application/pdf","language":"es","x_section":"implementarion"},{"id":"1010","documentType":"Reportes de calidad","title":"Reportes de calidad","description":"Reportes de calidad","datePublished":"0001-01-01T00:00:00-06:00","dateModified":"0001-01-01T00:00:00-06:00","format":"ND","language":"es","x_section":"implementarion"},{"id":"1011","documentType":"Certificado de terminación (informe de conclusión)","title":"Certificado de terminación (informe de conclusión)","description":"Certificado de terminación (informe de conclusión)","datePublished":"0001-01-01T00:00:00-06:00","dateModified":"0001-01-01T00:00:00-06:00","format":"ND","language":"es","x_section":"implementarion"},{"id":"1013","documentType":"Convenios modificatorios","title":"Convenios modificatorios","description":"Convenios modificatorios","datePublished":"0001-01-01T00:00:00-06:00","dateModified":"0001-01-01T00:00:00-06:00","format":"ND","language":"es","x_section":"implementarion"}],"implementation":{"transactions":[{"id":"EST-2019-09-451","date":"2019-09-11T16:47:58-05:00","value":{"amount":5395988.51,"currency":"MXN"},"payer":{"name":"SFYTGE","id":"RFC-GEN620601DTA"},"payee":{"name":"CONSTRUCCIONES DYNAMO, S.A. DE C.V.","id":"CDY980323MA8"}},{"id":"EST-2019-11-612","date":"2019-11-06T14:25:31-06:00","value":{"amount":2112991.53,"currency":"MXN"},"payer":{"name":"SFYTGE","id":"RFC-GEN620601DTA"},"payee":{"name":"CONSTRUCCIONES DYNAMO, S.A. DE C.V.","id":"CDY980323MA8"}},{"id":"EST-2019-11-685","date":"2019-11-25T09:35:15-06:00","value":{"amount":16289.43,"currency":"MXN"},"payer":{"name":"SFYTGE","id":"RFC-GEN620601DTA"},"payee":{"name":"CONSTRUCCIONES DYNAMO, S.A. DE C.V.","id":"CDY980323MA8"}},{"id":"EST-2019-12-838","date":"2019-12-19T11:10:04-06:00","value":{"amount":2574206.84,"currency":"MXN"},"payer":{"name":"SFYTGE","id":"RFC-GEN620601DTA"},"payee":{"name":"CONSTRUCCIONES DYNAMO, S.A. DE C.V.","id":"CDY980323MA8"}},{"id":"EST-2019-11-667","date":"2019-11-21T11:29:18-06:00","value":{"amount":1741383.96,"currency":"MXN"},"payer":{"name":"SFYTGE","id":"RFC-GEN620601DTA"},"payee":{"name":"CONSTRUCCIONES DYNAMO, S.A. DE C.V.","id":"CDY980323MA8"}},{"id":"EST-2019-11-686","date":"2019-11-25T09:48:21-06:00","value":{"amount":3745245.18,"currency":"MXN"},"payer":{"name":"SFYTGE","id":"RFC-GEN620601DTA"},"payee":{"name":"CONSTRUCCIONES DYNAMO, S.A. DE C.V.","id":"CDY980323MA8"}},{"id":"EST-2019-12-837","date":"2019-12-19T09:47:38-06:00","value":{"amount":2400522.81,"currency":"MXN"},"payer":{"name":"SFYTGE","id":"RFC-GEN620601DTA"},"payee":{"name":"CONSTRUCCIONES DYNAMO, S.A. DE C.V.","id":"CDY980323MA8"}}],"documents":[]},"milestones":[]}],"language":"es"}}]}