{"uri":"http://si.nl.gob.mx/Acceso/DatosAbiertos/000005/LO-919009986-E15-2019/v001/RecordPackage-ocds-7wj9x5-LO-919009986-E15-2019-v001-contract.json","publisher":{"scheme":"GB-COH","uid":"","name":"Secretaría de Infraestructura del Estado de Nuevo León","uri":"http://si.nl.gob.mx"},"publishedDate":"2020-03-24T21:21:37.0522236-06:00","license":"https://datos.gob.mx/libreusomx","publicationPolicy":"http://si.nl.gob.mx","version":"1.1","packages":["https://raw.githubusercontent.com/INAImexico/ocds_requestForQuotes_extension/master/extension.json"],"records":[{"ocid":"ocds-7wj9x5-LO-919009986-E15-2019001","releases":[{"url":"http://si.nl.gob.mx/Acceso/DatosAbiertos/000005/LO-919009986-E15-2019/v001/Release-ocds-7wj9x5-LO-919009986-E15-2019-v001-contract.json","date":"2020-03-24T21:21:37.02-06:00","tag":["tender"]}],"compiledRelease":{"ocid":"ocds-7wj9x5-LO-919009986-E15-2019-v001","id":"ocds-7wj9x5-LO-919009986-E15-2019-v001-contract","date":"2020-03-24T21:21:37.0192633-06:00","tag":["planning","tender","award","contract"],"initiationType":"tender","parties":[{"name":"Mpio. El Carmen","id":"SIASI-000099","identifier":{"scheme":"SIASI","legalName":"SISTEMA INTEGRAL DE ADMINISTRACIÓN DE LA SECRETARÍA DE INFRAESTRUCTURA"},"address":{"streetAddress":"Washington","locality":"Monterrey","region":"Nuevo León","postalCode":"64010","countryName":"México"},"contactPoint":{"name":"Jesús Salvador Pérez Rodríguez","email":"salvador.perez @nuevoleon.gob.mx","telephone":"8120206730","url":"http://www.nl.gob.mx/dependencias"},"roles":["buyer"]},{"name":"SECRETARIA DE INFRAESTRUCTURA","id":"SIASI-000011","identifier":{"scheme":"SIASI","legalName":"SISTEMA INTEGRAL DE ADMINISTRACIÓN DE LA SECRETARÍA DE INFRAESTRUCTURA"},"address":{"streetAddress":"WASHIGTON 648 OTE","locality":"MONTERREY","region":"NUEVO LEÓN","postalCode":"64000","countryName":"MÉXICO"},"contactPoint":{"name":"HUMBERTO TORRES PADILLA","email":"salvador.perez @nuevoleon.gob.mx","telephone":"8120206730","url":"http://si.nl.gob.mx/"},"roles":["procuringEntity"]},{"name":"SECRETARIA DE FINANZAS Y TESORERIA GENERAL DEL ESTADO DE NUEVO LEON","id":"SIASI-000004","identifier":{"scheme":"SIASI","legalName":"SISTEMA INTEGRAL DE ADMINISTRACIÓN DE LA SECRETARÍA DE INFRAESTRUCTURA"},"address":{"streetAddress":"ESCOBEDO SUR PISO 3 333","locality":"MONTERREY","region":"NUEVO LEÓN","postalCode":"64000","countryName":"MÉXICO"},"contactPoint":{"name":"Jesús Salvador Pérez Rodríguez","email":"salvador.perez @nuevoleon.gob.mx","telephone":"8120206730","url":"http://www.nl.gob.mx/tesoreria"},"roles":["payer"]},{"name":"BUFETE URBANISTICO, S.A. DE C.V.","id":"RFC-BUR001114GL6","identifier":{"scheme":"RFC","id":"BUR001114GL6","legalName":"REGISTRO FEDERAL DE CONTRIBUYENTES"},"address":{"locality":"MONTERREY","postalCode":"64100"},"contactPoint":{"name":"PEDRO OCTAVIO LUNA HERNANDEZ","telephone":"8183919881"},"roles":["tenderer"]},{"name":"EDIFICACIONES Y TERRACERIAS DEL NORTE, S.A. DE C.V.","id":"RFC-ETN940609PIA","identifier":{"scheme":"RFC","id":"ETN940609PIA","legalName":"REGISTRO FEDERAL DE CONTRIBUYENTES"},"address":{"streetAddress":"Camargo  204-b","locality":"MONTERREY","postalCode":"64320"},"contactPoint":{"name":"HNERY CANTU SANDOVAL","telephone":"52 81 83712675"},"roles":["tenderer"]},{"name":"CONSTRUCCIONES Y URBANIZACIONES ALVIZURI, S.A. DE C.V.","id":"RFC-CUA0309221J7","identifier":{"scheme":"RFC","id":"CUA0309221J7","legalName":"REGISTRO FEDERAL DE CONTRIBUYENTES"},"address":{"locality":"GUADALUPE","postalCode":"67140"},"contactPoint":{"telephone":"8180882129"},"roles":["tenderer","supplier"]},{"name":"CONSTRUCTORA ROGACU, S.A. DE C.V.","id":"RFC-CRO910807BV7","identifier":{"scheme":"RFC","id":"CRO910807BV7","legalName":"REGISTRO FEDERAL DE CONTRIBUYENTES"},"address":{"streetAddress":"16 DE SEPTIEMBRE  1008","locality":"SAN PEDRO GARZA GARCIA","postalCode":"66236"},"contactPoint":{"telephone":"83171337"},"roles":["tenderer"]},{"name":"CONSTRUCTORA Y URBANIZADORA JE-FE, S.A. DE C.V.","id":"RFC-CUJ971122D1A","identifier":{"scheme":"RFC","id":"CUJ971122D1A","legalName":"REGISTRO FEDERAL DE CONTRIBUYENTES"},"address":{"locality":"SAN NICOLÁS DE LOS GARZA","postalCode":"66464"},"contactPoint":{},"roles":["tenderer"]},{"name":"DESARROLLO CONSTRUCTIVO Y URBANISTICO, S.A. DE C.V.","id":"RFC-DCU910719R58","identifier":{"scheme":"RFC","id":"DCU910719R58","legalName":"REGISTRO FEDERAL DE CONTRIBUYENTES"},"address":{"locality":"Guadalupe","postalCode":"67140"},"contactPoint":{},"roles":["tenderer"]},{"name":"ODEVISA, S.A. DE C.V.","id":"RFC-ODE050622SY5","identifier":{"scheme":"RFC","id":"ODE050622SY5","legalName":"REGISTRO FEDERAL DE CONTRIBUYENTES"},"address":{"streetAddress":"MISSISSIPPI  259-2","locality":"SAN PEDRO GARZA GARCIA","postalCode":"66220"},"contactPoint":{"name":"ARTURO ORTEGA JUAREZ","telephone":"8183628606"},"roles":["tenderer"]},{"name":"CONSTRUCCIONES CIMENTACIONES Y PILAS, S.A. DE C.V.","id":"RFC-CCP090119DR1","identifier":{"scheme":"RFC","id":"CCP090119DR1","legalName":"REGISTRO FEDERAL DE CONTRIBUYENTES"},"address":{"streetAddress":"RIO MISSISSIPI 259 2PB","locality":"SAN PEDRO GARZA GARCÍA","postalCode":"66220"},"contactPoint":{"name":"LEOPOLDO TADEO ZAMARRON MARTINEZ"},"roles":["tenderer"]},{"name":"VIP DESARROLLO URBANO, S.A. DE C.V.","id":"RFC-VDU920917EK0","identifier":{"scheme":"RFC","id":"VDU920917EK0","legalName":"REGISTRO FEDERAL DE CONTRIBUYENTES"},"address":{"streetAddress":"OCCIDENTAL 265 L 9","locality":"REYNOSA","postalCode":"88630"},"contactPoint":{"name":"RAUL MARTINEZ VILLARREAL","telephone":"8182522144"},"roles":["tenderer"]}],"buyer":{"id":"SIASI-000099","name":"Mpio. El Carmen"},"planning":{"rationale":"800 personas diarias","numberOfBeneficiaries":0,"budget":{"id":"20457","description":"FIES 2018","amount":{"amount":29985141.15,"currency":"MXN"},"project":"Conclusión de construcción de Unidad Deportiva en la Col. Alianza Real del Municipio de El Carmen,N. L.  - Cancha de Fútbol Americano","projectID":"PEI-0119/2019"},"documents":[{"id":"806","documentType":"Estudio de mercado","title":"Estudio de mercado","description":"Estudio de mercado","url":"http://si.nl.gob.mx/Acceso/DatosAbiertos/DocumentosPublicos/000005/LO-919009986-E15-2019/01. Planeación/Estudio de mercado.pdf","datePublished":"2020-03-21T18:03:02.68-06:00","dateModified":"0001-01-01T00:00:00-06:00","format":"application/pdf","language":"es","x_section":"planning"},{"id":"807","documentType":"Proyecto ejecutivo","title":"Proyecto ejecutivo","description":"Proyecto ejecutivo","url":"http://si.nl.gob.mx/Acceso/DatosAbiertos/DocumentosPublicos/000005/LO-919009986-E15-2019/01. Planeación/Proyecto ejecutivo.pdf","datePublished":"2020-03-21T18:03:02.697-06:00","dateModified":"0001-01-01T00:00:00-06:00","format":"application/pdf","language":"es","x_section":"planning"}]},"tender":{"id":"LO-919009986-E15-2019","title":"Conclusión de construcción de Unidad Deportiva en la Col. Alianza Real del Municipio de El Carmen,N. L.  - Cancha de Fútbol Americano","description":"Conclusión de construcción de Unidad Deportiva en la Col. Alianza Real del Municipio de El Carmen,N. L.  - Cancha de Fútbol Americano","status":"complete","procuringEntity":{"name":"SECRETARIA DE INFRAESTRUCTURA","id":"SIASI-000011"},"value":{"amount":29985141.15,"currency":"MXN"},"minValue":{"amount":0.0,"currency":"MXN"},"procurementMethod":"open","procurementMethodDetails":"Licitación Federal","procurementMethodRationale":"Justificación para el método de compra elegido","mainProcurementCategory":"goods","additionalProcurementCategories":["ND"],"awardCriteria":"priceOnly","awardCriteriaDetails":"Para la adjudicación del contrato LA DEPENDENCIA efectuará un análisis comparativo de las propuestas admitidas que no fueron desechadas en el aspecto legal, técnico o económico y elaborará un dictamen en el que se tomaran en cuenta los criterios generales de adjudicación expresados en la Convocatoria.","submissionMethod":["inPerson"],"submissionMethodDetails":"El representante del licitante deberá presentar en persona su oferta escrita en sobre cerrado","tenderPeriod":{"startDate":"2019-07-30T00:00:00-05:00","endDate":"2019-08-23T00:00:00-05:00","maxExtentDate":"2019-08-23T00:00:00-05:00","durationInDays":24},"enquiryPeriod":{"startDate":"2019-07-30T00:00:00-05:00","endDate":"2019-08-15T00:00:00-05:00","maxExtentDate":"2019-08-15T00:00:00-05:00","durationInDays":16},"hasEnquiries":true,"eligibilityCriteria":"El criterio establecido por el artículo 38 de la Ley de obras públicas y servicios relacionados con las mismas","awardPeriod":{"startDate":"2019-08-23T00:00:00-05:00","endDate":"2019-09-02T00:00:00-05:00","maxExtentDate":"2019-10-02T00:00:00-05:00","durationInDays":10},"contractPeriod":{"startDate":"2019-09-02T00:00:00-05:00","endDate":"2019-09-04T00:00:00-05:00","maxExtentDate":"2019-09-11T00:00:00-05:00","durationInDays":2},"numberOfTenderers":9,"tenderers":[{"name":"BUFETE URBANISTICO, S.A. DE C.V.","id":"RFC-BUR001114GL6"},{"name":"EDIFICACIONES Y TERRACERIAS DEL NORTE, S.A. DE C.V.","id":"RFC-ETN940609PIA"},{"name":"CONSTRUCCIONES Y URBANIZACIONES ALVIZURI, S.A. DE C.V.","id":"RFC-CUA0309221J7"},{"name":"CONSTRUCTORA ROGACU, S.A. DE C.V.","id":"RFC-CRO910807BV7"},{"name":"CONSTRUCTORA Y URBANIZADORA JE-FE, S.A. DE C.V.","id":"RFC-CUJ971122D1A"},{"name":"DESARROLLO CONSTRUCTIVO Y URBANISTICO, S.A. DE C.V.","id":"RFC-DCU910719R58"},{"name":"ODEVISA, S.A. DE C.V.","id":"RFC-ODE050622SY5"},{"name":"CONSTRUCCIONES CIMENTACIONES Y PILAS, S.A. DE C.V.","id":"RFC-CCP090119DR1"},{"name":"VIP DESARROLLO URBANO, S.A. DE C.V.","id":"RFC-VDU920917EK0"}],"documents":[{"id":"808","documentType":"Acta de juntas de aclaraciones a las preguntas de los licitantes","title":"Acta de juntas de aclaraciones a las preguntas de los licitantes","description":"Acta de juntas de aclaraciones a las preguntas de los licitantes","url":"http://si.nl.gob.mx/Acceso/DatosAbiertos/DocumentosPublicos/000005/LO-919009986-E15-2019/02. Invitación/Acta de juntas de aclaraciones a las preguntas de los licitantes.pdf","datePublished":"2020-03-21T18:03:02.713-06:00","dateModified":"0001-01-01T00:00:00-06:00","format":"application/pdf","language":"es","x_section":"tender"},{"id":"809","documentType":"Acta de presentación y apertura de propuestas de licitaciones","title":"Acta de presentación y apertura de propuestas de licitaciones","description":"Acta de presentación y apertura de propuestas de licitaciones","url":"http://si.nl.gob.mx/Acceso/DatosAbiertos/DocumentosPublicos/000005/LO-919009986-E15-2019/02. Invitación/Acta de presentación y apertura de propuestas de licitaciones.pdf","datePublished":"2020-03-21T18:03:02.727-06:00","dateModified":"0001-01-01T00:00:00-06:00","format":"application/pdf","language":"es","x_section":"tender"},{"id":"810","documentType":"Anexos de Convocatoria","title":"Anexos de Convocatoria","description":"Anexos de Convocatoria","url":"http://si.nl.gob.mx/Acceso/DatosAbiertos/DocumentosPublicos/000005/LO-919009986-E15-2019/02. Invitación/Anexos de Convocatoria.zip","datePublished":"2020-03-21T18:03:02.743-06:00","dateModified":"0001-01-01T00:00:00-06:00","format":"application/zip","language":"es","x_section":"tender"},{"id":"811","documentType":"Convocatoria de licitaciones","title":"Convocatoria de licitaciones","description":"Convocatoria de licitaciones","url":"http://si.nl.gob.mx/Acceso/DatosAbiertos/DocumentosPublicos/000005/LO-919009986-E15-2019/02. Invitación/Convocatoria de licitaciones.pdf","datePublished":"2020-03-21T18:03:02.76-06:00","dateModified":"0001-01-01T00:00:00-06:00","format":"application/pdf","language":"es","x_section":"tender"},{"id":"812","documentType":"Pre-bases de licitaciones","title":"Pre-bases de licitaciones","description":"Pre-bases de licitaciones","url":"http://si.nl.gob.mx/Acceso/DatosAbiertos/DocumentosPublicos/000005/LO-919009986-E15-2019/02. Invitación/Pre-bases de licitaciones.docx","datePublished":"2020-03-21T18:03:02.773-06:00","dateModified":"0001-01-01T00:00:00-06:00","format":"application/msword","language":"es","x_section":"tender"},{"id":"813","documentType":"Registro de asistencia de la visita a las instalaciones","title":"Registro de asistencia de la visita a las instalaciones","description":"Registro de asistencia de la visita a las instalaciones","url":"http://si.nl.gob.mx/Acceso/DatosAbiertos/DocumentosPublicos/000005/LO-919009986-E15-2019/02. Invitación/Registro de asistencia de la visita a las instalaciones.pdf","datePublished":"2020-03-21T18:03:02.79-06:00","dateModified":"0001-01-01T00:00:00-06:00","format":"application/pdf","language":"es","x_section":"tender"},{"id":"814","documentType":"Resumen de convocatoria a la licitación pública","title":"Resumen de convocatoria a la licitación pública","description":"Resumen de convocatoria a la licitación pública","url":"http://si.nl.gob.mx/Acceso/DatosAbiertos/DocumentosPublicos/000005/LO-919009986-E15-2019/02. Invitación/Resumen de convocatoria a la licitación pública.pdf","datePublished":"2020-03-21T18:03:02.807-06:00","dateModified":"0001-01-01T00:00:00-06:00","format":"application/pdf","language":"es","x_section":"tender"}],"milestones":[{"id":"LO-919009986-E15-2019-15870","title":"CONVOCATORIA","type":"preProcurement","description":"CONVOCATORIA","code":"CONVOCATORIA","dueDate":"2019-07-24T08:00:00-05:00","dateMet":"2019-07-24T08:00:00-05:00","dateModified":"2019-07-24T08:00:00-05:00","status":"met"},{"id":"LO-919009986-E15-2019-15871","title":"VISITA A LA OBRA","type":"preProcurement","description":"VISITA A LA OBRA","code":"VISITA A LA OBRA","dueDate":"2019-07-24T08:00:00-05:00","dateMet":"2019-07-24T08:00:00-05:00","dateModified":"2019-07-24T08:00:00-05:00","status":"met"},{"id":"LO-919009986-E15-2019-15872","title":"JUNTA DE ACLARACIONES","type":"preProcurement","description":"JUNTA DE ACLARACIONES","code":"JUNTA DE ACLARACIONES","dueDate":"2019-08-14T12:00:00-05:00","dateMet":"2019-08-14T12:00:00-05:00","dateModified":"2019-08-14T12:00:00-05:00","status":"met"},{"id":"LO-919009986-E15-2019-15873","title":"APERTURA","type":"assessment","description":"APERTURA","code":"APERTURA","dueDate":"2019-08-15T14:00:00-05:00","dateMet":"2019-08-15T14:00:00-05:00","dateModified":"2019-08-15T14:00:00-05:00","status":"met"},{"id":"LO-919009986-E15-2019-15876","title":"FALLO","type":"engagement","description":"FALLO","code":"FALLO","dueDate":"2019-08-15T13:00:00-05:00","dateMet":"2019-08-15T13:00:00-05:00","dateModified":"2019-08-15T13:00:00-05:00","status":"met"},{"id":"LO-919009986-E15-2019-15877","title":"FIRMA DEL CONTRATO","type":"approval","description":"FIRMA DEL CONTRATO","code":"FIRMA DEL CONTRATO","dueDate":"2019-09-02T14:00:00-05:00","dateMet":"2019-09-02T14:00:00-05:00","dateModified":"2019-09-02T14:00:00-05:00","status":"met"}]},"awards":[{"id":"LO-919009986-E15-2019","title":"Conclusión de construcción de Unidad Deportiva en la Col. Alianza Real del Municipio de El Carmen,N. L.  - Cancha de Fútbol Americano","description":"Conclusión de construcción de Unidad Deportiva en la Col. Alianza Real del Municipio de El Carmen,N. L.  - Cancha de Fútbol Americano","status":"active","date":"2019-09-02T00:00:00-05:00","value":{"amount":10314456.37,"currency":"MXN"},"suppliers":[{"id":"RFC-CUA0309221J7","name":"CONSTRUCCIONES Y URBANIZACIONES ALVIZURI, S.A. DE C.V."}],"contractPeriod":{"startDate":"2019-09-21T00:00:00-05:00","endDate":"2019-12-20T00:00:00-06:00","maxExtentDate":"0001-01-01T00:00:00","durationInDays":90},"documents":[{"id":"815","documentType":"Fallo de licitaciones","title":"Fallo de licitaciones","description":"Fallo de licitaciones","url":"http://si.nl.gob.mx/Acceso/DatosAbiertos/DocumentosPublicos/000005/LO-919009986-E15-2019/03. Adjudicación/Fallo de licitaciones.pdf","datePublished":"2020-03-21T18:03:02.82-06:00","dateModified":"0001-01-01T00:00:00-06:00","format":"application/pdf","language":"es","x_section":"award"},{"id":"816","documentType":"Oferta Ganadora","title":"Oferta Ganadora","description":"Oferta Ganadora","url":"http://si.nl.gob.mx/Acceso/DatosAbiertos/DocumentosPublicos/000005/LO-919009986-E15-2019/03. Adjudicación/Oferta Ganadora.rar","datePublished":"2020-03-21T18:03:02.837-06:00","dateModified":"0001-01-01T00:00:00-06:00","format":"application/vnd.rar","language":"es","x_section":"award"},{"id":"817","documentType":"Resultado de las evaluaciones de la licitación","title":"Resultado de las evaluaciones de la licitación","description":"Resultado de las evaluaciones de la licitación","url":"http://si.nl.gob.mx/Acceso/DatosAbiertos/DocumentosPublicos/000005/LO-919009986-E15-2019/03. Adjudicación/Resultado de las evaluaciones de la licitación.pdf","datePublished":"2020-03-21T18:03:02.853-06:00","dateModified":"0001-01-01T00:00:00-06:00","format":"application/pdf","language":"es","x_section":"award"}]}],"contracts":[{"id":"1909002","awardID":"LO-919009986-E15-2019","title":"Conclusión de construcción de Unidad Deportiva en la Col. Alianza Real del Municipio de El Carmen,N. L.  - Cancha de Fútbol Americano","description":"Conclusión de construcción de Unidad Deportiva en la Col. Alianza Real del Municipio de El Carmen,N. L.  - Cancha de Fútbol Americano","status":"active","x_financial_advance":100.0,"x_physical_advance":100.0,"period":{"startDate":"2019-09-21T00:00:00-05:00","endDate":"2019-12-20T00:00:00-06:00","maxExtentDate":"0001-01-01T00:00:00-06:00","durationInDays":90},"value":{"amount":11998502.67,"currency":"MXN"},"x_estimatedPhysicalProgress":100.0,"x_observedPhysicalProgress":100.0,"items":[{"id":"000006504","description":"002 MOVIMIENTO DE TIERRAS","classification":{"scheme":"UNCEFACT","id":"000006504","description":"Catálogo de Conceptos Universal de la Secretaría de Infraestructura del Estado de Nuevo León","uri":"http://si.nl.gob.mx/CatalogoDeConceptosUniversal"},"quantity":1.0,"unit":{"scheme":"SINL-CU","id":"000000221","name":"LOTE","value":{"amount":1064505.1672,"currency":"MXN"},"uri":"http://si.nl.gob.mx/CatalogoUnidades"}},{"id":"000005853","description":"004 INFRAESTRUCTURA Y SERVICIOS URBANOS","classification":{"scheme":"UNCEFACT","id":"000005853","description":"Catálogo de Conceptos Universal de la Secretaría de Infraestructura del Estado de Nuevo León","uri":"http://si.nl.gob.mx/CatalogoDeConceptosUniversal"},"quantity":1.0,"unit":{"scheme":"SINL-CU","id":"000000221","name":"LOTE","value":{"amount":2334876.0584,"currency":"MXN"},"uri":"http://si.nl.gob.mx/CatalogoUnidades"}},{"id":"000005175","description":"005 JARDINERIA Y ARBORIZACION","classification":{"scheme":"UNCEFACT","id":"000005175","description":"Catálogo de Conceptos Universal de la Secretaría de Infraestructura del Estado de Nuevo León","uri":"http://si.nl.gob.mx/CatalogoDeConceptosUniversal"},"quantity":1.0,"unit":{"scheme":"SINL-CU","id":"000000221","name":"LOTE","value":{"amount":1305107.84,"currency":"MXN"},"uri":"http://si.nl.gob.mx/CatalogoUnidades"}},{"id":"000002964","description":"007 EQUIPAMIENTO URBANO","classification":{"scheme":"UNCEFACT","id":"000002964","description":"Catálogo de Conceptos Universal de la Secretaría de Infraestructura del Estado de Nuevo León","uri":"http://si.nl.gob.mx/CatalogoDeConceptosUniversal"},"quantity":1.0,"unit":{"scheme":"SINL-CU","id":"000000221","name":"LOTE","value":{"amount":690022.16,"currency":"MXN"},"uri":"http://si.nl.gob.mx/CatalogoUnidades"}},{"id":"000007713","description":"008 VARIOS","classification":{"scheme":"UNCEFACT","id":"000007713","description":"Catálogo de Conceptos Universal de la Secretaría de Infraestructura del Estado de Nuevo León","uri":"http://si.nl.gob.mx/CatalogoDeConceptosUniversal"},"quantity":1.0,"unit":{"scheme":"SINL-CU","id":"000000221","name":"LOTE","value":{"amount":220986.42,"currency":"MXN"},"uri":"http://si.nl.gob.mx/CatalogoUnidades"}},{"id":"000001326","description":"015 VARIOS","classification":{"scheme":"UNCEFACT","id":"000001326","description":"Catálogo de Conceptos Universal de la Secretaría de Infraestructura del Estado de Nuevo León","uri":"http://si.nl.gob.mx/CatalogoDeConceptosUniversal"},"quantity":1.0,"unit":{"scheme":"SINL-CU","id":"000000221","name":"LOTE","value":{"amount":15480.6234,"currency":"MXN"},"uri":"http://si.nl.gob.mx/CatalogoUnidades"}},{"id":"000008974","description":"EXT 002","classification":{"scheme":"UNCEFACT","id":"000008974","description":"Catálogo de Conceptos Universal de la Secretaría de Infraestructura del Estado de Nuevo León","uri":"http://si.nl.gob.mx/CatalogoDeConceptosUniversal"},"quantity":1.0,"unit":{"scheme":"SINL-CU","id":"000000221","name":"LOTE","value":{"amount":843715.2925,"currency":"MXN"},"uri":"http://si.nl.gob.mx/CatalogoUnidades"}},{"id":"000006598","description":"EXTRAS  001","classification":{"scheme":"UNCEFACT","id":"000006598","description":"Catálogo de Conceptos Universal de la Secretaría de Infraestructura del Estado de Nuevo León","uri":"http://si.nl.gob.mx/CatalogoDeConceptosUniversal"},"quantity":1.0,"unit":{"scheme":"SINL-CU","id":"000000221","name":"LOTE","value":{"amount":2590519.0345,"currency":"MXN"},"uri":"http://si.nl.gob.mx/CatalogoUnidades"}}],"dateSigned":"2019-09-03T00:00:00-05:00","documents":[{"id":"818","documentType":"Anexos de Contrato","title":"Anexos de Contrato","description":"Anexos de Contrato","url":"http://si.nl.gob.mx/Acceso/DatosAbiertos/DocumentosPublicos/000005/LO-919009986-E15-2019/04. Contratación/Anexos de Contrato.pdf","datePublished":"2020-03-21T18:03:02.867-06:00","dateModified":"0001-01-01T00:00:00-06:00","format":"application/pdf","language":"es","x_section":"contract"},{"id":"819","documentType":"Anexos de Contrato","title":"Anexos de Contrato","description":"Anexos de Contrato","url":"http://si.nl.gob.mx/Acceso/DatosAbiertos/DocumentosPublicos/000005/LO-919009986-E15-2019/04. Contratación/Anexos de Contrato_01.pdf","datePublished":"2020-03-21T18:03:02.877-06:00","dateModified":"0001-01-01T00:00:00-06:00","format":"application/pdf","language":"es","x_section":"contract"},{"id":"820","documentType":"Contrato firmado","title":"Contrato firmado","description":"Contrato firmado","url":"http://si.nl.gob.mx/Acceso/DatosAbiertos/DocumentosPublicos/000005/LO-919009986-E15-2019/04. Contratación/Contrato firmado.pdf","datePublished":"2020-03-21T18:03:02.89-06:00","dateModified":"0001-01-01T00:00:00-06:00","format":"application/pdf","language":"es","x_section":"contract"},{"id":"1014","documentType":"Finiquito del contrato","title":"Finiquito del contrato","description":"Finiquito del contrato","datePublished":"0001-01-01T00:00:00-06:00","dateModified":"0001-01-01T00:00:00-06:00","format":"ND","language":"es","x_section":"contract"},{"id":"1017","documentType":"Finiquito del contrato","title":"Finiquito del contrato","description":"Finiquito del contrato","datePublished":"0001-01-01T00:00:00-06:00","dateModified":"0001-01-01T00:00:00-06:00","format":"ND","language":"es","x_section":"contract"},{"id":"821","documentType":"Convenios modificatorios","title":"Convenios modificatorios","description":"Convenios modificatorios","url":"http://si.nl.gob.mx/Acceso/DatosAbiertos/DocumentosPublicos/000005/LO-919009986-E15-2019/05. Ejecución/Convenios modificatorios.pdf","datePublished":"2020-03-21T18:03:02.903-06:00","dateModified":"0001-01-01T00:00:00-06:00","format":"application/pdf","language":"es","x_section":"implementarion"},{"id":"822","documentType":"Informe ejecutivo de la ejecución del contrato (Reportes)","title":"Informe ejecutivo de la ejecución del contrato (Reportes)","description":"Informe ejecutivo de la ejecución del contrato (Reportes)","url":"http://si.nl.gob.mx/Acceso/DatosAbiertos/DocumentosPublicos/000005/LO-919009986-E15-2019/05. Ejecución/Informe ejecutivo de la ejecución del contrato (Reportes).pdf","datePublished":"2020-03-21T18:03:02.917-06:00","dateModified":"0001-01-01T00:00:00-06:00","format":"application/pdf","language":"es","x_section":"implementarion"},{"id":"823","documentType":"Informe ejecutivo de la ejecución del contrato (Reportes)","title":"Informe ejecutivo de la ejecución del contrato (Reportes)","description":"Informe ejecutivo de la ejecución del contrato (Reportes)","url":"http://si.nl.gob.mx/Acceso/DatosAbiertos/DocumentosPublicos/000005/LO-919009986-E15-2019/05. Ejecución/Informe ejecutivo de la ejecución del contrato (Reportes)_01.pdf","datePublished":"2020-03-21T18:03:02.927-06:00","dateModified":"0001-01-01T00:00:00-06:00","format":"application/pdf","language":"es","x_section":"implementarion"},{"id":"824","documentType":"Informe ejecutivo de la ejecución del contrato (Reportes)","title":"Informe ejecutivo de la ejecución del contrato (Reportes)","description":"Informe ejecutivo de la ejecución del contrato (Reportes)","url":"http://si.nl.gob.mx/Acceso/DatosAbiertos/DocumentosPublicos/000005/LO-919009986-E15-2019/05. Ejecución/Informe ejecutivo de la ejecución del contrato (Reportes)_02.pdf","datePublished":"2020-03-21T18:03:02.937-06:00","dateModified":"0001-01-01T00:00:00-06:00","format":"application/pdf","language":"es","x_section":"implementarion"},{"id":"825","documentType":"Lista de escalada de aprobaciones","title":"Lista de escalada de aprobaciones","description":"Lista de escalada de aprobaciones","url":"http://si.nl.gob.mx/Acceso/DatosAbiertos/DocumentosPublicos/000005/LO-919009986-E15-2019/05. Ejecución/Lista de escalada de aprobaciones.pdf","datePublished":"2020-03-21T18:03:02.967-06:00","dateModified":"0001-01-01T00:00:00-06:00","format":"application/pdf","language":"es","x_section":"implementarion"},{"id":"826","documentType":"Reportes de supervisión","title":"Reportes de supervisión","description":"Reportes de supervisión","url":"http://si.nl.gob.mx/Acceso/DatosAbiertos/DocumentosPublicos/000005/LO-919009986-E15-2019/05. Ejecución/Reportes de supervisión.pdf","datePublished":"2020-03-21T18:03:02.98-06:00","dateModified":"0001-01-01T00:00:00-06:00","format":"application/pdf","language":"es","x_section":"implementarion"},{"id":"1015","documentType":"Reportes de calidad","title":"Reportes de calidad","description":"Reportes de calidad","datePublished":"0001-01-01T00:00:00-06:00","dateModified":"0001-01-01T00:00:00-06:00","format":"ND","language":"es","x_section":"implementarion"},{"id":"1016","documentType":"Certificado de terminación (informe de conclusión)","title":"Certificado de terminación (informe de conclusión)","description":"Certificado de terminación (informe de conclusión)","datePublished":"0001-01-01T00:00:00-06:00","dateModified":"0001-01-01T00:00:00-06:00","format":"ND","language":"es","x_section":"implementarion"}],"implementation":{"transactions":[{"id":"EST-2019-09-452","date":"2019-09-12T12:59:44-05:00","value":{"amount":3094336.91,"currency":"MXN"},"payer":{"name":"SFYTGE","id":"RFC-GEN620601DTA"},"payee":{"name":"CONSTRUCCIONES Y URBANIZACIONES ALVIZURI, S.A. DE C.V.","id":"CUA0309221J7"}},{"id":"EST-2019-11-670","date":"2019-11-21T12:48:07-06:00","value":{"amount":521372.61,"currency":"MXN"},"payer":{"name":"SFYTGE","id":"RFC-GEN620601DTA"},"payee":{"name":"CONSTRUCCIONES Y URBANIZACIONES ALVIZURI, S.A. DE C.V.","id":"CUA0309221J7"}},{"id":"EST-2019-12-827","date":"2019-12-18T15:08:50-06:00","value":{"amount":1655964.79,"currency":"MXN"},"payer":{"name":"SFYTGE","id":"RFC-GEN620601DTA"},"payee":{"name":"CONSTRUCCIONES Y URBANIZACIONES ALVIZURI, S.A. DE C.V.","id":"CUA0309221J7"}},{"id":"EST-2019-12-828","date":"2019-12-18T15:11:46-06:00","value":{"amount":1308787.43,"currency":"MXN"},"payer":{"name":"SFYTGE","id":"RFC-GEN620601DTA"},"payee":{"name":"CONSTRUCCIONES Y URBANIZACIONES ALVIZURI, S.A. DE C.V.","id":"CUA0309221J7"}},{"id":"EST-2019-12-906","date":"2019-12-23T16:25:35-06:00","value":{"amount":592741.81,"currency":"MXN"},"payer":{"name":"SFYTGE","id":"RFC-GEN620601DTA"},"payee":{"name":"CONSTRUCCIONES Y URBANIZACIONES ALVIZURI, S.A. DE C.V.","id":"CUA0309221J7"}},{"id":"EST-2019-12-912","date":"2019-12-23T13:41:30-06:00","value":{"amount":978709.74,"currency":"MXN"},"payer":{"name":"SFYTGE","id":"RFC-GEN620601DTA"},"payee":{"name":"CONSTRUCCIONES Y URBANIZACIONES ALVIZURI, S.A. DE C.V.","id":"CUA0309221J7"}},{"id":"EST-2019-12-741","date":"2019-12-04T16:12:47-06:00","value":{"amount":2340340.95,"currency":"MXN"},"payer":{"name":"SFYTGE","id":"RFC-GEN620601DTA"},"payee":{"name":"CONSTRUCCIONES Y URBANIZACIONES ALVIZURI, S.A. DE C.V.","id":"CUA0309221J7"}},{"id":"EST-2019-12-875","date":"2019-12-20T17:39:18-06:00","value":{"amount":447536.65,"currency":"MXN"},"payer":{"name":"SFYTGE","id":"RFC-GEN620601DTA"},"payee":{"name":"CONSTRUCCIONES Y URBANIZACIONES ALVIZURI, S.A. DE C.V.","id":"CUA0309221J7"}},{"id":"EST-2019-12-914","date":"2019-12-26T13:54:46-06:00","value":{"amount":30924.41,"currency":"MXN"},"payer":{"name":"SFYTGE","id":"RFC-GEN620601DTA"},"payee":{"name":"CONSTRUCCIONES Y URBANIZACIONES ALVIZURI, S.A. DE C.V.","id":"CUA0309221J7"}},{"id":"EST-2019-12-874","date":"2019-12-20T17:34:03-06:00","value":{"amount":732744.49,"currency":"MXN"},"payer":{"name":"SFYTGE","id":"RFC-GEN620601DTA"},"payee":{"name":"CONSTRUCCIONES Y URBANIZACIONES ALVIZURI, S.A. DE C.V.","id":"CUA0309221J7"}},{"id":"EST-2019-12-913","date":"2019-12-26T13:49:51-06:00","value":{"amount":295042.86,"currency":"MXN"},"payer":{"name":"SFYTGE","id":"RFC-GEN620601DTA"},"payee":{"name":"CONSTRUCCIONES Y URBANIZACIONES ALVIZURI, S.A. DE C.V.","id":"CUA0309221J7"}}],"documents":[]},"milestones":[]}],"language":"es"}}]}