{"uri":"http://si.nl.gob.mx/Acceso/DatosAbiertos/000003/LO-919009986-E52-2016/v001/RecordPackage-ocds-7wj9x5-LO-919009986-E52-2016-v001-contract.json","publisher":{"scheme":"GB-COH","uid":"","name":"Secretaría de Infraestructura del Estado de Nuevo León","uri":"http://si.nl.gob.mx"},"publishedDate":"2020-03-24T21:17:02.2004649-06:00","license":"https://datos.gob.mx/libreusomx","publicationPolicy":"http://si.nl.gob.mx","version":"1.1","packages":["https://raw.githubusercontent.com/INAImexico/ocds_requestForQuotes_extension/master/extension.json"],"records":[{"ocid":"ocds-7wj9x5-LO-919009986-E52-2016001","releases":[{"url":"http://si.nl.gob.mx/Acceso/DatosAbiertos/000003/LO-919009986-E52-2016/v001/Release-ocds-7wj9x5-LO-919009986-E52-2016-v001-contract.json","date":"2020-03-24T21:17:01.98-06:00","tag":["tender"]}],"compiledRelease":{"ocid":"ocds-7wj9x5-LO-919009986-E52-2016-v001","id":"ocds-7wj9x5-LO-919009986-E52-2016-v001-contract","date":"2020-03-24T21:17:01.9785045-06:00","tag":["planning","tender","award","contract"],"initiationType":"tender","parties":[{"name":"Secretaría de Economía y Trabajo","id":"SIASI-000010","identifier":{"scheme":"SIASI","legalName":"SISTEMA INTEGRAL DE ADMINISTRACIÓN DE LA SECRETARÍA DE INFRAESTRUCTURA"},"address":{"streetAddress":"Washington","locality":"Monterrey","region":"Nuevo León","postalCode":"64010","countryName":"México"},"contactPoint":{"name":"Jesús Salvador Pérez Rodríguez","email":"salvador.perez @nuevoleon.gob.mx","telephone":"8120206730","url":"http://www.nl.gob.mx/dependencias"},"roles":["buyer"]},{"name":"SECRETARIA DE INFRAESTRUCTURA","id":"SIASI-000011","identifier":{"scheme":"SIASI","legalName":"SISTEMA INTEGRAL DE ADMINISTRACIÓN DE LA SECRETARÍA DE INFRAESTRUCTURA"},"address":{"streetAddress":"WASHIGTON 648 OTE","locality":"MONTERREY","region":"NUEVO LEÓN","postalCode":"64000","countryName":"MÉXICO"},"contactPoint":{"name":"HUMBERTO TORRES PADILLA","email":"salvador.perez @nuevoleon.gob.mx","telephone":"8120206730","url":"http://si.nl.gob.mx/"},"roles":["procuringEntity"]},{"name":"SECRETARIA DE FINANZAS Y TESORERIA GENERAL DEL ESTADO DE NUEVO LEON","id":"SIASI-000004","identifier":{"scheme":"SIASI","legalName":"SISTEMA INTEGRAL DE ADMINISTRACIÓN DE LA SECRETARÍA DE INFRAESTRUCTURA"},"address":{"streetAddress":"ESCOBEDO SUR PISO 3 333","locality":"MONTERREY","region":"NUEVO LEÓN","postalCode":"64000","countryName":"MÉXICO"},"contactPoint":{"name":"Jesús Salvador Pérez Rodríguez","email":"salvador.perez @nuevoleon.gob.mx","telephone":"8120206730","url":"http://www.nl.gob.mx/tesoreria"},"roles":["payer"]},{"name":"CONSTRUCTORA MOYEDA, S.A. DE C.V.","id":"RFC-CMO960710BR4","identifier":{"scheme":"RFC","id":"CMO960710BR4","legalName":"REGISTRO FEDERAL DE CONTRIBUYENTES"},"address":{"streetAddress":"AV, MANUEL GOMEZ MORIN  1101 LOCAL 202-1","locality":"SAN PEDRO GARZA GARCIA","postalCode":"66254"},"contactPoint":{"name":"ARTURO MOYEDA MORALES","telephone":"81 8345-2404"},"roles":["tenderer"]},{"name":"DESARROLLO Y CONSTRUCCIONES URBANAS, S.A. DE C.V.","id":"RFC-DCU801124B41","identifier":{"scheme":"RFC","id":"DCU801124B41","legalName":"REGISTRO FEDERAL DE CONTRIBUYENTES"},"address":{"streetAddress":"MANUEL J. CLOUTHIER  3112","locality":"MONTERREY","postalCode":"64650"},"contactPoint":{"name":"JAVIER ILDEFONSO BALLI MARTINEZ","telephone":"8111584208"},"roles":["tenderer"]},{"name":"GAR-REAL CONSTRUCCIONES DE TAMAULIPAS, S.A. DE C.V.","id":"RFC-GCT120531NJ1","identifier":{"scheme":"RFC","id":"GCT120531NJ1","legalName":"REGISTRO FEDERAL DE CONTRIBUYENTES"},"address":{"streetAddress":"CUARTA  260","locality":"REYNOSA","postalCode":"88710"},"contactPoint":{"name":"ALDO ALBERTO GARCIA RESENDEZ","telephone":"8180309796"},"roles":["tenderer"]},{"name":"GUAJARDO Y ASOCIADOS CONSTRUCTORA, S.A. DE C.V.","id":"RFC-CGM741010KF3","identifier":{"scheme":"RFC","id":"CGM741010KF3","legalName":"REGISTRO FEDERAL DE CONTRIBUYENTES"},"address":{"streetAddress":"AV. ESTANZUELA  7625","locality":"MONTERREY","postalCode":"64988"},"contactPoint":{"name":"JOSE FRANCISCO GUAJARDO VALDEZ","telephone":"8123523586"},"roles":["tenderer"]},{"name":"CEMEX CONCRETOS, S.A. DE C.V. y CEMEX OPERACIONES MEXICO, S.A. DE C.V. (PROPOSICÓN CONJUNTA)","id":"RFC-SIN DATO-F8B94F9E-6DF8-41B3-94EE-C3945DFE2EB7","identifier":{"scheme":"RFC","id":"SIN DATO-F8B94F9E-6DF8-41B3-94EE-C3945DFE2EB7","legalName":"REGISTRO FEDERAL DE CONTRIBUYENTES"},"address":{},"contactPoint":{},"roles":["tenderer"]},{"name":"TORDEC, S.A. DE C.V. y HERCULES CONSTRUCCIONES DE MONTERREY, S.A. DE C.V. (PROPOSICÓN CONJUNTA)","id":"RFC-SIN DATO-84659794-A191-44EB-B94B-F032A499ED0B","identifier":{"scheme":"RFC","id":"SIN DATO-84659794-A191-44EB-B94B-F032A499ED0B","legalName":"REGISTRO FEDERAL DE CONTRIBUYENTES"},"address":{},"contactPoint":{},"roles":["tenderer","supplier"]},{"name":"LAUNAK, S.A. DE C.V.","id":"RFC-LAU8210287I6","identifier":{"scheme":"RFC","id":"LAU8210287I6","legalName":"REGISTRO FEDERAL DE CONTRIBUYENTES"},"address":{"streetAddress":"AV. AYUNTAMIENTO 142 PISO 3","locality":"TLALNEPANTLA DE BAZ","postalCode":"54000"},"contactPoint":{"name":"RICARDO GONZALEZ MENESES","telephone":"5554032436"},"roles":["tenderer"]}],"buyer":{"id":"SIASI-000010","name":"Secretaría de Economía y Trabajo"},"planning":{"numberOfBeneficiaries":0,"budget":{"id":"10139","description":"Fondo Metropolitano 2016","amount":{"amount":97175684.74,"currency":"MXN"},"project":"Programa integral de rehabilitación vial en Diaz Ordaz","projectID":"SIE-0179/2016"},"documents":[{"id":"686","documentType":"Estudio de mercado","title":"Estudio de mercado","description":"Estudio de mercado","url":"http://si.nl.gob.mx/Acceso/DatosAbiertos/DocumentosPublicos/000003/LO-919009986-E52-2016/01. Planeación/Estudio de mercado.pdf","datePublished":"2020-03-21T18:02:59.877-06:00","dateModified":"0001-01-01T00:00:00-06:00","format":"application/pdf","language":"es","x_section":"planning"},{"id":"687","documentType":"Proyecto ejecutivo","title":"Proyecto ejecutivo","description":"Proyecto ejecutivo","url":"http://si.nl.gob.mx/Acceso/DatosAbiertos/DocumentosPublicos/000003/LO-919009986-E52-2016/01. Planeación/Proyecto ejecutivo.pdf","datePublished":"2020-03-21T18:02:59.89-06:00","dateModified":"0001-01-01T00:00:00-06:00","format":"application/pdf","language":"es","x_section":"planning"}]},"tender":{"id":"LO-919009986-E52-2016","title":"Programa integral de rehabilitación vial en Diaz Ordaz","description":"Programa integral de rehabilitación vial en Diaz Ordaz de Oriente a Poniente entre limite con Santa Catarina y Calzada San Pedro en Monterrey, Nuevo León.","status":"complete","procuringEntity":{"name":"SECRETARIA DE INFRAESTRUCTURA","id":"SIASI-000011"},"value":{"amount":97175684.74,"currency":"MXN"},"minValue":{"amount":0.0,"currency":"MXN"},"procurementMethod":"open","procurementMethodDetails":"Licitación Federal","procurementMethodRationale":"Justificación para el método de compra elegido","mainProcurementCategory":"goods","additionalProcurementCategories":["ND"],"awardCriteria":"priceOnly","awardCriteriaDetails":"Para la adjudicación del contrato LA DEPENDENCIA efectuará un análisis comparativo de las propuestas admitidas que no fueron desechadas en el aspecto legal, técnico o económico y elaborará un dictamen en el que se tomaran en cuenta los criterios generales de adjudicación expresados en la Convocatoria.","submissionMethod":["inPerson"],"submissionMethodDetails":"El representante del licitante deberá presentar en persona su oferta escrita en sobre cerrado","tenderPeriod":{"startDate":"2016-10-27T00:00:00-05:00","endDate":"2016-11-15T00:00:00-06:00","maxExtentDate":"2016-11-15T00:00:00-06:00","durationInDays":19},"enquiryPeriod":{"startDate":"2016-10-27T00:00:00-05:00","endDate":"2016-11-07T00:00:00-06:00","maxExtentDate":"2016-11-07T00:00:00-06:00","durationInDays":11},"hasEnquiries":true,"eligibilityCriteria":"El criterio establecido por el artículo 38 de la Ley de obras públicas y servicios relacionados con las mismas","awardPeriod":{"startDate":"2016-11-15T00:00:00-06:00","endDate":"2016-11-24T00:00:00-06:00","maxExtentDate":"2016-12-24T00:00:00-06:00","durationInDays":9},"contractPeriod":{"startDate":"2016-11-24T00:00:00-06:00","endDate":"2016-12-27T00:00:00-06:00","maxExtentDate":"2017-01-03T00:00:00-06:00","durationInDays":33},"numberOfTenderers":7,"tenderers":[{"name":"CONSTRUCTORA MOYEDA, S.A. DE C.V.","id":"RFC-CMO960710BR4"},{"name":"DESARROLLO Y CONSTRUCCIONES URBANAS, S.A. DE C.V.","id":"RFC-DCU801124B41"},{"name":"GAR-REAL CONSTRUCCIONES DE TAMAULIPAS, S.A. DE C.V.","id":"RFC-GCT120531NJ1"},{"name":"GUAJARDO Y ASOCIADOS CONSTRUCTORA, S.A. DE C.V.","id":"RFC-CGM741010KF3"},{"name":"CEMEX CONCRETOS, S.A. DE C.V. y CEMEX OPERACIONES MEXICO, S.A. DE C.V. (PROPOSICÓN CONJUNTA)","id":"RFC-SIN DATO-EF24A6E1-EE5E-44C1-8C05-09E7456ADA1A"},{"name":"TORDEC, S.A. DE C.V. y HERCULES CONSTRUCCIONES DE MONTERREY, S.A. DE C.V. (PROPOSICÓN CONJUNTA)","id":"RFC-SIN DATO-3E5ECA45-2009-4EC4-A2DD-1DA8D6C95C82"},{"name":"LAUNAK, S.A. DE C.V.","id":"RFC-LAU8210287I6"}],"documents":[{"id":"688","documentType":"Acta de juntas de aclaraciones a las preguntas de los licitantes","title":"Acta de juntas de aclaraciones a las preguntas de los licitantes","description":"Acta de juntas de aclaraciones a las preguntas de los licitantes","url":"http://si.nl.gob.mx/Acceso/DatosAbiertos/DocumentosPublicos/000003/LO-919009986-E52-2016/02. Invitación/Acta de juntas de aclaraciones a las preguntas de los licitantes.pdf","datePublished":"2020-03-21T18:02:59.897-06:00","dateModified":"0001-01-01T00:00:00-06:00","format":"application/pdf","language":"es","x_section":"tender"},{"id":"689","documentType":"Acta de juntas de aclaraciones a las preguntas de los licitantes","title":"Acta de juntas de aclaraciones a las preguntas de los licitantes","description":"Acta de juntas de aclaraciones a las preguntas de los licitantes","url":"http://si.nl.gob.mx/Acceso/DatosAbiertos/DocumentosPublicos/000003/LO-919009986-E52-2016/02. Invitación/Acta de juntas de aclaraciones a las preguntas de los licitantes_01.pdf","datePublished":"2020-03-21T18:02:59.907-06:00","dateModified":"0001-01-01T00:00:00-06:00","format":"application/pdf","language":"es","x_section":"tender"},{"id":"690","documentType":"Acta de presentación y apertura de propuestas de licitaciones","title":"Acta de presentación y apertura de propuestas de licitaciones","description":"Acta de presentación y apertura de propuestas de licitaciones","url":"http://si.nl.gob.mx/Acceso/DatosAbiertos/DocumentosPublicos/000003/LO-919009986-E52-2016/02. Invitación/Acta de presentación y apertura de propuestas de licitaciones.pdf","datePublished":"2020-03-21T18:02:59.917-06:00","dateModified":"0001-01-01T00:00:00-06:00","format":"application/pdf","language":"es","x_section":"tender"},{"id":"691","documentType":"Anexos de Convocatoria","title":"Anexos de Convocatoria","description":"Anexos de Convocatoria","url":"http://si.nl.gob.mx/Acceso/DatosAbiertos/DocumentosPublicos/000003/LO-919009986-E52-2016/02. Invitación/Anexos de Convocatoria.rar","datePublished":"2020-03-21T18:02:59.927-06:00","dateModified":"0001-01-01T00:00:00-06:00","format":"application/vnd.rar","language":"es","x_section":"tender"},{"id":"692","documentType":"Convocatoria de licitaciones","title":"Convocatoria de licitaciones","description":"Convocatoria de licitaciones","url":"http://si.nl.gob.mx/Acceso/DatosAbiertos/DocumentosPublicos/000003/LO-919009986-E52-2016/02. Invitación/Convocatoria de licitaciones.pdf","datePublished":"2020-03-21T18:02:59.937-06:00","dateModified":"0001-01-01T00:00:00-06:00","format":"application/pdf","language":"es","x_section":"tender"},{"id":"693","documentType":"Registro de asistencia de la visita a las instalaciones","title":"Registro de asistencia de la visita a las instalaciones","description":"Registro de asistencia de la visita a las instalaciones","url":"http://si.nl.gob.mx/Acceso/DatosAbiertos/DocumentosPublicos/000003/LO-919009986-E52-2016/02. Invitación/Registro de asistencia de la visita a las instalaciones.pdf","datePublished":"2020-03-21T18:02:59.95-06:00","dateModified":"0001-01-01T00:00:00-06:00","format":"application/pdf","language":"es","x_section":"tender"},{"id":"694","documentType":"Resumen de convocatoria a la licitación pública","title":"Resumen de convocatoria a la licitación pública","description":"Resumen de convocatoria a la licitación pública","url":"http://si.nl.gob.mx/Acceso/DatosAbiertos/DocumentosPublicos/000003/LO-919009986-E52-2016/02. Invitación/Resumen de convocatoria a la licitación pública.pdf","datePublished":"2020-03-21T18:02:59.963-06:00","dateModified":"0001-01-01T00:00:00-06:00","format":"application/pdf","language":"es","x_section":"tender"}],"milestones":[{"id":"LO-919009986-E52-2016-13982","title":"CONVOCATORIA","type":"preProcurement","description":"CONVOCATORIA","code":"CONVOCATORIA","dueDate":"2016-10-27T08:00:00-05:00","dateMet":"2016-10-27T08:00:00-05:00","dateModified":"2016-10-27T08:00:00-05:00","status":"met"},{"id":"LO-919009986-E52-2016-13983","title":"VISITA A LA OBRA","type":"preProcurement","description":"VISITA A LA OBRA","code":"VISITA A LA OBRA","dueDate":"2016-11-04T08:00:00-06:00","dateMet":"2016-11-04T08:00:00-06:00","dateModified":"2016-11-04T08:00:00-06:00","status":"met"},{"id":"LO-919009986-E52-2016-13984","title":"JUNTA DE ACLARACIONES","type":"preProcurement","description":"JUNTA DE ACLARACIONES","code":"JUNTA DE ACLARACIONES","dueDate":"2016-11-07T10:00:00-06:00","dateMet":"2016-11-07T10:00:00-06:00","dateModified":"2016-11-07T10:00:00-06:00","status":"met"},{"id":"LO-919009986-E52-2016-13985","title":"APERTURA","type":"assessment","description":"APERTURA","code":"APERTURA","dueDate":"2016-11-15T10:00:00-06:00","dateMet":"2016-11-15T10:00:00-06:00","dateModified":"2016-11-15T10:00:00-06:00","status":"met"},{"id":"LO-919009986-E52-2016-13988","title":"FALLO","type":"engagement","description":"FALLO","code":"FALLO","dueDate":"2016-11-24T10:00:00-06:00","dateMet":"2016-11-24T10:00:00-06:00","dateModified":"2016-11-24T10:00:00-06:00","status":"met"},{"id":"LO-919009986-E52-2016-13989","title":"FIRMA DEL CONTRATO","type":"approval","description":"FIRMA DEL CONTRATO","code":"FIRMA DEL CONTRATO","dueDate":"2016-12-27T15:00:00-06:00","dateMet":"2016-12-27T15:00:00-06:00","dateModified":"2016-12-27T15:00:00-06:00","status":"met"}]},"awards":[{"id":"LO-919009986-E52-2016","title":"Programa integral de rehabilitación vial en Diaz Ordaz","description":"Programa integral de rehabilitación vial en Diaz Ordaz de Oriente a Poniente entre limite con Santa Catarina y Calzada San Pedro en Monterrey, Nuevo León.","status":"active","date":"2016-11-24T00:00:00-06:00","value":{"amount":64149831.84,"currency":"MXN"},"suppliers":[{"id":"RFC-SIN DATO-35B53148-CC7D-4BBA-B490-3D8D01894470","name":"TORDEC, S.A. DE C.V. y HERCULES CONSTRUCCIONES DE MONTERREY, S.A. DE C.V. (PROPOSICÓN CONJUNTA)"}],"contractPeriod":{"startDate":"2017-01-04T00:00:00-06:00","endDate":"2017-09-22T00:00:00-05:00","maxExtentDate":"0001-01-01T00:00:00","durationInDays":261},"documents":[{"id":"695","documentType":"Fallo de licitaciones","title":"Fallo de licitaciones","description":"Fallo de licitaciones","url":"http://si.nl.gob.mx/Acceso/DatosAbiertos/DocumentosPublicos/000003/LO-919009986-E52-2016/03. Adjudicación/Fallo de licitaciones.pdf","datePublished":"2020-03-21T18:02:59.977-06:00","dateModified":"0001-01-01T00:00:00-06:00","format":"application/pdf","language":"es","x_section":"award"},{"id":"696","documentType":"Fallo de licitaciones","title":"Fallo de licitaciones","description":"Fallo de licitaciones","url":"http://si.nl.gob.mx/Acceso/DatosAbiertos/DocumentosPublicos/000003/LO-919009986-E52-2016/03. Adjudicación/Fallo de licitaciones_01.pdf","datePublished":"2020-03-21T18:02:59.99-06:00","dateModified":"0001-01-01T00:00:00-06:00","format":"application/pdf","language":"es","x_section":"award"},{"id":"697","documentType":"Oferta Ganadora","title":"Oferta Ganadora","description":"Oferta Ganadora","url":"http://si.nl.gob.mx/Acceso/DatosAbiertos/DocumentosPublicos/000003/LO-919009986-E52-2016/03. Adjudicación/Oferta Ganadora.rar","datePublished":"2020-03-21T18:03:00.01-06:00","dateModified":"0001-01-01T00:00:00-06:00","format":"application/vnd.rar","language":"es","x_section":"award"},{"id":"698","documentType":"Resultado de las evaluaciones de la licitación","title":"Resultado de las evaluaciones de la licitación","description":"Resultado de las evaluaciones de la licitación","url":"http://si.nl.gob.mx/Acceso/DatosAbiertos/DocumentosPublicos/000003/LO-919009986-E52-2016/03. Adjudicación/Resultado de las evaluaciones de la licitación.pdf","datePublished":"2020-03-21T18:03:00.03-06:00","dateModified":"0001-01-01T00:00:00-06:00","format":"application/pdf","language":"es","x_section":"award"}]}],"contracts":[{"id":"1612084","awardID":"LO-919009986-E52-2016","title":"Programa integral de rehabilitación vial en Diaz Ordaz","description":"Programa integral de rehabilitación vial en Diaz Ordaz de Oriente a Poniente entre limite con Santa Catarina y Calzada San Pedro en Monterrey, Nuevo León.","status":"terminated","x_financial_advance":100.0,"x_physical_advance":100.0,"period":{"startDate":"2017-01-04T00:00:00-06:00","endDate":"2017-09-22T00:00:00-05:00","maxExtentDate":"0001-01-01T00:00:00-06:00","durationInDays":261},"value":{"amount":67114924.93,"currency":"MXN"},"x_estimatedPhysicalProgress":100.0,"x_observedPhysicalProgress":100.0,"items":[{"id":"000004729","description":"001 PRELIMINARES","classification":{"scheme":"UNCEFACT","id":"000004729","description":"Catálogo de Conceptos Universal de la Secretaría de Infraestructura del Estado de Nuevo León","uri":"http://si.nl.gob.mx/CatalogoDeConceptosUniversal"},"quantity":1.0,"unit":{"scheme":"SINL-CU","id":"000000221","name":"LOTE","value":{"amount":2737816.967,"currency":"MXN"},"uri":"http://si.nl.gob.mx/CatalogoUnidades"}},{"id":"000002068","description":"002 TERRACERÍAS","classification":{"scheme":"UNCEFACT","id":"000002068","description":"Catálogo de Conceptos Universal de la Secretaría de Infraestructura del Estado de Nuevo León","uri":"http://si.nl.gob.mx/CatalogoDeConceptosUniversal"},"quantity":1.0,"unit":{"scheme":"SINL-CU","id":"000000221","name":"LOTE","value":{"amount":13580824.9613,"currency":"MXN"},"uri":"http://si.nl.gob.mx/CatalogoUnidades"}},{"id":"000007306","description":"003 PAVIMENTOS","classification":{"scheme":"UNCEFACT","id":"000007306","description":"Catálogo de Conceptos Universal de la Secretaría de Infraestructura del Estado de Nuevo León","uri":"http://si.nl.gob.mx/CatalogoDeConceptosUniversal"},"quantity":1.0,"unit":{"scheme":"SINL-CU","id":"000000221","name":"LOTE","value":{"amount":58373198.1762,"currency":"MXN"},"uri":"http://si.nl.gob.mx/CatalogoUnidades"}},{"id":"000008432","description":"004 GUARNICIONES","classification":{"scheme":"UNCEFACT","id":"000008432","description":"Catálogo de Conceptos Universal de la Secretaría de Infraestructura del Estado de Nuevo León","uri":"http://si.nl.gob.mx/CatalogoDeConceptosUniversal"},"quantity":1.0,"unit":{"scheme":"SINL-CU","id":"000000221","name":"LOTE","value":{"amount":7377805.463,"currency":"MXN"},"uri":"http://si.nl.gob.mx/CatalogoUnidades"}},{"id":"000000044","description":"005 BANQUETAS","classification":{"scheme":"UNCEFACT","id":"000000044","description":"Catálogo de Conceptos Universal de la Secretaría de Infraestructura del Estado de Nuevo León","uri":"http://si.nl.gob.mx/CatalogoDeConceptosUniversal"},"quantity":1.0,"unit":{"scheme":"SINL-CU","id":"000000221","name":"LOTE","value":{"amount":723020.1176,"currency":"MXN"},"uri":"http://si.nl.gob.mx/CatalogoUnidades"}},{"id":"000000708","description":"006 RAMPA PARA PERSONAS CON CAPACIDADES DIFERENTES","classification":{"scheme":"UNCEFACT","id":"000000708","description":"Catálogo de Conceptos Universal de la Secretaría de Infraestructura del Estado de Nuevo León","uri":"http://si.nl.gob.mx/CatalogoDeConceptosUniversal"},"quantity":1.0,"unit":{"scheme":"SINL-CU","id":"000000221","name":"LOTE","value":{"amount":108473.65,"currency":"MXN"},"uri":"http://si.nl.gob.mx/CatalogoUnidades"}},{"id":"000008094","description":"007 SEÑALAMIENTO HORIZONTAL","classification":{"scheme":"UNCEFACT","id":"000008094","description":"Catálogo de Conceptos Universal de la Secretaría de Infraestructura del Estado de Nuevo León","uri":"http://si.nl.gob.mx/CatalogoDeConceptosUniversal"},"quantity":1.0,"unit":{"scheme":"SINL-CU","id":"000000221","name":"LOTE","value":{"amount":3789820.8054,"currency":"MXN"},"uri":"http://si.nl.gob.mx/CatalogoUnidades"}},{"id":"000001447","description":"008 SEÑALAMIENTO VERTICAL","classification":{"scheme":"UNCEFACT","id":"000001447","description":"Catálogo de Conceptos Universal de la Secretaría de Infraestructura del Estado de Nuevo León","uri":"http://si.nl.gob.mx/CatalogoDeConceptosUniversal"},"quantity":1.0,"unit":{"scheme":"SINL-CU","id":"000000221","name":"LOTE","value":{"amount":1719861.54,"currency":"MXN"},"uri":"http://si.nl.gob.mx/CatalogoUnidades"}},{"id":"000001477","description":"009 SEMAFORIZACIÓN, OBRA CIVIL","classification":{"scheme":"UNCEFACT","id":"000001477","description":"Catálogo de Conceptos Universal de la Secretaría de Infraestructura del Estado de Nuevo León","uri":"http://si.nl.gob.mx/CatalogoDeConceptosUniversal"},"quantity":1.0,"unit":{"scheme":"SINL-CU","id":"000000221","name":"LOTE","value":{"amount":1056568.5472,"currency":"MXN"},"uri":"http://si.nl.gob.mx/CatalogoUnidades"}},{"id":"000008411","description":"010 OBRA ELÉCTRICA","classification":{"scheme":"UNCEFACT","id":"000008411","description":"Catálogo de Conceptos Universal de la Secretaría de Infraestructura del Estado de Nuevo León","uri":"http://si.nl.gob.mx/CatalogoDeConceptosUniversal"},"quantity":1.0,"unit":{"scheme":"SINL-CU","id":"000000221","name":"LOTE","value":{"amount":209994.0,"currency":"MXN"},"uri":"http://si.nl.gob.mx/CatalogoUnidades"}},{"id":"000005026","description":"011 SEMAFORIZACIÓN","classification":{"scheme":"UNCEFACT","id":"000005026","description":"Catálogo de Conceptos Universal de la Secretaría de Infraestructura del Estado de Nuevo León","uri":"http://si.nl.gob.mx/CatalogoDeConceptosUniversal"},"quantity":1.0,"unit":{"scheme":"SINL-CU","id":"000000221","name":"LOTE","value":{"amount":2901969.18,"currency":"MXN"},"uri":"http://si.nl.gob.mx/CatalogoUnidades"}},{"id":"000000159","description":"012 SISTEMA DE DETECCION","classification":{"scheme":"UNCEFACT","id":"000000159","description":"Catálogo de Conceptos Universal de la Secretaría de Infraestructura del Estado de Nuevo León","uri":"http://si.nl.gob.mx/CatalogoDeConceptosUniversal"},"quantity":1.0,"unit":{"scheme":"SINL-CU","id":"000000221","name":"LOTE","value":{"amount":2091495.75,"currency":"MXN"},"uri":"http://si.nl.gob.mx/CatalogoUnidades"}},{"id":"000002946","description":"013 RED DE COMUNICACIÓN","classification":{"scheme":"UNCEFACT","id":"000002946","description":"Catálogo de Conceptos Universal de la Secretaría de Infraestructura del Estado de Nuevo León","uri":"http://si.nl.gob.mx/CatalogoDeConceptosUniversal"},"quantity":1.0,"unit":{"scheme":"SINL-CU","id":"000000221","name":"LOTE","value":{"amount":1158.8,"currency":"MXN"},"uri":"http://si.nl.gob.mx/CatalogoUnidades"}},{"id":"000007434","description":"014 LIMPIEZA","classification":{"scheme":"UNCEFACT","id":"000007434","description":"Catálogo de Conceptos Universal de la Secretaría de Infraestructura del Estado de Nuevo León","uri":"http://si.nl.gob.mx/CatalogoDeConceptosUniversal"},"quantity":1.0,"unit":{"scheme":"SINL-CU","id":"000000221","name":"LOTE","value":{"amount":1592182.304,"currency":"MXN"},"uri":"http://si.nl.gob.mx/CatalogoUnidades"}},{"id":"000008974","description":"EXT 002","classification":{"scheme":"UNCEFACT","id":"000008974","description":"Catálogo de Conceptos Universal de la Secretaría de Infraestructura del Estado de Nuevo León","uri":"http://si.nl.gob.mx/CatalogoDeConceptosUniversal"},"quantity":1.0,"unit":{"scheme":"SINL-CU","id":"000000221","name":"LOTE","value":{"amount":38353694.3719,"currency":"MXN"},"uri":"http://si.nl.gob.mx/CatalogoUnidades"}}],"dateSigned":"2016-12-28T00:00:00-06:00","documents":[{"id":"699","documentType":"Anexos de Contrato","title":"Anexos de Contrato","description":"Anexos de Contrato","url":"http://si.nl.gob.mx/Acceso/DatosAbiertos/DocumentosPublicos/000003/LO-919009986-E52-2016/04. Contratación/Anexos de Contrato.pdf","datePublished":"2020-03-21T18:03:00.043-06:00","dateModified":"0001-01-01T00:00:00-06:00","format":"application/pdf","language":"es","x_section":"contract"},{"id":"700","documentType":"Anexos de Contrato","title":"Anexos de Contrato","description":"Anexos de Contrato","url":"http://si.nl.gob.mx/Acceso/DatosAbiertos/DocumentosPublicos/000003/LO-919009986-E52-2016/04. Contratación/Anexos de Contrato_01.pdf","datePublished":"2020-03-21T18:03:00.057-06:00","dateModified":"0001-01-01T00:00:00-06:00","format":"application/pdf","language":"es","x_section":"contract"},{"id":"701","documentType":"Contrato firmado","title":"Contrato firmado","description":"Contrato firmado","url":"http://si.nl.gob.mx/Acceso/DatosAbiertos/DocumentosPublicos/000003/LO-919009986-E52-2016/04. Contratación/Contrato firmado.pdf","datePublished":"2020-03-21T18:03:00.073-06:00","dateModified":"0001-01-01T00:00:00-06:00","format":"application/pdf","language":"es","x_section":"contract"},{"id":"704","documentType":"Finiquito del contrato","title":"Finiquito del contrato","description":"Finiquito del contrato","url":"http://si.nl.gob.mx/Acceso/DatosAbiertos/DocumentosPublicos/000003/LO-919009986-E52-2016/05. Ejecución/Finiquito del contrato.pdf","datePublished":"2020-03-21T18:03:00.117-06:00","dateModified":"0001-01-01T00:00:00-06:00","format":"application/pdf","language":"es","x_section":"contract"},{"id":"702","documentType":"Certificado de terminación (informe de conclusión)","title":"Certificado de terminación (informe de conclusión)","description":"Certificado de terminación (informe de conclusión)","url":"http://si.nl.gob.mx/Acceso/DatosAbiertos/DocumentosPublicos/000003/LO-919009986-E52-2016/05. Ejecución/Certificado de terminación (informe de conclusión).pdf","datePublished":"2020-03-21T18:03:00.087-06:00","dateModified":"0001-01-01T00:00:00-06:00","format":"application/pdf","language":"es","x_section":"implementarion"},{"id":"703","documentType":"Convenios modificatorios","title":"Convenios modificatorios","description":"Convenios modificatorios","url":"http://si.nl.gob.mx/Acceso/DatosAbiertos/DocumentosPublicos/000003/LO-919009986-E52-2016/05. Ejecución/Convenios modificatorios.pdf","datePublished":"2020-03-21T18:03:00.103-06:00","dateModified":"0001-01-01T00:00:00-06:00","format":"application/pdf","language":"es","x_section":"implementarion"},{"id":"705","documentType":"Lista de escalada de aprobaciones","title":"Lista de escalada de aprobaciones","description":"Lista de escalada de aprobaciones","url":"http://si.nl.gob.mx/Acceso/DatosAbiertos/DocumentosPublicos/000003/LO-919009986-E52-2016/05. Ejecución/Lista de escalada de aprobaciones.pdf","datePublished":"2020-03-21T18:03:00.127-06:00","dateModified":"0001-01-01T00:00:00-06:00","format":"application/pdf","language":"es","x_section":"implementarion"},{"id":"706","documentType":"Reportes de calidad","title":"Reportes de calidad","description":"Reportes de calidad","url":"http://si.nl.gob.mx/Acceso/DatosAbiertos/DocumentosPublicos/000003/LO-919009986-E52-2016/05. Ejecución/Reportes de calidad.pdf","datePublished":"2020-03-21T18:03:00.137-06:00","dateModified":"0001-01-01T00:00:00-06:00","format":"application/pdf","language":"es","x_section":"implementarion"},{"id":"707","documentType":"Reportes de supervisión","title":"Reportes de supervisión","description":"Reportes de supervisión","url":"http://si.nl.gob.mx/Acceso/DatosAbiertos/DocumentosPublicos/000003/LO-919009986-E52-2016/05. Ejecución/Reportes de supervisión.pdf","datePublished":"2020-03-21T18:03:00.147-06:00","dateModified":"0001-01-01T00:00:00-06:00","format":"application/pdf","language":"es","x_section":"implementarion"}],"implementation":{"transactions":[{"id":"EST-2017-01-151","date":"2017-01-10T13:36:18-06:00","value":{"amount":12829966.36,"currency":"MXN"},"payer":{"name":"SFYTGE","id":"RFC-GEN620601DTA"},"payee":{"name":"TORDEC, S.A. DE C.V. y HERCULES CONSTRUCCIONES DE MONTERREY, S.A. DE C.V. (PROPOSICÓN CONJUNTA)","id":"SIN DATO-17F4E531-5344-4329-BC08-4EAC3B56DCE4"}},{"id":"EST-2017-07-871","date":"2017-07-28T14:19:06-05:00","value":{"amount":2423526.02,"currency":"MXN"},"payer":{"name":"SFYTGE","id":"RFC-GEN620601DTA"},"payee":{"name":"TORDEC, S.A. DE C.V. y HERCULES CONSTRUCCIONES DE MONTERREY, S.A. DE C.V. (PROPOSICÓN CONJUNTA)","id":"SIN DATO-3A8DE3FB-0B50-404C-850A-934F1F400FFA"}},{"id":"EST-2017-08-996","date":"2017-08-22T11:02:56-05:00","value":{"amount":348158.44,"currency":"MXN"},"payer":{"name":"SFYTGE","id":"RFC-GEN620601DTA"},"payee":{"name":"TORDEC, S.A. DE C.V. y HERCULES CONSTRUCCIONES DE MONTERREY, S.A. DE C.V. (PROPOSICÓN CONJUNTA)","id":"SIN DATO-BF9077AA-06DD-44A3-B0D5-52D228FFF6AA"}},{"id":"EST-2018-03-118","date":"2017-11-29T12:34:26-06:00","value":{"amount":179762.85,"currency":"MXN"},"payer":{"name":"SFYTGE","id":"RFC-GEN620601DTA"},"payee":{"name":"TORDEC, S.A. DE C.V. y HERCULES CONSTRUCCIONES DE MONTERREY, S.A. DE C.V. (PROPOSICÓN CONJUNTA)","id":"SIN DATO-68F2DBFD-755A-44F3-97C2-335CB59DADE1"}},{"id":"EST-2019-03-803","date":"2019-03-01T09:23:06-06:00","value":{"amount":2965098.13,"currency":"MXN"},"payer":{"name":"SFYTGE","id":"RFC-GEN620601DTA"},"payee":{"name":"TORDEC, S.A. DE C.V. y HERCULES CONSTRUCCIONES DE MONTERREY, S.A. DE C.V. (PROPOSICÓN CONJUNTA)","id":"SIN DATO-5F1193B7-4228-4FD1-963D-BEDDFA45860D"}},{"id":"EST-2017-08-954","date":"2017-08-15T14:23:02-05:00","value":{"amount":322760.84,"currency":"MXN"},"payer":{"name":"SFYTGE","id":"RFC-GEN620601DTA"},"payee":{"name":"TORDEC, S.A. DE C.V. y HERCULES CONSTRUCCIONES DE MONTERREY, S.A. DE C.V. (PROPOSICÓN CONJUNTA)","id":"SIN DATO-2E02801D-6ADC-443B-A1A2-C399A2818062"}},{"id":"EST-2017-08-997","date":"2017-08-22T11:20:08-05:00","value":{"amount":636375.31,"currency":"MXN"},"payer":{"name":"SFYTGE","id":"RFC-GEN620601DTA"},"payee":{"name":"TORDEC, S.A. DE C.V. y HERCULES CONSTRUCCIONES DE MONTERREY, S.A. DE C.V. (PROPOSICÓN CONJUNTA)","id":"SIN DATO-079116CF-4B6A-4C40-836E-D1348A26B871"}},{"id":"EST-2018-03-121","date":"2017-11-29T13:48:01-06:00","value":{"amount":246039.99,"currency":"MXN"},"payer":{"name":"SFYTGE","id":"RFC-GEN620601DTA"},"payee":{"name":"TORDEC, S.A. DE C.V. y HERCULES CONSTRUCCIONES DE MONTERREY, S.A. DE C.V. (PROPOSICÓN CONJUNTA)","id":"SIN DATO-A78213F5-DF64-4F87-8C8B-B86FE48C77B9"}},{"id":"EST-2017-08-955","date":"2017-08-15T14:27:43-05:00","value":{"amount":88268.94,"currency":"MXN"},"payer":{"name":"SFYTGE","id":"RFC-GEN620601DTA"},"payee":{"name":"TORDEC, S.A. DE C.V. y HERCULES CONSTRUCCIONES DE MONTERREY, S.A. DE C.V. (PROPOSICÓN CONJUNTA)","id":"SIN DATO-DA681E4D-9AF4-47DF-BA4C-709D78F4F183"}},{"id":"EST-2017-08-998","date":"2017-08-22T11:29:23-05:00","value":{"amount":898798.12,"currency":"MXN"},"payer":{"name":"SFYTGE","id":"RFC-GEN620601DTA"},"payee":{"name":"TORDEC, S.A. DE C.V. y HERCULES CONSTRUCCIONES DE MONTERREY, S.A. DE C.V. (PROPOSICÓN CONJUNTA)","id":"SIN DATO-B47F3278-6769-4C4F-8EA2-3A882CA00472"}},{"id":"EST-2018-03-122","date":"2017-11-29T13:57:36-06:00","value":{"amount":45817.4,"currency":"MXN"},"payer":{"name":"SFYTGE","id":"RFC-GEN620601DTA"},"payee":{"name":"TORDEC, S.A. DE C.V. y HERCULES CONSTRUCCIONES DE MONTERREY, S.A. DE C.V. (PROPOSICÓN CONJUNTA)","id":"SIN DATO-C62E8C2F-8D6A-4918-ADE3-C4DA72AD623E"}},{"id":"EST-2017-08-995","date":"2017-08-22T10:44:52-05:00","value":{"amount":-1114848.72,"currency":"MXN"},"payer":{"name":"SFYTGE","id":"RFC-GEN620601DTA"},"payee":{"name":"TORDEC, S.A. DE C.V. y HERCULES CONSTRUCCIONES DE MONTERREY, S.A. DE C.V. (PROPOSICÓN CONJUNTA)","id":"SIN DATO-6935EF48-0DD5-46C0-9B48-D5EA394EE2FA"}},{"id":"EST-2017-09-100","date":"2017-09-08T15:21:50-05:00","value":{"amount":1502622.94,"currency":"MXN"},"payer":{"name":"SFYTGE","id":"RFC-GEN620601DTA"},"payee":{"name":"TORDEC, S.A. DE C.V. y HERCULES CONSTRUCCIONES DE MONTERREY, S.A. DE C.V. (PROPOSICÓN CONJUNTA)","id":"SIN DATO-06FC0D3F-2120-44C8-AE12-C9E0106B17AD"}},{"id":"EST-2018-03-123","date":"2017-11-29T14:00:54-06:00","value":{"amount":207634.1,"currency":"MXN"},"payer":{"name":"SFYTGE","id":"RFC-GEN620601DTA"},"payee":{"name":"TORDEC, S.A. DE C.V. y HERCULES CONSTRUCCIONES DE MONTERREY, S.A. DE C.V. (PROPOSICÓN CONJUNTA)","id":"SIN DATO-CE0CC662-FF45-4883-AB64-AE24A0147D55"}},{"id":"EST-2017-09-098","date":"2017-09-08T15:01:04-05:00","value":{"amount":591107.6,"currency":"MXN"},"payer":{"name":"SFYTGE","id":"RFC-GEN620601DTA"},"payee":{"name":"TORDEC, S.A. DE C.V. y HERCULES CONSTRUCCIONES DE MONTERREY, S.A. DE C.V. (PROPOSICÓN CONJUNTA)","id":"SIN DATO-9E3EB8E0-0FFC-4D24-A8BA-AFBE450935A6"}},{"id":"EST-2017-09-149","date":"2017-09-18T12:41:10-05:00","value":{"amount":1573291.12,"currency":"MXN"},"payer":{"name":"SFYTGE","id":"RFC-GEN620601DTA"},"payee":{"name":"TORDEC, S.A. DE C.V. y HERCULES CONSTRUCCIONES DE MONTERREY, S.A. DE C.V. (PROPOSICÓN CONJUNTA)","id":"SIN DATO-5F498C37-D0F1-42BF-B059-8A432E88B498"}},{"id":"EST-2018-03-172","date":"2017-11-29T09:15:52-06:00","value":{"amount":664101.22,"currency":"MXN"},"payer":{"name":"SFYTGE","id":"RFC-GEN620601DTA"},"payee":{"name":"TORDEC, S.A. DE C.V. y HERCULES CONSTRUCCIONES DE MONTERREY, S.A. DE C.V. (PROPOSICÓN CONJUNTA)","id":"SIN DATO-B669F8F3-B529-408F-8137-14FAFD09B3C2"}},{"id":"EST-2017-09-099","date":"2017-09-08T15:07:52-05:00","value":{"amount":-488922.73,"currency":"MXN"},"payer":{"name":"SFYTGE","id":"RFC-GEN620601DTA"},"payee":{"name":"TORDEC, S.A. DE C.V. y HERCULES CONSTRUCCIONES DE MONTERREY, S.A. DE C.V. (PROPOSICÓN CONJUNTA)","id":"SIN DATO-7743A2BF-E83C-4202-B663-23833735CCB3"}},{"id":"EST-2017-09-237","date":"2017-09-28T12:02:06-05:00","value":{"amount":2464193.94,"currency":"MXN"},"payer":{"name":"SFYTGE","id":"RFC-GEN620601DTA"},"payee":{"name":"TORDEC, S.A. DE C.V. y HERCULES CONSTRUCCIONES DE MONTERREY, S.A. DE C.V. (PROPOSICÓN CONJUNTA)","id":"SIN DATO-C924150F-A792-48F2-9611-BBE3E5D5346C"}},{"id":"EST-2017-09-238","date":"2017-09-28T12:23:22-05:00","value":{"amount":175726.52,"currency":"MXN"},"payer":{"name":"SFYTGE","id":"RFC-GEN620601DTA"},"payee":{"name":"TORDEC, S.A. DE C.V. y HERCULES CONSTRUCCIONES DE MONTERREY, S.A. DE C.V. (PROPOSICÓN CONJUNTA)","id":"SIN DATO-04A5A902-CFF4-4A63-969A-EA743F38D793"}},{"id":"EST-2017-10-373","date":"2017-10-25T11:45:32-05:00","value":{"amount":2331466.73,"currency":"MXN"},"payer":{"name":"SFYTGE","id":"RFC-GEN620601DTA"},"payee":{"name":"TORDEC, S.A. DE C.V. y HERCULES CONSTRUCCIONES DE MONTERREY, S.A. DE C.V. (PROPOSICÓN CONJUNTA)","id":"SIN DATO-545FD466-01EB-411D-AC6A-70BFD405C4DA"}},{"id":"EST-2017-10-372","date":"2017-10-25T11:37:12-05:00","value":{"amount":156022.76,"currency":"MXN"},"payer":{"name":"SFYTGE","id":"RFC-GEN620601DTA"},"payee":{"name":"TORDEC, S.A. DE C.V. y HERCULES CONSTRUCCIONES DE MONTERREY, S.A. DE C.V. (PROPOSICÓN CONJUNTA)","id":"SIN DATO-91E303A0-4183-4CD5-92DD-9F750AA742A5"}},{"id":"EST-2017-10-374","date":"2017-10-25T12:24:12-05:00","value":{"amount":17015.81,"currency":"MXN"},"payer":{"name":"SFYTGE","id":"RFC-GEN620601DTA"},"payee":{"name":"TORDEC, S.A. DE C.V. y HERCULES CONSTRUCCIONES DE MONTERREY, S.A. DE C.V. (PROPOSICÓN CONJUNTA)","id":"SIN DATO-A7FAD31E-A0A8-4CA1-BEE1-87CFCC4C9E45"}},{"id":"EST-2017-10-375","date":"2017-10-25T12:39:47-05:00","value":{"amount":296295.72,"currency":"MXN"},"payer":{"name":"SFYTGE","id":"RFC-GEN620601DTA"},"payee":{"name":"TORDEC, S.A. DE C.V. y HERCULES CONSTRUCCIONES DE MONTERREY, S.A. DE C.V. (PROPOSICÓN CONJUNTA)","id":"SIN DATO-6633CB3E-36AE-4A76-A7C2-812AC9E655D2"}},{"id":"EST-2017-10-376","date":"2017-10-25T12:56:57-05:00","value":{"amount":302840.27,"currency":"MXN"},"payer":{"name":"SFYTGE","id":"RFC-GEN620601DTA"},"payee":{"name":"TORDEC, S.A. DE C.V. y HERCULES CONSTRUCCIONES DE MONTERREY, S.A. DE C.V. (PROPOSICÓN CONJUNTA)","id":"SIN DATO-43DEDBD0-2D9C-44B6-929D-3F6611D05CD4"}},{"id":"EST-2017-10-394","date":"2017-10-27T12:52:29-05:00","value":{"amount":429606.63,"currency":"MXN"},"payer":{"name":"SFYTGE","id":"RFC-GEN620601DTA"},"payee":{"name":"TORDEC, S.A. DE C.V. y HERCULES CONSTRUCCIONES DE MONTERREY, S.A. DE C.V. (PROPOSICÓN CONJUNTA)","id":"SIN DATO-ED4B0F4C-4278-4C6E-BD34-1EA610E2031F"}},{"id":"EST-2017-10-398","date":"2017-10-27T13:11:56-05:00","value":{"amount":6969278.42,"currency":"MXN"},"payer":{"name":"SFYTGE","id":"RFC-GEN620601DTA"},"payee":{"name":"TORDEC, S.A. DE C.V. y HERCULES CONSTRUCCIONES DE MONTERREY, S.A. DE C.V. (PROPOSICÓN CONJUNTA)","id":"SIN DATO-BE796468-0E32-4297-98B2-011A1B9DEE8C"}},{"id":"EST-2017-11-462","date":"2017-11-08T09:32:30-06:00","value":{"amount":5978475.52,"currency":"MXN"},"payer":{"name":"SFYTGE","id":"RFC-GEN620601DTA"},"payee":{"name":"TORDEC, S.A. DE C.V. y HERCULES CONSTRUCCIONES DE MONTERREY, S.A. DE C.V. (PROPOSICÓN CONJUNTA)","id":"SIN DATO-8FADCA6C-ED96-40C6-9407-7BAF10DEBE30"}},{"id":"EST-2017-11-463","date":"2017-11-08T09:52:53-06:00","value":{"amount":475219.13,"currency":"MXN"},"payer":{"name":"SFYTGE","id":"RFC-GEN620601DTA"},"payee":{"name":"TORDEC, S.A. DE C.V. y HERCULES CONSTRUCCIONES DE MONTERREY, S.A. DE C.V. (PROPOSICÓN CONJUNTA)","id":"SIN DATO-798A1E33-6440-4D2C-ABCD-EB37194E0893"}},{"id":"EST-2017-12-757","date":"2017-12-14T10:59:04-06:00","value":{"amount":9566277.34,"currency":"MXN"},"payer":{"name":"SFYTGE","id":"RFC-GEN620601DTA"},"payee":{"name":"TORDEC, S.A. DE C.V. y HERCULES CONSTRUCCIONES DE MONTERREY, S.A. DE C.V. (PROPOSICÓN CONJUNTA)","id":"SIN DATO-7FCB958B-7C7F-45E6-AEDC-027F187CFF2A"}},{"id":"EST-2018-02-993","date":"2017-11-29T12:49:31-06:00","value":{"amount":1463452.26,"currency":"MXN"},"payer":{"name":"SFYTGE","id":"RFC-GEN620601DTA"},"payee":{"name":"TORDEC, S.A. DE C.V. y HERCULES CONSTRUCCIONES DE MONTERREY, S.A. DE C.V. (PROPOSICÓN CONJUNTA)","id":"SIN DATO-0B19954D-9136-4444-AC72-DA405B6C4E57"}},{"id":"EST-2018-02-995","date":"2017-11-29T13:23:56-06:00","value":{"amount":5065566.62,"currency":"MXN"},"payer":{"name":"SFYTGE","id":"RFC-GEN620601DTA"},"payee":{"name":"TORDEC, S.A. DE C.V. y HERCULES CONSTRUCCIONES DE MONTERREY, S.A. DE C.V. (PROPOSICÓN CONJUNTA)","id":"SIN DATO-647F5761-F52D-47A6-AE1E-72DD32512A7B"}},{"id":"EST-2018-03-171","date":"2017-11-29T08:45:04-06:00","value":{"amount":1015662.38,"currency":"MXN"},"payer":{"name":"SFYTGE","id":"RFC-GEN620601DTA"},"payee":{"name":"TORDEC, S.A. DE C.V. y HERCULES CONSTRUCCIONES DE MONTERREY, S.A. DE C.V. (PROPOSICÓN CONJUNTA)","id":"SIN DATO-DD29DC52-F5C5-4B49-BC9F-70E910B5E7F2"}},{"id":"EST-2018-02-060","date":"2017-11-29T13:18:15-06:00","value":{"amount":4884495.44,"currency":"MXN"},"payer":{"name":"SFYTGE","id":"RFC-GEN620601DTA"},"payee":{"name":"TORDEC, S.A. DE C.V. y HERCULES CONSTRUCCIONES DE MONTERREY, S.A. DE C.V. (PROPOSICÓN CONJUNTA)","id":"SIN DATO-7D5091D5-71B6-40E9-845D-A192C42FF73F"}},{"id":"EST-2018-03-170","date":"2017-11-29T10:46:02-06:00","value":{"amount":-714916.97,"currency":"MXN"},"payer":{"name":"SFYTGE","id":"RFC-GEN620601DTA"},"payee":{"name":"TORDEC, S.A. DE C.V. y HERCULES CONSTRUCCIONES DE MONTERREY, S.A. DE C.V. (PROPOSICÓN CONJUNTA)","id":"SIN DATO-661B8AC1-0CD2-46AF-B1C7-DCD1F5EDB25F"}}],"documents":[]},"milestones":[]}],"language":"es"}}]}