{"uri":"http://si.nl.gob.mx/Acceso/DatosAbiertos/000009/SINL-CPE-008-2019/v001/RecordPackage-ocds-7wj9x5-SINL-CPE-008-2019-v001-contract.json","publisher":{"scheme":"GB-COH","uid":"","name":"Secretaría de Infraestructura del Estado de Nuevo León","uri":"http://si.nl.gob.mx"},"publishedDate":"2020-03-24T21:21:59.0082769-06:00","license":"https://datos.gob.mx/libreusomx","publicationPolicy":"http://si.nl.gob.mx","version":"1.1","packages":["https://raw.githubusercontent.com/INAImexico/ocds_requestForQuotes_extension/master/extension.json"],"records":[{"ocid":"ocds-7wj9x5-SINL-CPE-008-2019001","releases":[{"url":"http://si.nl.gob.mx/Acceso/DatosAbiertos/000009/SINL-CPE-008-2019/v001/Release-ocds-7wj9x5-SINL-CPE-008-2019-v001-contract.json","date":"2020-03-24T21:21:58.97-06:00","tag":["tender"]}],"compiledRelease":{"ocid":"ocds-7wj9x5-SINL-CPE-008-2019-v001","id":"ocds-7wj9x5-SINL-CPE-008-2019-v001-contract","date":"2020-03-24T21:21:58.9683828-06:00","tag":["planning","tender","award","contract"],"initiationType":"tender","parties":[{"name":"Secretaría de Desarrollo Social","id":"SIASI-000012","identifier":{"scheme":"SIASI","legalName":"SISTEMA INTEGRAL DE ADMINISTRACIÓN DE LA SECRETARÍA DE INFRAESTRUCTURA"},"address":{"streetAddress":"Washington","locality":"Monterrey","region":"Nuevo León","postalCode":"64010","countryName":"México"},"contactPoint":{"name":"GENARO ALANÍS DE LA FUENTE","email":"genaro.alanis@nuevoleon.gob.mx","telephone":"8120206730","url":"http://www.nl.gob.mx/desarrollosocial"},"roles":["buyer"]},{"name":"SECRETARIA DE INFRAESTRUCTURA","id":"SIASI-000011","identifier":{"scheme":"SIASI","legalName":"SISTEMA INTEGRAL DE ADMINISTRACIÓN DE LA SECRETARÍA DE INFRAESTRUCTURA"},"address":{"streetAddress":"WASHIGTON 648 OTE","locality":"MONTERREY","region":"NUEVO LEÓN","postalCode":"64000","countryName":"MÉXICO"},"contactPoint":{"name":"HUMBERTO TORRES PADILLA","email":"salvador.perez @nuevoleon.gob.mx","telephone":"8120206730","url":"http://si.nl.gob.mx/"},"roles":["procuringEntity"]},{"name":"SECRETARIA DE FINANZAS Y TESORERIA GENERAL DEL ESTADO DE NUEVO LEON","id":"SIASI-000004","identifier":{"scheme":"SIASI","legalName":"SISTEMA INTEGRAL DE ADMINISTRACIÓN DE LA SECRETARÍA DE INFRAESTRUCTURA"},"address":{"streetAddress":"ESCOBEDO SUR PISO 3 333","locality":"MONTERREY","region":"NUEVO LEÓN","postalCode":"64000","countryName":"MÉXICO"},"contactPoint":{"name":"Jesús Salvador Pérez Rodríguez","email":"salvador.perez @nuevoleon.gob.mx","telephone":"8120206730","url":"http://www.nl.gob.mx/tesoreria"},"roles":["payer"]},{"name":"VIP DESARROLLO URBANO, S.A. DE C.V.","id":"RFC-VDU920917EK0","identifier":{"scheme":"RFC","id":"VDU920917EK0","legalName":"REGISTRO FEDERAL DE CONTRIBUYENTES"},"address":{"streetAddress":"OCCIDENTAL 265 L 9","locality":"REYNOSA","postalCode":"88630"},"contactPoint":{"name":"RAUL MARTINEZ VILLARREAL","telephone":"8182522144"},"roles":["tenderer"]},{"name":"COMPLEMENTO INMOBILIARIO, S.A. DE C.V.","id":"RFC-CIN031231AP2","identifier":{"scheme":"RFC","id":"CIN031231AP2","legalName":"REGISTRO FEDERAL DE CONTRIBUYENTES"},"address":{"locality":"MONTERREY","postalCode":"64235"},"contactPoint":{"telephone":"17 69 07 9"},"roles":["tenderer"]},{"name":"MAURO DE JESUS MEDINA QUINTANILLA","id":"RFC-MEQM5808092N5","identifier":{"scheme":"RFC","id":"MEQM5808092N5","legalName":"REGISTRO FEDERAL DE CONTRIBUYENTES"},"address":{"streetAddress":"BLVD.RODRIGO GOMEZ  705 NTE","locality":"LINARES","postalCode":"67710"},"contactPoint":{"telephone":"8119393893"},"roles":["tenderer"]},{"name":"GP MAQUINARIA Y EQUIPOS, S.A. DE C.V.","id":"RFC-GME111005LW4","identifier":{"scheme":"RFC","id":"GME111005LW4","legalName":"REGISTRO FEDERAL DE CONTRIBUYENTES"},"address":{"streetAddress":"IGNACIO ZARAGOZA 1000 M1","locality":"MONTERREY","postalCode":"64000"},"contactPoint":{"name":"DIEGO GARZA DE SILVA","telephone":"81 50 35 00"},"roles":["tenderer"]},{"name":"CONSTRUCCIONES Y URBANIZACIONES CAMPA, S.A. DE C.V.","id":"RFC-SIN DATO-E1C1CFB1-B304-4D62-807D-21A812A64C26","identifier":{"scheme":"RFC","id":"SIN DATO-E1C1CFB1-B304-4D62-807D-21A812A64C26","legalName":"REGISTRO FEDERAL DE CONTRIBUYENTES"},"address":{"locality":"SAN NICOLÁS DE LOS GARZA","postalCode":"66450"},"contactPoint":{"telephone":"8183520742"},"roles":["tenderer"]},{"name":"EDIFICACION Y DESARROLLO INMOBILIARIO COYER, S.A. DE C.V.","id":"RFC-EDI0806304B0","identifier":{"scheme":"RFC","id":"EDI0806304B0","legalName":"REGISTRO FEDERAL DE CONTRIBUYENTES"},"address":{"streetAddress":"Av. Camino al mirador  5366","locality":"MONTERREY","postalCode":"64050"},"contactPoint":{"telephone":"8115232123"},"roles":["tenderer"]},{"name":"SERVICIOS DE CONSTRUCCION Y URBANIZACION INTEGRAL, S.A. DE C.V.","id":"RFC-SCU051219CQ2","identifier":{"scheme":"RFC","id":"SCU051219CQ2","legalName":"REGISTRO FEDERAL DE CONTRIBUYENTES"},"address":{"locality":"MONTERREY","postalCode":"64380"},"contactPoint":{},"roles":["tenderer"]},{"name":"CONSTRUCTORA MISSGAM, S.A. DE C.V.","id":"RFC-CMI060407B83","identifier":{"scheme":"RFC","id":"CMI060407B83","legalName":"REGISTRO FEDERAL DE CONTRIBUYENTES"},"address":{"streetAddress":"AV LAZARO CARDENAS  516","locality":"GUADALUPE","postalCode":"67150"},"contactPoint":{"name":"GERARDO GAMEZ SANTANA","telephone":"8186568485"},"roles":["tenderer"]},{"name":"GRUPO CONSTRUCTOR TREVAL, S.A. DE C.V.","id":"RFC-GCT0809224NA","identifier":{"scheme":"RFC","id":"GCT0809224NA","legalName":"REGISTRO FEDERAL DE CONTRIBUYENTES"},"address":{"locality":"MONTERREY","postalCode":"65500"},"contactPoint":{},"roles":["tenderer"]},{"name":"GFM INGENIEROS CONSTRUCTORES, S.A. DE C.V.","id":"RFC-GIC040119CA7","identifier":{"scheme":"RFC","id":"GIC040119CA7","legalName":"REGISTRO FEDERAL DE CONTRIBUYENTES"},"address":{"streetAddress":"Parque del Mezquital  103","locality":"APODACA","postalCode":"66632"},"contactPoint":{"name":"ANDRES MARCOS CALIFA","telephone":"8110134503"},"roles":["tenderer"]},{"name":"BUFETE URBANISTICO, S.A. DE C.V.","id":"RFC-BUR001114GL6","identifier":{"scheme":"RFC","id":"BUR001114GL6","legalName":"REGISTRO FEDERAL DE CONTRIBUYENTES"},"address":{"locality":"MONTERREY","postalCode":"64100"},"contactPoint":{"name":"PEDRO OCTAVIO LUNA HERNANDEZ","telephone":"8183919881"},"roles":["tenderer"]},{"name":"CONSTRUCTORA Y URBANIZADORA JE-FE, S.A. DE C.V.","id":"RFC-CUJ971122D1A","identifier":{"scheme":"RFC","id":"CUJ971122D1A","legalName":"REGISTRO FEDERAL DE CONTRIBUYENTES"},"address":{"locality":"SAN NICOLÁS DE LOS GARZA","postalCode":"66464"},"contactPoint":{},"roles":["tenderer"]},{"name":"CONSTRUCCIONES Y URBANIZACIONES VILLA, S.A. DE C.V.","id":"RFC-CUV990310IM2","identifier":{"scheme":"RFC","id":"CUV990310IM2","legalName":"REGISTRO FEDERAL DE CONTRIBUYENTES"},"address":{"streetAddress":"ARTEAGA  2234","locality":"MONTERREY","postalCode":"64010"},"contactPoint":{"name":"MAURICIO GARCIA Y GARCIA","telephone":"8111531996"},"roles":["tenderer"]},{"name":"COMAR CONSTRUCCIONES, S.A. DE C.V.","id":"RFC-CCO970305AZ3","identifier":{"scheme":"RFC","id":"CCO970305AZ3","legalName":"REGISTRO FEDERAL DE CONTRIBUYENTES"},"address":{"streetAddress":"CALANDRIA  5027","locality":"GUADALUPE","postalCode":"67183"},"contactPoint":{"name":"EDGAR ALBERTO MARTINEZ OROZCO","telephone":"8183934452"},"roles":["tenderer"]},{"name":"CAMINOS Y URBANIZACIONES NACIONALES, S.A. DE C.V.","id":"RFC-SIN DATO-F4923883-D605-4DF7-BCFC-CDB329C8E9A2","identifier":{"scheme":"RFC","id":"SIN DATO-F4923883-D605-4DF7-BCFC-CDB329C8E9A2","legalName":"REGISTRO FEDERAL DE CONTRIBUYENTES"},"address":{"locality":"MONTERREY","postalCode":"64000"},"contactPoint":{"telephone":" 86755942"},"roles":["tenderer"]},{"name":"CONSTRUCCIONES GV DE MONTERREY, S.A. DE C.V.","id":"RFC-CGM900131F64","identifier":{"scheme":"RFC","id":"CGM900131F64","legalName":"REGISTRO FEDERAL DE CONTRIBUYENTES"},"address":{"streetAddress":"VALLE DE OAXACA  2581","locality":"GUADALUPE","postalCode":"67140"},"contactPoint":{"name":"SERGIO EDUARDO GONZALEZ FLORES","telephone":"83598578"},"roles":["tenderer"]},{"name":"DESARROLLO CONSTRUCTIVO Y URBANISTICO, S.A. DE C.V.","id":"RFC-DCU910719R58","identifier":{"scheme":"RFC","id":"DCU910719R58","legalName":"REGISTRO FEDERAL DE CONTRIBUYENTES"},"address":{"locality":"Guadalupe","postalCode":"67140"},"contactPoint":{},"roles":["tenderer"]},{"name":"DISEÑO INFRAESTRUCTURA Y SERVICIOS, S.A. DE C.V.","id":"RFC-DIS9208038E8","identifier":{"scheme":"RFC","id":"DIS9208038E8","legalName":"REGISTRO FEDERAL DE CONTRIBUYENTES"},"address":{"locality":"MONTERREY","postalCode":"64030"},"contactPoint":{"telephone":"(81)83486821 , 83486209"},"roles":["tenderer"]},{"name":"CONSTRUCCIONES Y EDIFICACIONES ELISIOS, S.A. DE C.V.","id":"RFC-CEE101209VD6","identifier":{"scheme":"RFC","id":"CEE101209VD6","legalName":"REGISTRO FEDERAL DE CONTRIBUYENTES"},"address":{"locality":"GUADALUPE","postalCode":"67140"},"contactPoint":{"telephone":"88816890"},"roles":["tenderer"]},{"name":"TERMACO, S.A. DE C.V.","id":"RFC-TER1312146C7","identifier":{"scheme":"RFC","id":"TER1312146C7","legalName":"REGISTRO FEDERAL DE CONTRIBUYENTES"},"address":{"locality":"SABINAS HIDALGO","postalCode":"65200"},"contactPoint":{"name":"ROSENDO CHAPA GUTIERREZ","telephone":"8242425427"},"roles":["tenderer"]},{"name":"GUAJARDO Y ASOCIADOS CONSTRUCTORA, S.A. DE C.V.","id":"RFC-CGM741010KF3","identifier":{"scheme":"RFC","id":"CGM741010KF3","legalName":"REGISTRO FEDERAL DE CONTRIBUYENTES"},"address":{"streetAddress":"AV. ESTANZUELA  7625","locality":"MONTERREY","postalCode":"64988"},"contactPoint":{"name":"JOSE FRANCISCO GUAJARDO VALDEZ","telephone":"8123523586"},"roles":["tenderer"]},{"name":"EDIFICACIONES Y TERRACERIAS DEL NORTE, S.A. DE C.V.","id":"RFC-ETN940609PIA","identifier":{"scheme":"RFC","id":"ETN940609PIA","legalName":"REGISTRO FEDERAL DE CONTRIBUYENTES"},"address":{"streetAddress":"Camargo  204-b","locality":"MONTERREY","postalCode":"64320"},"contactPoint":{"name":"HNERY CANTU SANDOVAL","telephone":"52 81 83712675"},"roles":["tenderer"]},{"name":"COTELSA, S.A. DE C.V.","id":"RFC-COT930531J32","identifier":{"scheme":"RFC","id":"COT930531J32","legalName":"REGISTRO FEDERAL DE CONTRIBUYENTES"},"address":{"streetAddress":"PRIV. XILOFACTOS 101 82","locality":"MONTERREY","postalCode":"64270"},"contactPoint":{"name":"FERNANDO TREVIÑO LOERA","telephone":"8183111619"},"roles":["tenderer","supplier"]},{"name":"CONSTRUCTORA MEG7, S.A. DE C.V.","id":"RFC-SIN DATO-2E61BD0E-20A1-4E29-83A7-7DE07D277C4D","identifier":{"scheme":"RFC","id":"SIN DATO-2E61BD0E-20A1-4E29-83A7-7DE07D277C4D","legalName":"REGISTRO FEDERAL DE CONTRIBUYENTES"},"address":{"locality":"FRANCISCO I. MADERO","postalCode":"27900"},"contactPoint":{"telephone":"018721030522"},"roles":["tenderer"]}],"buyer":{"id":"SIASI-000012","name":"Secretaría de Desarrollo Social"},"planning":{"numberOfBeneficiaries":0,"budget":{"id":"20463","description":"FISE 2019","amount":{"amount":17250000.22,"currency":"MXN"},"project":"PAVIMENTACIÓN EN DIVERSAS CALLES DE LA COL. ALIANZA REAL EN EL MUNICIPIO DE ESCOBEDO, N.L.","projectID":"PEI-0070/2019"},"documents":[{"id":"955","documentType":"Estudio de mercado","title":"Estudio de mercado","description":"Estudio de mercado","url":"http://si.nl.gob.mx/Acceso/DatosAbiertos/DocumentosPublicos/000009/SINL-CPE-008-2019/01. Planeación/Estudio de mercado.pdf","datePublished":"2020-03-21T18:03:06.687-06:00","dateModified":"0001-01-01T00:00:00-06:00","format":"application/pdf","language":"es","x_section":"planning"},{"id":"956","documentType":"Proyecto ejecutivo","title":"Proyecto ejecutivo","description":"Proyecto ejecutivo","url":"http://si.nl.gob.mx/Acceso/DatosAbiertos/DocumentosPublicos/000009/SINL-CPE-008-2019/01. Planeación/Proyecto ejecutivo.pdf","datePublished":"2020-03-21T18:03:06.7-06:00","dateModified":"0001-01-01T00:00:00-06:00","format":"application/pdf","language":"es","x_section":"planning"}]},"tender":{"id":"SINL-CPE-008-2019","title":"PAVIMENTACIÓN DE DIVERSAS CALLES DE LA COL. ALIANZA REAL EN EL MUNICIPIO DE ESCOBEDO, N.L.","description":"PAVIMENTACIÓN EN DIVERSAS CALLES DE LA COL. ALIANZA REAL EN EL MUNICIPIO DE ESCOBEDO, N.L.","status":"complete","procuringEntity":{"name":"SECRETARIA DE INFRAESTRUCTURA","id":"SIASI-000011"},"value":{"amount":17250000.22,"currency":"MXN"},"minValue":{"amount":0.0,"currency":"MXN"},"procurementMethod":"open","procurementMethodDetails":"Licitación Estatal","procurementMethodRationale":"Justificación para el método de compra elegido","mainProcurementCategory":"goods","additionalProcurementCategories":["ND"],"awardCriteria":"ratedCriteria","awardCriteriaDetails":"Para la adjudicación del contrato LA DEPENDENCIA efectuará un análisis comparativo de las propuestas admitidas que no fueron desechadas en el aspecto legal, técnico o económico y elaborará un dictamen en el que se tomaran en cuenta los criterios generales de adjudicación expresados en la Convocatoria.","submissionMethod":["inPerson"],"submissionMethodDetails":"El representante del licitante deberá presentar en persona su oferta escrita en sobre cerrado","tenderPeriod":{"startDate":"2019-05-22T00:00:00-05:00","endDate":"2019-05-22T00:00:00-05:00","maxExtentDate":"2019-05-22T00:00:00-05:00","durationInDays":0},"enquiryPeriod":{"startDate":"2019-05-22T00:00:00-05:00","endDate":"2019-06-03T00:00:00-05:00","maxExtentDate":"2019-06-03T00:00:00-05:00","durationInDays":12},"hasEnquiries":true,"eligibilityCriteria":"El criterio establecido por los artículos 54 y 55 de la Ley de obras públicas para el estado y municipios de Nuevo León","awardPeriod":{"startDate":"2019-06-28T00:00:00-05:00","endDate":"2019-06-28T00:00:00-05:00","maxExtentDate":"2019-07-28T00:00:00-05:00","durationInDays":0},"contractPeriod":{"startDate":"2019-06-28T00:00:00-05:00","endDate":"2019-07-02T00:00:00-05:00","maxExtentDate":"2019-07-09T00:00:00-05:00","durationInDays":4},"numberOfTenderers":24,"tenderers":[{"name":"VIP DESARROLLO URBANO, S.A. DE C.V.","id":"RFC-VDU920917EK0"},{"name":"COMPLEMENTO INMOBILIARIO, S.A. DE C.V.","id":"RFC-CIN031231AP2"},{"name":"MAURO DE JESUS MEDINA QUINTANILLA","id":"RFC-MEQM5808092N5"},{"name":"GP MAQUINARIA Y EQUIPOS, S.A. DE C.V.","id":"RFC-GME111005LW4"},{"name":"CONSTRUCCIONES Y URBANIZACIONES CAMPA, S.A. DE C.V.","id":"RFC-SIN DATO-DCC542B0-BAD4-42CE-9088-BC9955714756"},{"name":"EDIFICACION Y DESARROLLO INMOBILIARIO COYER, S.A. DE C.V.","id":"RFC-EDI0806304B0"},{"name":"SERVICIOS DE CONSTRUCCION Y URBANIZACION INTEGRAL, S.A. DE C.V.","id":"RFC-SCU051219CQ2"},{"name":"CONSTRUCTORA MISSGAM, S.A. DE C.V.","id":"RFC-CMI060407B83"},{"name":"GRUPO CONSTRUCTOR TREVAL, S.A. DE C.V.","id":"RFC-GCT0809224NA"},{"name":"GFM INGENIEROS CONSTRUCTORES, S.A. DE C.V.","id":"RFC-GIC040119CA7"},{"name":"BUFETE URBANISTICO, S.A. DE C.V.","id":"RFC-BUR001114GL6"},{"name":"CONSTRUCTORA Y URBANIZADORA JE-FE, S.A. DE C.V.","id":"RFC-CUJ971122D1A"},{"name":"CONSTRUCCIONES Y URBANIZACIONES VILLA, S.A. DE C.V.","id":"RFC-CUV990310IM2"},{"name":"COMAR CONSTRUCCIONES, S.A. DE C.V.","id":"RFC-CCO970305AZ3"},{"name":"CAMINOS Y URBANIZACIONES NACIONALES, S.A. DE C.V.","id":"RFC-SIN DATO-39461181-81FC-4B0A-8138-26B614E4CD43"},{"name":"CONSTRUCCIONES GV DE MONTERREY, S.A. DE C.V.","id":"RFC-CGM900131F64"},{"name":"DESARROLLO CONSTRUCTIVO Y URBANISTICO, S.A. DE C.V.","id":"RFC-DCU910719R58"},{"name":"DISEÑO INFRAESTRUCTURA Y SERVICIOS, S.A. DE C.V.","id":"RFC-DIS9208038E8"},{"name":"CONSTRUCCIONES Y EDIFICACIONES ELISIOS, S.A. DE C.V.","id":"RFC-CEE101209VD6"},{"name":"TERMACO, S.A. DE C.V.","id":"RFC-TER1312146C7"},{"name":"GUAJARDO Y ASOCIADOS CONSTRUCTORA, S.A. DE C.V.","id":"RFC-CGM741010KF3"},{"name":"EDIFICACIONES Y TERRACERIAS DEL NORTE, S.A. DE C.V.","id":"RFC-ETN940609PIA"},{"name":"COTELSA, S.A. DE C.V.","id":"RFC-COT930531J32"},{"name":"CONSTRUCTORA MEG7, S.A. DE C.V.","id":"RFC-SIN DATO-35973E03-1A4A-4CE0-ABBA-937EE019F148"}],"documents":[{"id":"957","documentType":"Acta de juntas de aclaraciones a las preguntas de los licitantes","title":"Acta de juntas de aclaraciones a las preguntas de los licitantes","description":"Acta de juntas de aclaraciones a las preguntas de los licitantes","url":"http://si.nl.gob.mx/Acceso/DatosAbiertos/DocumentosPublicos/000009/SINL-CPE-008-2019/02. Invitación/Acta de juntas de aclaraciones a las preguntas de los licitantes.pdf","datePublished":"2020-03-21T18:03:06.73-06:00","dateModified":"0001-01-01T00:00:00-06:00","format":"application/pdf","language":"es","x_section":"tender"},{"id":"958","documentType":"Acta de presentación y apertura de propuestas de licitaciones","title":"Acta de presentación y apertura de propuestas de licitaciones","description":"Acta de presentación y apertura de propuestas de licitaciones","url":"http://si.nl.gob.mx/Acceso/DatosAbiertos/DocumentosPublicos/000009/SINL-CPE-008-2019/02. Invitación/Acta de presentación y apertura de propuestas de licitaciones.pdf","datePublished":"2020-03-21T18:03:06.747-06:00","dateModified":"0001-01-01T00:00:00-06:00","format":"application/pdf","language":"es","x_section":"tender"},{"id":"959","documentType":"Acta de presentación y apertura de propuestas de licitaciones","title":"Acta de presentación y apertura de propuestas de licitaciones","description":"Acta de presentación y apertura de propuestas de licitaciones","url":"http://si.nl.gob.mx/Acceso/DatosAbiertos/DocumentosPublicos/000009/SINL-CPE-008-2019/02. Invitación/Acta de presentación y apertura de propuestas de licitaciones_01.pdf","datePublished":"2020-03-21T18:03:06.763-06:00","dateModified":"0001-01-01T00:00:00-06:00","format":"application/pdf","language":"es","x_section":"tender"},{"id":"960","documentType":"Anexos de Convocatoria","title":"Anexos de Convocatoria","description":"Anexos de Convocatoria","url":"http://si.nl.gob.mx/Acceso/DatosAbiertos/DocumentosPublicos/000009/SINL-CPE-008-2019/02. Invitación/Anexos de Convocatoria.zip","datePublished":"2020-03-21T18:03:06.777-06:00","dateModified":"0001-01-01T00:00:00-06:00","format":"application/zip","language":"es","x_section":"tender"},{"id":"961","documentType":"Convocatoria de licitaciones","title":"Convocatoria de licitaciones","description":"Convocatoria de licitaciones","url":"http://si.nl.gob.mx/Acceso/DatosAbiertos/DocumentosPublicos/000009/SINL-CPE-008-2019/02. Invitación/Convocatoria de licitaciones.pdf","datePublished":"2020-03-21T18:03:06.797-06:00","dateModified":"0001-01-01T00:00:00-06:00","format":"application/pdf","language":"es","x_section":"tender"},{"id":"962","documentType":"Registro de asistencia de la visita a las instalaciones","title":"Registro de asistencia de la visita a las instalaciones","description":"Registro de asistencia de la visita a las instalaciones","url":"http://si.nl.gob.mx/Acceso/DatosAbiertos/DocumentosPublicos/000009/SINL-CPE-008-2019/02. Invitación/Registro de asistencia de la visita a las instalaciones.pdf","datePublished":"2020-03-21T18:03:06.817-06:00","dateModified":"0001-01-01T00:00:00-06:00","format":"application/pdf","language":"es","x_section":"tender"},{"id":"963","documentType":"Resumen de convocatoria a la licitación pública","title":"Resumen de convocatoria a la licitación pública","description":"Resumen de convocatoria a la licitación pública","url":"http://si.nl.gob.mx/Acceso/DatosAbiertos/DocumentosPublicos/000009/SINL-CPE-008-2019/02. Invitación/Resumen de convocatoria a la licitación pública.pdf","datePublished":"2020-03-21T18:03:06.83-06:00","dateModified":"0001-01-01T00:00:00-06:00","format":"application/pdf","language":"es","x_section":"tender"}],"milestones":[{"id":"SINL-CPE-008-2019-15761","title":"PRE BASES","type":"preProcurement","description":"PRE BASES","code":"PRE BASES","dueDate":"2019-05-06T11:00:00-05:00","dateMet":"2019-05-06T11:00:00-05:00","dateModified":"2019-05-06T11:00:00-05:00","status":"met"},{"id":"SINL-CPE-008-2019-15762","title":"CONVOCATORIA","type":"preProcurement","description":"CONVOCATORIA","code":"CONVOCATORIA","dueDate":"2019-05-22T08:00:00-05:00","dateMet":"2019-05-22T08:00:00-05:00","dateModified":"2019-05-22T08:00:00-05:00","status":"met"},{"id":"SINL-CPE-008-2019-15763","title":"VISITA A LA OBRA","type":"preProcurement","description":"VISITA A LA OBRA","code":"VISITA A LA OBRA","dueDate":"2019-05-22T08:00:00-05:00","dateMet":"2019-05-22T08:00:00-05:00","dateModified":"2019-05-22T08:00:00-05:00","status":"met"},{"id":"SINL-CPE-008-2019-15764","title":"JUNTA DE ACLARACIONES","type":"preProcurement","description":"JUNTA DE ACLARACIONES","code":"JUNTA DE ACLARACIONES","dueDate":"2019-05-22T12:00:00-05:00","dateMet":"2019-05-22T12:00:00-05:00","dateModified":"2019-05-22T12:00:00-05:00","status":"met"},{"id":"SINL-CPE-008-2019-15766","title":"APERTURA TÉCNICA","type":"assessment","description":"APERTURA TÉCNICA","code":"APERTURA TÉCNICA","dueDate":"2019-05-22T12:00:00-05:00","dateMet":"2019-05-22T12:00:00-05:00","dateModified":"2019-05-22T12:00:00-05:00","status":"met"},{"id":"SINL-CPE-008-2019-15767","title":"APERTURA ECONÓMICA","type":"assessment","description":"APERTURA ECONÓMICA","code":"APERTURA ECONÓMICA","dueDate":"2019-06-11T10:00:00-05:00","dateMet":"2019-06-11T10:00:00-05:00","dateModified":"2019-06-11T10:00:00-05:00","status":"met"},{"id":"SINL-CPE-008-2019-15768","title":"FALLO","type":"engagement","description":"FALLO","code":"FALLO","dueDate":"2019-06-19T16:00:00-05:00","dateMet":"2019-06-19T16:00:00-05:00","dateModified":"2019-06-19T16:00:00-05:00","status":"met"},{"id":"SINL-CPE-008-2019-15769","title":"FIRMA DEL CONTRATO","type":"approval","description":"FIRMA DEL CONTRATO","code":"FIRMA DEL CONTRATO","dueDate":"2019-07-01T11:00:00-05:00","dateMet":"2019-07-01T11:00:00-05:00","dateModified":"2019-07-01T11:00:00-05:00","status":"met"}]},"awards":[{"id":"SINL-CPE-008-2019","title":"PAVIMENTACIÓN DE DIVERSAS CALLES DE LA COL. ALIANZA REAL EN EL MUNICIPIO DE ESCOBEDO, N.L.","description":"PAVIMENTACIÓN EN DIVERSAS CALLES DE LA COL. ALIANZA REAL EN EL MUNICIPIO DE ESCOBEDO, N.L.","status":"active","date":"2019-06-28T00:00:00-05:00","value":{"amount":14697405.45,"currency":"MXN"},"suppliers":[{"id":"RFC-COT930531J32","name":"COTELSA, S.A. DE C.V."}],"contractPeriod":{"startDate":"2019-07-16T00:00:00-05:00","endDate":"2019-12-20T00:00:00-06:00","maxExtentDate":"0001-01-01T00:00:00","durationInDays":157},"documents":[{"id":"964","documentType":"Fallo de licitaciones","title":"Fallo de licitaciones","description":"Fallo de licitaciones","url":"http://si.nl.gob.mx/Acceso/DatosAbiertos/DocumentosPublicos/000009/SINL-CPE-008-2019/03. Adjudicación/Fallo de licitaciones.pdf","datePublished":"2020-03-21T18:03:06.857-06:00","dateModified":"0001-01-01T00:00:00-06:00","format":"application/pdf","language":"es","x_section":"award"},{"id":"965","documentType":"Oferta Ganadora","title":"Oferta Ganadora","description":"Oferta Ganadora","url":"http://si.nl.gob.mx/Acceso/DatosAbiertos/DocumentosPublicos/000009/SINL-CPE-008-2019/03. Adjudicación/Oferta Ganadora.rar","datePublished":"2020-03-21T18:03:06.873-06:00","dateModified":"0001-01-01T00:00:00-06:00","format":"application/vnd.rar","language":"es","x_section":"award"},{"id":"966","documentType":"Resultado de las evaluaciones de la licitación","title":"Resultado de las evaluaciones de la licitación","description":"Resultado de las evaluaciones de la licitación","url":"http://si.nl.gob.mx/Acceso/DatosAbiertos/DocumentosPublicos/000009/SINL-CPE-008-2019/03. Adjudicación/Resultado de las evaluaciones de la licitación.pdf","datePublished":"2020-03-21T18:03:06.887-06:00","dateModified":"0001-01-01T00:00:00-06:00","format":"application/pdf","language":"es","x_section":"award"}]}],"contracts":[{"id":"1906002","awardID":"SINL-CPE-008-2019","title":"PAVIMENTACIÓN DE DIVERSAS CALLES DE LA COL. ALIANZA REAL EN EL MUNICIPIO DE ESCOBEDO, N.L.","description":"PAVIMENTACIÓN EN DIVERSAS CALLES DE LA COL. ALIANZA REAL EN EL MUNICIPIO DE ESCOBEDO, N.L.","status":"terminated","x_financial_advance":100.0,"x_physical_advance":100.0,"period":{"startDate":"2019-07-16T00:00:00-05:00","endDate":"2019-12-20T00:00:00-06:00","maxExtentDate":"0001-01-01T00:00:00-06:00","durationInDays":157},"value":{"amount":17199747.29,"currency":"MXN"},"x_estimatedPhysicalProgress":100.0,"x_observedPhysicalProgress":100.0,"items":[{"id":"000001502","description":"01 PRELIMINARES","classification":{"scheme":"UNCEFACT","id":"000001502","description":"Catálogo de Conceptos Universal de la Secretaría de Infraestructura del Estado de Nuevo León","uri":"http://si.nl.gob.mx/CatalogoDeConceptosUniversal"},"quantity":1.0,"unit":{"scheme":"SINL-CU","id":"000000221","name":"LOTE","value":{"amount":287232.6067,"currency":"MXN"},"uri":"http://si.nl.gob.mx/CatalogoUnidades"}},{"id":"000004498","description":"02 MOVIMIENTO DE TIERRAS","classification":{"scheme":"UNCEFACT","id":"000004498","description":"Catálogo de Conceptos Universal de la Secretaría de Infraestructura del Estado de Nuevo León","uri":"http://si.nl.gob.mx/CatalogoDeConceptosUniversal"},"quantity":1.0,"unit":{"scheme":"SINL-CU","id":"000000221","name":"LOTE","value":{"amount":1732389.6935,"currency":"MXN"},"uri":"http://si.nl.gob.mx/CatalogoUnidades"}},{"id":"000008157","description":"03 PAVIMENTO","classification":{"scheme":"UNCEFACT","id":"000008157","description":"Catálogo de Conceptos Universal de la Secretaría de Infraestructura del Estado de Nuevo León","uri":"http://si.nl.gob.mx/CatalogoDeConceptosUniversal"},"quantity":1.0,"unit":{"scheme":"SINL-CU","id":"000000221","name":"LOTE","value":{"amount":10680814.2917,"currency":"MXN"},"uri":"http://si.nl.gob.mx/CatalogoUnidades"}},{"id":"000005928","description":"04 INFRAESTRUCTURA Y SERVICIOS URBANOS","classification":{"scheme":"UNCEFACT","id":"000005928","description":"Catálogo de Conceptos Universal de la Secretaría de Infraestructura del Estado de Nuevo León","uri":"http://si.nl.gob.mx/CatalogoDeConceptosUniversal"},"quantity":1.0,"unit":{"scheme":"SINL-CU","id":"000000221","name":"LOTE","value":{"amount":975826.51,"currency":"MXN"},"uri":"http://si.nl.gob.mx/CatalogoUnidades"}},{"id":"000008391","description":"05 ALBAÑILERIA","classification":{"scheme":"UNCEFACT","id":"000008391","description":"Catálogo de Conceptos Universal de la Secretaría de Infraestructura del Estado de Nuevo León","uri":"http://si.nl.gob.mx/CatalogoDeConceptosUniversal"},"quantity":1.0,"unit":{"scheme":"SINL-CU","id":"000000221","name":"LOTE","value":{"amount":1663565.2529,"currency":"MXN"},"uri":"http://si.nl.gob.mx/CatalogoUnidades"}},{"id":"000002553","description":"06 VARIOS","classification":{"scheme":"UNCEFACT","id":"000002553","description":"Catálogo de Conceptos Universal de la Secretaría de Infraestructura del Estado de Nuevo León","uri":"http://si.nl.gob.mx/CatalogoDeConceptosUniversal"},"quantity":1.0,"unit":{"scheme":"SINL-CU","id":"000000221","name":"LOTE","value":{"amount":179257.3784,"currency":"MXN"},"uri":"http://si.nl.gob.mx/CatalogoUnidades"}},{"id":"000008974","description":"EXT 002","classification":{"scheme":"UNCEFACT","id":"000008974","description":"Catálogo de Conceptos Universal de la Secretaría de Infraestructura del Estado de Nuevo León","uri":"http://si.nl.gob.mx/CatalogoDeConceptosUniversal"},"quantity":1.0,"unit":{"scheme":"SINL-CU","id":"000000221","name":"LOTE","value":{"amount":456453.2075,"currency":"MXN"},"uri":"http://si.nl.gob.mx/CatalogoUnidades"}}],"dateSigned":"2019-07-28T00:00:00-05:00","documents":[{"id":"967","documentType":"Anexos de Contrato","title":"Anexos de Contrato","description":"Anexos de Contrato","url":"http://si.nl.gob.mx/Acceso/DatosAbiertos/DocumentosPublicos/000009/SINL-CPE-008-2019/04. Contratación/Anexos de Contrato.pdf","datePublished":"2020-03-21T18:03:06.9-06:00","dateModified":"0001-01-01T00:00:00-06:00","format":"application/pdf","language":"es","x_section":"contract"},{"id":"968","documentType":"Contrato firmado","title":"Contrato firmado","description":"Contrato firmado","url":"http://si.nl.gob.mx/Acceso/DatosAbiertos/DocumentosPublicos/000009/SINL-CPE-008-2019/04. Contratación/Contrato firmado.pdf","datePublished":"2020-03-21T18:03:06.91-06:00","dateModified":"0001-01-01T00:00:00-06:00","format":"application/pdf","language":"es","x_section":"contract"},{"id":"976","documentType":"Anexos de Contrato","title":"Anexos de Contrato","description":"Anexos de Contrato","url":"http://si.nl.gob.mx/Acceso/DatosAbiertos/DocumentosPublicos/000009/SINL-CPE-008-2019/04. Contratación/Anexos de Contrato_02.pdf","datePublished":"2020-03-21T18:07:34.797-06:00","dateModified":"0001-01-01T00:00:00-06:00","format":"application/pdf","language":"es","x_section":"contract"},{"id":"1034","documentType":"Finiquito del contrato","title":"Finiquito del contrato","description":"Finiquito del contrato","datePublished":"0001-01-01T00:00:00-06:00","dateModified":"0001-01-01T00:00:00-06:00","format":"ND","language":"es","x_section":"contract"},{"id":"1037","documentType":"Finiquito del contrato","title":"Finiquito del contrato","description":"Finiquito del contrato","datePublished":"0001-01-01T00:00:00-06:00","dateModified":"0001-01-01T00:00:00-06:00","format":"ND","language":"es","x_section":"contract"},{"id":"969","documentType":"Convenios modificatorios","title":"Convenios modificatorios","description":"Convenios modificatorios","url":"http://si.nl.gob.mx/Acceso/DatosAbiertos/DocumentosPublicos/000009/SINL-CPE-008-2019/05. Ejecución/Convenios modificatorios.pdf","datePublished":"2020-03-21T18:03:06.923-06:00","dateModified":"0001-01-01T00:00:00-06:00","format":"application/pdf","language":"es","x_section":"implementarion"},{"id":"970","documentType":"Convenios modificatorios","title":"Convenios modificatorios","description":"Convenios modificatorios","url":"http://si.nl.gob.mx/Acceso/DatosAbiertos/DocumentosPublicos/000009/SINL-CPE-008-2019/05. Ejecución/Convenios modificatorios_01.pdf","datePublished":"2020-03-21T18:03:06.933-06:00","dateModified":"0001-01-01T00:00:00-06:00","format":"application/pdf","language":"es","x_section":"implementarion"},{"id":"971","documentType":"Informe ejecutivo de la ejecución del contrato (Reportes)","title":"Informe ejecutivo de la ejecución del contrato (Reportes)","description":"Informe ejecutivo de la ejecución del contrato (Reportes)","url":"http://si.nl.gob.mx/Acceso/DatosAbiertos/DocumentosPublicos/000009/SINL-CPE-008-2019/05. Ejecución/Informe ejecutivo de la ejecución del contrato (Reportes).pdf","datePublished":"2020-03-21T18:03:06.95-06:00","dateModified":"0001-01-01T00:00:00-06:00","format":"application/pdf","language":"es","x_section":"implementarion"},{"id":"972","documentType":"Informe ejecutivo de la ejecución del contrato (Reportes)","title":"Informe ejecutivo de la ejecución del contrato (Reportes)","description":"Informe ejecutivo de la ejecución del contrato (Reportes)","url":"http://si.nl.gob.mx/Acceso/DatosAbiertos/DocumentosPublicos/000009/SINL-CPE-008-2019/05. Ejecución/Informe ejecutivo de la ejecución del contrato (Reportes)_01.pdf","datePublished":"2020-03-21T18:03:06.963-06:00","dateModified":"0001-01-01T00:00:00-06:00","format":"application/pdf","language":"es","x_section":"implementarion"},{"id":"973","documentType":"Informe ejecutivo de la ejecución del contrato (Reportes)","title":"Informe ejecutivo de la ejecución del contrato (Reportes)","description":"Informe ejecutivo de la ejecución del contrato (Reportes)","url":"http://si.nl.gob.mx/Acceso/DatosAbiertos/DocumentosPublicos/000009/SINL-CPE-008-2019/05. Ejecución/Informe ejecutivo de la ejecución del contrato (Reportes)_02.pdf","datePublished":"2020-03-21T18:03:06.98-06:00","dateModified":"0001-01-01T00:00:00-06:00","format":"application/pdf","language":"es","x_section":"implementarion"},{"id":"974","documentType":"Lista de escalada de aprobaciones","title":"Lista de escalada de aprobaciones","description":"Lista de escalada de aprobaciones","url":"http://si.nl.gob.mx/Acceso/DatosAbiertos/DocumentosPublicos/000009/SINL-CPE-008-2019/05. Ejecución/Lista de escalada de aprobaciones.pdf","datePublished":"2020-03-21T18:03:06.997-06:00","dateModified":"0001-01-01T00:00:00-06:00","format":"application/pdf","language":"es","x_section":"implementarion"},{"id":"975","documentType":"Reportes de supervisión","title":"Reportes de supervisión","description":"Reportes de supervisión","url":"http://si.nl.gob.mx/Acceso/DatosAbiertos/DocumentosPublicos/000009/SINL-CPE-008-2019/05. Ejecución/Reportes de Supervisión.pdf","datePublished":"2020-03-21T18:03:07.013-06:00","dateModified":"0001-01-01T00:00:00-06:00","format":"application/pdf","language":"es","x_section":"implementarion"},{"id":"1035","documentType":"Reportes de calidad","title":"Reportes de calidad","description":"Reportes de calidad","datePublished":"0001-01-01T00:00:00-06:00","dateModified":"0001-01-01T00:00:00-06:00","format":"ND","language":"es","x_section":"implementarion"},{"id":"1036","documentType":"Certificado de terminación (informe de conclusión)","title":"Certificado de terminación (informe de conclusión)","description":"Certificado de terminación (informe de conclusión)","datePublished":"0001-01-01T00:00:00-06:00","dateModified":"0001-01-01T00:00:00-06:00","format":"ND","language":"es","x_section":"implementarion"}],"implementation":{"transactions":[{"id":"EST-2019-07-207","date":"2019-07-03T13:55:17-05:00","value":{"amount":4409221.64,"currency":"MXN"},"payer":{"name":"SFYTGE","id":"RFC-GEN620601DTA"},"payee":{"name":"COTELSA, S.A. DE C.V.","id":"COT930531J32"}},{"id":"EST-2019-08-387","date":"2019-08-20T15:32:28-05:00","value":{"amount":1788500.95,"currency":"MXN"},"payer":{"name":"SFYTGE","id":"RFC-GEN620601DTA"},"payee":{"name":"COTELSA, S.A. DE C.V.","id":"COT930531J32"}},{"id":"EST-2019-12-857","date":"2019-12-20T10:38:10-06:00","value":{"amount":1465693.77,"currency":"MXN"},"payer":{"name":"SFYTGE","id":"RFC-GEN620601DTA"},"payee":{"name":"COTELSA, S.A. DE C.V.","id":"COT930531J32"}},{"id":"EST-2019-12-897","date":"2019-12-23T15:26:38-06:00","value":{"amount":973319.59,"currency":"MXN"},"payer":{"name":"SFYTGE","id":"RFC-GEN620601DTA"},"payee":{"name":"COTELSA, S.A. DE C.V.","id":"COT930531J32"}},{"id":"EST-2019-12-898","date":"2019-12-23T15:29:29-06:00","value":{"amount":529485.72,"currency":"MXN"},"payer":{"name":"SFYTGE","id":"RFC-GEN620601DTA"},"payee":{"name":"COTELSA, S.A. DE C.V.","id":"COT930531J32"}},{"id":"EST-2019-11-632","date":"2019-11-12T13:44:01-06:00","value":{"amount":1964690.83,"currency":"MXN"},"payer":{"name":"SFYTGE","id":"RFC-GEN620601DTA"},"payee":{"name":"COTELSA, S.A. DE C.V.","id":"COT930531J32"}},{"id":"EST-2019-11-689","date":"2019-11-25T13:26:58-06:00","value":{"amount":2403001.68,"currency":"MXN"},"payer":{"name":"SFYTGE","id":"RFC-GEN620601DTA"},"payee":{"name":"COTELSA, S.A. DE C.V.","id":"COT930531J32"}},{"id":"EST-2019-12-756","date":"2019-12-09T11:10:46-06:00","value":{"amount":2297249.44,"currency":"MXN"},"payer":{"name":"SFYTGE","id":"RFC-GEN620601DTA"},"payee":{"name":"COTELSA, S.A. DE C.V.","id":"COT930531J32"}},{"id":"EST-2019-12-839","date":"2019-12-19T12:54:36-06:00","value":{"amount":1351109.22,"currency":"MXN"},"payer":{"name":"SFYTGE","id":"RFC-GEN620601DTA"},"payee":{"name":"COTELSA, S.A. DE C.V.","id":"COT930531J32"}},{"id":"EST-2019-12-840","date":"2019-12-19T12:59:14-06:00","value":{"amount":17474.45,"currency":"MXN"},"payer":{"name":"SFYTGE","id":"RFC-GEN620601DTA"},"payee":{"name":"COTELSA, S.A. DE C.V.","id":"COT930531J32"}}],"documents":[]},"milestones":[]}],"language":"es"}}]}