{"uri":"http://si.nl.gob.mx/Acceso/DatosAbiertos/000006/LO-919009986-E13-2019/v001/RecordPackage-ocds-7wj9x5-LO-919009986-E13-2019-v001-contract.json","publisher":{"scheme":"GB-COH","uid":"","name":"Secretaría de Infraestructura del Estado de Nuevo León","uri":"http://si.nl.gob.mx"},"publishedDate":"2020-03-24T21:21:47.501865-06:00","license":"https://datos.gob.mx/libreusomx","publicationPolicy":"http://si.nl.gob.mx","version":"1.1","packages":["https://raw.githubusercontent.com/INAImexico/ocds_requestForQuotes_extension/master/extension.json"],"records":[{"ocid":"ocds-7wj9x5-LO-919009986-E13-2019001","releases":[{"url":"http://si.nl.gob.mx/Acceso/DatosAbiertos/000006/LO-919009986-E13-2019/v001/Release-ocds-7wj9x5-LO-919009986-E13-2019-v001-contract.json","date":"2020-03-24T21:21:47.467-06:00","tag":["tender"]}],"compiledRelease":{"ocid":"ocds-7wj9x5-LO-919009986-E13-2019-v001","id":"ocds-7wj9x5-LO-919009986-E13-2019-v001-contract","date":"2020-03-24T21:21:47.2957644-06:00","tag":["planning","tender","award","contract"],"initiationType":"tender","parties":[{"name":"Mpio. Monterrey","id":"SIASI-000128","identifier":{"scheme":"SIASI","legalName":"SISTEMA INTEGRAL DE ADMINISTRACIÓN DE LA SECRETARÍA DE INFRAESTRUCTURA"},"address":{"streetAddress":"Washington","locality":"Monterrey","region":"Nuevo León","postalCode":"64010","countryName":"México"},"contactPoint":{"name":"Jesús Salvador Pérez Rodríguez","email":"salvador.perez @nuevoleon.gob.mx","telephone":"8120206730","url":"http://www.nl.gob.mx/dependencias"},"roles":["buyer"]},{"name":"SECRETARIA DE INFRAESTRUCTURA","id":"SIASI-000011","identifier":{"scheme":"SIASI","legalName":"SISTEMA INTEGRAL DE ADMINISTRACIÓN DE LA SECRETARÍA DE INFRAESTRUCTURA"},"address":{"streetAddress":"WASHIGTON 648 OTE","locality":"MONTERREY","region":"NUEVO LEÓN","postalCode":"64000","countryName":"MÉXICO"},"contactPoint":{"name":"HUMBERTO TORRES PADILLA","email":"salvador.perez @nuevoleon.gob.mx","telephone":"8120206730","url":"http://si.nl.gob.mx/"},"roles":["procuringEntity"]},{"name":"SECRETARIA DE FINANZAS Y TESORERIA GENERAL DEL ESTADO DE NUEVO LEON","id":"SIASI-000004","identifier":{"scheme":"SIASI","legalName":"SISTEMA INTEGRAL DE ADMINISTRACIÓN DE LA SECRETARÍA DE INFRAESTRUCTURA"},"address":{"streetAddress":"ESCOBEDO SUR PISO 3 333","locality":"MONTERREY","region":"NUEVO LEÓN","postalCode":"64000","countryName":"MÉXICO"},"contactPoint":{"name":"Jesús Salvador Pérez Rodríguez","email":"salvador.perez @nuevoleon.gob.mx","telephone":"8120206730","url":"http://www.nl.gob.mx/tesoreria"},"roles":["payer"]},{"name":"BIZANCIO REYES, SA DE CV","id":"RFC-BRE170921145","identifier":{"scheme":"RFC","id":"BRE170921145","legalName":"REGISTRO FEDERAL DE CONTRIBUYENTES"},"address":{"locality":"Monterrey","postalCode":"64040"},"contactPoint":{"name":"LIC. EFRAIN CUETO HERRERA","telephone":"8112999865"},"roles":["tenderer"]},{"name":"DESARROLLO CONSTRUCTIVO Y URBANISTICO, S.A. DE C.V.","id":"RFC-DCU910719R58","identifier":{"scheme":"RFC","id":"DCU910719R58","legalName":"REGISTRO FEDERAL DE CONTRIBUYENTES"},"address":{"locality":"Guadalupe","postalCode":"67140"},"contactPoint":{},"roles":["tenderer"]},{"name":"EXECUCION DE MEXICO SA DE CV","id":"RFC-EME020423QC1","identifier":{"scheme":"RFC","id":"EME020423QC1","legalName":"REGISTRO FEDERAL DE CONTRIBUYENTES"},"address":{},"contactPoint":{"telephone":"8181501600"},"roles":["tenderer"]},{"name":"FOJA INGENIEROS CONSTRUCTORES, S.A. DE C.V.","id":"RFC-FIC970214DD7","identifier":{"scheme":"RFC","id":"FIC970214DD7","legalName":"REGISTRO FEDERAL DE CONTRIBUYENTES"},"address":{"streetAddress":"Rio Grijalva  112 nte","locality":"SAN PEDRO GARZA GARCIA","postalCode":"66220"},"contactPoint":{"name":"FAUSTO IBARRA DE LA GARZA (HIJO)","telephone":"8378-1320"},"roles":["tenderer"]},{"name":"GUAJARDO Y ASOCIADOS CONSTRUCTORA, S.A. DE C.V.","id":"RFC-CGM741010KF3","identifier":{"scheme":"RFC","id":"CGM741010KF3","legalName":"REGISTRO FEDERAL DE CONTRIBUYENTES"},"address":{"streetAddress":"AV. ESTANZUELA  7625","locality":"MONTERREY","postalCode":"64988"},"contactPoint":{"name":"JOSE FRANCISCO GUAJARDO VALDEZ","telephone":"8123523586"},"roles":["tenderer"]},{"name":"MONICA ELIZONDO ELIZONDO","id":"RFC-GENE180322A03","identifier":{"scheme":"RFC","id":"GENE180322A03","legalName":"REGISTRO FEDERAL DE CONTRIBUYENTES"},"address":{"streetAddress":"AV. LOS SOLES 111 3402","locality":"SAN PEDRO GARZA GARCÍA","postalCode":"66266"},"contactPoint":{"name":"MÓNICA ELIZONDO ELIZONDO"},"roles":["tenderer","supplier"]},{"name":"CONSTRUCTORA Y URBANIZADORA JE-FE, S.A. DE C.V.","id":"RFC-CUJ971122D1A","identifier":{"scheme":"RFC","id":"CUJ971122D1A","legalName":"REGISTRO FEDERAL DE CONTRIBUYENTES"},"address":{"locality":"SAN NICOLÁS DE LOS GARZA","postalCode":"66464"},"contactPoint":{},"roles":["tenderer"]},{"name":"ODEVISA, S.A. DE C.V.","id":"RFC-ODE050622SY5","identifier":{"scheme":"RFC","id":"ODE050622SY5","legalName":"REGISTRO FEDERAL DE CONTRIBUYENTES"},"address":{"streetAddress":"MISSISSIPPI  259-2","locality":"SAN PEDRO GARZA GARCIA","postalCode":"66220"},"contactPoint":{"name":"ARTURO ORTEGA JUAREZ","telephone":"8183628606"},"roles":["tenderer"]},{"name":"PROVEEDORA PARA LA CONSTRUCCION REGIOMONTANA, S.A. DE C.V.","id":"RFC-PCR970808MT3","identifier":{"scheme":"RFC","id":"PCR970808MT3","legalName":"REGISTRO FEDERAL DE CONTRIBUYENTES"},"address":{"locality":"MONTERREY","postalCode":"64000"},"contactPoint":{"telephone":"83750357"},"roles":["tenderer"]},{"name":"VIP DESARROLLO URBANO, S.A. DE C.V.","id":"RFC-VDU920917EK0","identifier":{"scheme":"RFC","id":"VDU920917EK0","legalName":"REGISTRO FEDERAL DE CONTRIBUYENTES"},"address":{"streetAddress":"OCCIDENTAL 265 L 9","locality":"REYNOSA","postalCode":"88630"},"contactPoint":{"name":"RAUL MARTINEZ VILLARREAL","telephone":"8182522144"},"roles":["tenderer"]}],"buyer":{"id":"SIASI-000128","name":"Mpio. Monterrey"},"planning":{"rationale":"3,933 habitantes al día","numberOfBeneficiaries":0,"budget":{"id":"20460","description":"FIES 2018","amount":{"amount":49921738.0,"currency":"MXN"},"project":"Corredor de movilidad urbana sustentable Monterrey-Guadalupe - Tramo Ladrillera","projectID":"PEI-0118/2019"},"documents":[{"id":"852","documentType":"Estudio de mercado","title":"Estudio de mercado","description":"Estudio de mercado","url":"http://si.nl.gob.mx/Acceso/DatosAbiertos/DocumentosPublicos/000006/LO-919009986-E13-2019/01. Planeación/Estudio de mercado.pdf","datePublished":"2020-03-21T18:03:03.923-06:00","dateModified":"0001-01-01T00:00:00-06:00","format":"application/pdf","language":"es","x_section":"planning"},{"id":"853","documentType":"Proyecto ejecutivo","title":"Proyecto ejecutivo","description":"Proyecto ejecutivo","url":"http://si.nl.gob.mx/Acceso/DatosAbiertos/DocumentosPublicos/000006/LO-919009986-E13-2019/01. Planeación/Proyecto ejecutivo.pdf","datePublished":"2020-03-21T18:03:03.937-06:00","dateModified":"0001-01-01T00:00:00-06:00","format":"application/pdf","language":"es","x_section":"planning"}]},"tender":{"id":"LO-919009986-E13-2019","title":"Corredor de movilidad urbana sustentable Monterrey-Guadalupe - Tramo Ladrillera","description":"Corredor de movilidad urbana sustentable Monterrey-Guadalupe - Tramo Ladrillera","status":"complete","procuringEntity":{"name":"SECRETARIA DE INFRAESTRUCTURA","id":"SIASI-000011"},"value":{"amount":49921738.0,"currency":"MXN"},"minValue":{"amount":0.0,"currency":"MXN"},"procurementMethod":"open","procurementMethodDetails":"Licitación Federal","procurementMethodRationale":"Justificación para el método de compra elegido","mainProcurementCategory":"goods","additionalProcurementCategories":["ND"],"awardCriteria":"priceOnly","awardCriteriaDetails":"Para la adjudicación del contrato LA DEPENDENCIA efectuará un análisis comparativo de las propuestas admitidas que no fueron desechadas en el aspecto legal, técnico o económico y elaborará un dictamen en el que se tomaran en cuenta los criterios generales de adjudicación expresados en la Convocatoria.","submissionMethod":["inPerson"],"submissionMethodDetails":"El representante del licitante deberá presentar en persona su oferta escrita en sobre cerrado","tenderPeriod":{"startDate":"2019-07-30T00:00:00-05:00","endDate":"2019-08-20T00:00:00-05:00","maxExtentDate":"2019-08-20T00:00:00-05:00","durationInDays":21},"enquiryPeriod":{"startDate":"2019-07-30T00:00:00-05:00","endDate":"2019-08-07T00:00:00-05:00","maxExtentDate":"2019-08-07T00:00:00-05:00","durationInDays":8},"hasEnquiries":true,"eligibilityCriteria":"El criterio establecido por el artículo 38 de la Ley de obras públicas y servicios relacionados con las mismas","awardPeriod":{"startDate":"2019-08-20T00:00:00-05:00","endDate":"2019-08-27T00:00:00-05:00","maxExtentDate":"2019-09-26T00:00:00-05:00","durationInDays":7},"contractPeriod":{"startDate":"2019-08-27T00:00:00-05:00","endDate":"2019-08-29T00:00:00-05:00","maxExtentDate":"2019-09-05T00:00:00-05:00","durationInDays":2},"numberOfTenderers":10,"tenderers":[{"name":"BIZANCIO REYES, SA DE CV","id":"RFC-BRE170921145"},{"name":"DESARROLLO CONSTRUCTIVO Y URBANISTICO, S.A. DE C.V.","id":"RFC-DCU910719R58"},{"name":"EXECUCION DE MEXICO SA DE CV","id":"RFC-EME020423QC1"},{"name":"FOJA INGENIEROS CONSTRUCTORES, S.A. DE C.V.","id":"RFC-FIC970214DD7"},{"name":"GUAJARDO Y ASOCIADOS CONSTRUCTORA, S.A. DE C.V.","id":"RFC-CGM741010KF3"},{"name":"MONICA ELIZONDO ELIZONDO","id":"RFC-GENE180322A03"},{"name":"CONSTRUCTORA Y URBANIZADORA JE-FE, S.A. DE C.V.","id":"RFC-CUJ971122D1A"},{"name":"ODEVISA, S.A. DE C.V.","id":"RFC-ODE050622SY5"},{"name":"PROVEEDORA PARA LA CONSTRUCCION REGIOMONTANA, S.A. DE C.V.","id":"RFC-PCR970808MT3"},{"name":"VIP DESARROLLO URBANO, S.A. DE C.V.","id":"RFC-VDU920917EK0"}],"documents":[{"id":"854","documentType":"Acta de juntas de aclaraciones a las preguntas de los licitantes","title":"Acta de juntas de aclaraciones a las preguntas de los licitantes","description":"Acta de juntas de aclaraciones a las preguntas de los licitantes","url":"http://si.nl.gob.mx/Acceso/DatosAbiertos/DocumentosPublicos/000006/LO-919009986-E13-2019/02. Invitación/Acta de juntas de aclaraciones a las preguntas de los licitantes_01.pdf","datePublished":"2020-03-21T18:03:03.953-06:00","dateModified":"0001-01-01T00:00:00-06:00","format":"application/pdf","language":"es","x_section":"tender"},{"id":"855","documentType":"Acta de juntas de aclaraciones a las preguntas de los licitantes","title":"Acta de juntas de aclaraciones a las preguntas de los licitantes","description":"Acta de juntas de aclaraciones a las preguntas de los licitantes","url":"http://si.nl.gob.mx/Acceso/DatosAbiertos/DocumentosPublicos/000006/LO-919009986-E13-2019/02. Invitación/Acta de juntas de aclaraciones a las preguntas de los licitantes_02.pdf","datePublished":"2020-03-21T18:03:03.973-06:00","dateModified":"0001-01-01T00:00:00-06:00","format":"application/pdf","language":"es","x_section":"tender"},{"id":"856","documentType":"Acta de juntas de aclaraciones a las preguntas de los licitantes","title":"Acta de juntas de aclaraciones a las preguntas de los licitantes","description":"Acta de juntas de aclaraciones a las preguntas de los licitantes","url":"http://si.nl.gob.mx/Acceso/DatosAbiertos/DocumentosPublicos/000006/LO-919009986-E13-2019/02. Invitación/Acta de juntas de aclaraciones a las preguntas de los licitantes_03.pdf","datePublished":"2020-03-21T18:03:03.99-06:00","dateModified":"0001-01-01T00:00:00-06:00","format":"application/pdf","language":"es","x_section":"tender"},{"id":"857","documentType":"Acta de juntas de aclaraciones a las preguntas de los licitantes","title":"Acta de juntas de aclaraciones a las preguntas de los licitantes","description":"Acta de juntas de aclaraciones a las preguntas de los licitantes","url":"http://si.nl.gob.mx/Acceso/DatosAbiertos/DocumentosPublicos/000006/LO-919009986-E13-2019/02. Invitación/Acta de juntas de aclaraciones a las preguntas de los licitantes_04.pdf","datePublished":"2020-03-21T18:03:04.007-06:00","dateModified":"0001-01-01T00:00:00-06:00","format":"application/pdf","language":"es","x_section":"tender"},{"id":"858","documentType":"Acta de presentación y apertura de propuestas de licitaciones","title":"Acta de presentación y apertura de propuestas de licitaciones","description":"Acta de presentación y apertura de propuestas de licitaciones","url":"http://si.nl.gob.mx/Acceso/DatosAbiertos/DocumentosPublicos/000006/LO-919009986-E13-2019/02. Invitación/Acta de presentación y apertura de propuestas de licitaciones.pdf","datePublished":"2020-03-21T18:03:04.02-06:00","dateModified":"0001-01-01T00:00:00-06:00","format":"application/pdf","language":"es","x_section":"tender"},{"id":"859","documentType":"Anexos de Convocatoria","title":"Anexos de Convocatoria","description":"Anexos de Convocatoria","url":"http://si.nl.gob.mx/Acceso/DatosAbiertos/DocumentosPublicos/000006/LO-919009986-E13-2019/02. Invitación/Anexos de Convocatoria.zip","datePublished":"2020-03-21T18:03:04.037-06:00","dateModified":"0001-01-01T00:00:00-06:00","format":"application/zip","language":"es","x_section":"tender"},{"id":"860","documentType":"Convocatoria de licitaciones","title":"Convocatoria de licitaciones","description":"Convocatoria de licitaciones","url":"http://si.nl.gob.mx/Acceso/DatosAbiertos/DocumentosPublicos/000006/LO-919009986-E13-2019/02. Invitación/Convocatoria de licitaciones.pdf","datePublished":"2020-03-21T18:03:04.05-06:00","dateModified":"0001-01-01T00:00:00-06:00","format":"application/pdf","language":"es","x_section":"tender"},{"id":"861","documentType":"Pre-bases de licitaciones","title":"Pre-bases de licitaciones","description":"Pre-bases de licitaciones","url":"http://si.nl.gob.mx/Acceso/DatosAbiertos/DocumentosPublicos/000006/LO-919009986-E13-2019/02. Invitación/Pre-bases de licitaciones.pdf","datePublished":"2020-03-21T18:03:04.067-06:00","dateModified":"0001-01-01T00:00:00-06:00","format":"application/pdf","language":"es","x_section":"tender"},{"id":"862","documentType":"Registro de asistencia de la visita a las instalaciones","title":"Registro de asistencia de la visita a las instalaciones","description":"Registro de asistencia de la visita a las instalaciones","url":"http://si.nl.gob.mx/Acceso/DatosAbiertos/DocumentosPublicos/000006/LO-919009986-E13-2019/02. Invitación/Registro de asistencia de la visita a las instalaciones.pdf","datePublished":"2020-03-21T18:03:04.08-06:00","dateModified":"0001-01-01T00:00:00-06:00","format":"application/pdf","language":"es","x_section":"tender"},{"id":"863","documentType":"Resumen de convocatoria a la licitación pública","title":"Resumen de convocatoria a la licitación pública","description":"Resumen de convocatoria a la licitación pública","url":"http://si.nl.gob.mx/Acceso/DatosAbiertos/DocumentosPublicos/000006/LO-919009986-E13-2019/02. Invitación/Resumen de convocatoria a la licitación pública.pdf","datePublished":"2020-03-21T18:03:04.097-06:00","dateModified":"0001-01-01T00:00:00-06:00","format":"application/pdf","language":"es","x_section":"tender"}],"milestones":[{"id":"LO-919009986-E13-2019-15843","title":"CONVOCATORIA","type":"preProcurement","description":"CONVOCATORIA","code":"CONVOCATORIA","dueDate":"2019-07-24T08:00:00-05:00","dateMet":"2019-07-24T08:00:00-05:00","dateModified":"2019-07-24T08:00:00-05:00","status":"met"},{"id":"LO-919009986-E13-2019-15844","title":"VISITA A LA OBRA","type":"preProcurement","description":"VISITA A LA OBRA","code":"VISITA A LA OBRA","dueDate":"2019-07-24T08:00:00-05:00","dateMet":"2019-07-24T08:00:00-05:00","dateModified":"2019-07-24T08:00:00-05:00","status":"met"},{"id":"LO-919009986-E13-2019-15845","title":"JUNTA DE ACLARACIONES","type":"preProcurement","description":"JUNTA DE ACLARACIONES","code":"JUNTA DE ACLARACIONES","dueDate":"2019-07-24T12:00:00-05:00","dateMet":"2019-07-24T12:00:00-05:00","dateModified":"2019-07-24T12:00:00-05:00","status":"met"},{"id":"LO-919009986-E13-2019-15846","title":"APERTURA","type":"assessment","description":"APERTURA","code":"APERTURA","dueDate":"2019-08-12T13:00:00-05:00","dateMet":"2019-08-12T13:00:00-05:00","dateModified":"2019-08-12T13:00:00-05:00","status":"met"},{"id":"LO-919009986-E13-2019-15849","title":"FALLO","type":"engagement","description":"FALLO","code":"FALLO","dueDate":"2019-08-12T13:00:00-05:00","dateMet":"2019-08-12T13:00:00-05:00","dateModified":"2019-08-12T13:00:00-05:00","status":"met"},{"id":"LO-919009986-E13-2019-15850","title":"FIRMA DEL CONTRATO","type":"approval","description":"FIRMA DEL CONTRATO","code":"FIRMA DEL CONTRATO","dueDate":"2019-08-27T13:00:00-05:00","dateMet":"2019-08-27T13:00:00-05:00","dateModified":"2019-08-27T13:00:00-05:00","status":"met"}]},"awards":[{"id":"LO-919009986-E13-2019","title":"Corredor de movilidad urbana sustentable Monterrey-Guadalupe - Tramo Ladrillera","description":"Corredor de movilidad urbana sustentable Monterrey-Guadalupe - Tramo Ladrillera","status":"active","date":"2019-08-27T00:00:00-05:00","value":{"amount":4499041.75,"currency":"MXN"},"suppliers":[{"id":"RFC-GENE180322A03","name":"MONICA ELIZONDO ELIZONDO"}],"contractPeriod":{"startDate":"2019-09-11T00:00:00-05:00","endDate":"2019-12-31T00:00:00-06:00","maxExtentDate":"0001-01-01T00:00:00","durationInDays":111},"documents":[{"id":"864","documentType":"Fallo de licitaciones","title":"Fallo de licitaciones","description":"Fallo de licitaciones","url":"http://si.nl.gob.mx/Acceso/DatosAbiertos/DocumentosPublicos/000006/LO-919009986-E13-2019/03. Adjudicación/Fallo de licitaciones.pdf","datePublished":"2020-03-21T18:03:04.113-06:00","dateModified":"0001-01-01T00:00:00-06:00","format":"application/pdf","language":"es","x_section":"award"},{"id":"865","documentType":"Oferta Ganadora","title":"Oferta Ganadora","description":"Oferta Ganadora","url":"http://si.nl.gob.mx/Acceso/DatosAbiertos/DocumentosPublicos/000006/LO-919009986-E13-2019/03. Adjudicación/Oferta Ganadora.rar","datePublished":"2020-03-21T18:03:04.123-06:00","dateModified":"0001-01-01T00:00:00-06:00","format":"application/vnd.rar","language":"es","x_section":"award"},{"id":"866","documentType":"Resultado de las evaluaciones de la licitación","title":"Resultado de las evaluaciones de la licitación","description":"Resultado de las evaluaciones de la licitación","url":"http://si.nl.gob.mx/Acceso/DatosAbiertos/DocumentosPublicos/000006/LO-919009986-E13-2019/03. Adjudicación/Resultado de las evaluaciones de la licitación.pdf","datePublished":"2020-03-21T18:03:04.133-06:00","dateModified":"0001-01-01T00:00:00-06:00","format":"application/pdf","language":"es","x_section":"award"}]}],"contracts":[{"id":"1908005","awardID":"LO-919009986-E13-2019","title":"Corredor de movilidad urbana sustentable Monterrey-Guadalupe - Tramo Ladrillera","description":"Corredor de movilidad urbana sustentable Monterrey-Guadalupe - Tramo Ladrillera","status":"active","x_financial_advance":100.0,"x_physical_advance":100.0,"period":{"startDate":"2019-09-11T00:00:00-05:00","endDate":"2019-12-31T00:00:00-06:00","maxExtentDate":"0001-01-01T00:00:00-06:00","durationInDays":111},"value":{"amount":5085620.82,"currency":"MXN"},"x_estimatedPhysicalProgress":100.0,"x_observedPhysicalProgress":100.0,"items":[{"id":"000004729","description":"001 PRELIMINARES","classification":{"scheme":"UNCEFACT","id":"000004729","description":"Catálogo de Conceptos Universal de la Secretaría de Infraestructura del Estado de Nuevo León","uri":"http://si.nl.gob.mx/CatalogoDeConceptosUniversal"},"quantity":1.0,"unit":{"scheme":"SINL-CU","id":"000000221","name":"LOTE","value":{"amount":276652.1393,"currency":"MXN"},"uri":"http://si.nl.gob.mx/CatalogoUnidades"}},{"id":"000000544","description":"002 DEMOLICIONES","classification":{"scheme":"UNCEFACT","id":"000000544","description":"Catálogo de Conceptos Universal de la Secretaría de Infraestructura del Estado de Nuevo León","uri":"http://si.nl.gob.mx/CatalogoDeConceptosUniversal"},"quantity":1.0,"unit":{"scheme":"SINL-CU","id":"000000221","name":"LOTE","value":{"amount":267323.8821,"currency":"MXN"},"uri":"http://si.nl.gob.mx/CatalogoUnidades"}},{"id":"000004838","description":"004 TERRACERIAS","classification":{"scheme":"UNCEFACT","id":"000004838","description":"Catálogo de Conceptos Universal de la Secretaría de Infraestructura del Estado de Nuevo León","uri":"http://si.nl.gob.mx/CatalogoDeConceptosUniversal"},"quantity":1.0,"unit":{"scheme":"SINL-CU","id":"000000221","name":"LOTE","value":{"amount":303443.0868,"currency":"MXN"},"uri":"http://si.nl.gob.mx/CatalogoUnidades"}},{"id":"000008731","description":"005 ALBAÑILERIAS","classification":{"scheme":"UNCEFACT","id":"000008731","description":"Catálogo de Conceptos Universal de la Secretaría de Infraestructura del Estado de Nuevo León","uri":"http://si.nl.gob.mx/CatalogoDeConceptosUniversal"},"quantity":1.0,"unit":{"scheme":"SINL-CU","id":"000000221","name":"LOTE","value":{"amount":470526.9613,"currency":"MXN"},"uri":"http://si.nl.gob.mx/CatalogoUnidades"}},{"id":"000006598","description":"EXTRAS  001","classification":{"scheme":"UNCEFACT","id":"000006598","description":"Catálogo de Conceptos Universal de la Secretaría de Infraestructura del Estado de Nuevo León","uri":"http://si.nl.gob.mx/CatalogoDeConceptosUniversal"},"quantity":1.0,"unit":{"scheme":"SINL-CU","id":"000000221","name":"LOTE","value":{"amount":2513100.3473,"currency":"MXN"},"uri":"http://si.nl.gob.mx/CatalogoUnidades"}}],"dateSigned":"2019-08-29T00:00:00-05:00","documents":[{"id":"867","documentType":"Anexos de Contrato","title":"Anexos de Contrato","description":"Anexos de Contrato","url":"http://si.nl.gob.mx/Acceso/DatosAbiertos/DocumentosPublicos/000006/LO-919009986-E13-2019/04. Contratación/Anexos de Contrato.pdf","datePublished":"2020-03-21T18:03:04.147-06:00","dateModified":"0001-01-01T00:00:00-06:00","format":"application/pdf","language":"es","x_section":"contract"},{"id":"868","documentType":"Anexos de Contrato","title":"Anexos de Contrato","description":"Anexos de Contrato","url":"http://si.nl.gob.mx/Acceso/DatosAbiertos/DocumentosPublicos/000006/LO-919009986-E13-2019/04. Contratación/Anexos de Contrato_01.pdf","datePublished":"2020-03-21T18:03:04.157-06:00","dateModified":"0001-01-01T00:00:00-06:00","format":"application/pdf","language":"es","x_section":"contract"},{"id":"869","documentType":"Anexos de Contrato","title":"Anexos de Contrato","description":"Anexos de Contrato","url":"http://si.nl.gob.mx/Acceso/DatosAbiertos/DocumentosPublicos/000006/LO-919009986-E13-2019/04. Contratación/Anexos de Contrato_02.pdf","datePublished":"2020-03-21T18:03:04.167-06:00","dateModified":"0001-01-01T00:00:00-06:00","format":"application/pdf","language":"es","x_section":"contract"},{"id":"870","documentType":"Contrato firmado","title":"Contrato firmado","description":"Contrato firmado","url":"http://si.nl.gob.mx/Acceso/DatosAbiertos/DocumentosPublicos/000006/LO-919009986-E13-2019/04. Contratación/Contrato firmado.pdf","datePublished":"2020-03-21T18:03:04.177-06:00","dateModified":"0001-01-01T00:00:00-06:00","format":"application/pdf","language":"es","x_section":"contract"},{"id":"874","documentType":"Finiquito del contrato","title":"Finiquito del contrato","description":"Finiquito del contrato","url":"http://si.nl.gob.mx/Acceso/DatosAbiertos/DocumentosPublicos/000006/LO-919009986-E13-2019/05. Ejecución/Finiquito del contrato.pdf","datePublished":"2020-03-21T18:03:04.237-06:00","dateModified":"0001-01-01T00:00:00-06:00","format":"application/pdf","language":"es","x_section":"contract"},{"id":"871","documentType":"Certificado de terminación (informe de conclusión)","title":"Certificado de terminación (informe de conclusión)","description":"Certificado de terminación (informe de conclusión)","url":"http://si.nl.gob.mx/Acceso/DatosAbiertos/DocumentosPublicos/000006/LO-919009986-E13-2019/05. Ejecución/Certificado de terminación (informe de conclusión).pdf","datePublished":"2020-03-21T18:03:04.193-06:00","dateModified":"0001-01-01T00:00:00-06:00","format":"application/pdf","language":"es","x_section":"implementarion"},{"id":"872","documentType":"Convenios modificatorios","title":"Convenios modificatorios","description":"Convenios modificatorios","url":"http://si.nl.gob.mx/Acceso/DatosAbiertos/DocumentosPublicos/000006/LO-919009986-E13-2019/05. Ejecución/Convenios modificatorios.pdf","datePublished":"2020-03-21T18:03:04.207-06:00","dateModified":"0001-01-01T00:00:00-06:00","format":"application/pdf","language":"es","x_section":"implementarion"},{"id":"873","documentType":"Convenios modificatorios","title":"Convenios modificatorios","description":"Convenios modificatorios","url":"http://si.nl.gob.mx/Acceso/DatosAbiertos/DocumentosPublicos/000006/LO-919009986-E13-2019/05. Ejecución/Convenios modificatorios_01.pdf","datePublished":"2020-03-21T18:03:04.223-06:00","dateModified":"0001-01-01T00:00:00-06:00","format":"application/pdf","language":"es","x_section":"implementarion"},{"id":"875","documentType":"Informe ejecutivo de la ejecución del contrato (Reportes)","title":"Informe ejecutivo de la ejecución del contrato (Reportes)","description":"Informe ejecutivo de la ejecución del contrato (Reportes)","url":"http://si.nl.gob.mx/Acceso/DatosAbiertos/DocumentosPublicos/000006/LO-919009986-E13-2019/05. Ejecución/Informe ejecutivo de la ejecución del contrato (Reportes).pdf","datePublished":"2020-03-21T18:03:04.253-06:00","dateModified":"0001-01-01T00:00:00-06:00","format":"application/pdf","language":"es","x_section":"implementarion"},{"id":"876","documentType":"Informe ejecutivo de la ejecución del contrato (Reportes)","title":"Informe ejecutivo de la ejecución del contrato (Reportes)","description":"Informe ejecutivo de la ejecución del contrato (Reportes)","url":"http://si.nl.gob.mx/Acceso/DatosAbiertos/DocumentosPublicos/000006/LO-919009986-E13-2019/05. Ejecución/Informe ejecutivo de la ejecución del contrato (Reportes)_01.pdf","datePublished":"2020-03-21T18:03:04.267-06:00","dateModified":"0001-01-01T00:00:00-06:00","format":"application/pdf","language":"es","x_section":"implementarion"},{"id":"877","documentType":"Informe ejecutivo de la ejecución del contrato (Reportes)","title":"Informe ejecutivo de la ejecución del contrato (Reportes)","description":"Informe ejecutivo de la ejecución del contrato (Reportes)","url":"http://si.nl.gob.mx/Acceso/DatosAbiertos/DocumentosPublicos/000006/LO-919009986-E13-2019/05. Ejecución/Informe ejecutivo de la ejecución del contrato (Reportes)_02.pdf","datePublished":"2020-03-21T18:03:04.283-06:00","dateModified":"0001-01-01T00:00:00-06:00","format":"application/pdf","language":"es","x_section":"implementarion"},{"id":"878","documentType":"Lista de escalada de aprobaciones","title":"Lista de escalada de aprobaciones","description":"Lista de escalada de aprobaciones","url":"http://si.nl.gob.mx/Acceso/DatosAbiertos/DocumentosPublicos/000006/LO-919009986-E13-2019/05. Ejecución/Lista de escalada de aprobaciones.pdf","datePublished":"2020-03-21T18:03:04.31-06:00","dateModified":"0001-01-01T00:00:00-06:00","format":"application/pdf","language":"es","x_section":"implementarion"},{"id":"879","documentType":"Reportes de calidad","title":"Reportes de calidad","description":"Reportes de calidad","url":"http://si.nl.gob.mx/Acceso/DatosAbiertos/DocumentosPublicos/000006/LO-919009986-E13-2019/05. Ejecución/Reportes de calidad.pdf","datePublished":"2020-03-21T18:03:04.327-06:00","dateModified":"0001-01-01T00:00:00-06:00","format":"application/pdf","language":"es","x_section":"implementarion"},{"id":"880","documentType":"Reportes de supervisión","title":"Reportes de supervisión","description":"Reportes de supervisión","url":"http://si.nl.gob.mx/Acceso/DatosAbiertos/DocumentosPublicos/000006/LO-919009986-E13-2019/05. Ejecución/Reportes de supervisión.pdf","datePublished":"2020-03-21T18:03:04.357-06:00","dateModified":"0001-01-01T00:00:00-06:00","format":"application/pdf","language":"es","x_section":"implementarion"}],"implementation":{"transactions":[{"id":"EST-2019-09-445","date":"2019-09-11T10:36:00-05:00","value":{"amount":1349712.52,"currency":"MXN"},"payer":{"name":"SFYTGE","id":"RFC-GEN620601DTA"},"payee":{"name":"MONICA ELIZONDO ELIZONDO","id":"GENE180322A03"}},{"id":"EST-2019-11-615","date":"2019-11-06T16:20:02-06:00","value":{"amount":134041.66,"currency":"MXN"},"payer":{"name":"SFYTGE","id":"RFC-GEN620601DTA"},"payee":{"name":"MONICA ELIZONDO ELIZONDO","id":"GENE180322A03"}},{"id":"EST-2019-12-727","date":"2019-12-03T12:40:46-06:00","value":{"amount":926182.02,"currency":"MXN"},"payer":{"name":"SFYTGE","id":"RFC-GEN620601DTA"},"payee":{"name":"MONICA ELIZONDO ELIZONDO","id":"GENE180322A03"}},{"id":"EST-2019-12-751","date":"2019-12-06T11:53:56-06:00","value":{"amount":413168.73,"currency":"MXN"},"payer":{"name":"SFYTGE","id":"RFC-GEN620601DTA"},"payee":{"name":"MONICA ELIZONDO ELIZONDO","id":"GENE180322A03"}},{"id":"EST-2019-11-693","date":"2019-11-26T11:56:41-06:00","value":{"amount":163162.84,"currency":"MXN"},"payer":{"name":"SFYTGE","id":"RFC-GEN620601DTA"},"payee":{"name":"MONICA ELIZONDO ELIZONDO","id":"GENE180322A03"}},{"id":"EST-2019-12-806","date":"2019-12-13T12:33:23-06:00","value":{"amount":528854.53,"currency":"MXN"},"payer":{"name":"SFYTGE","id":"RFC-GEN620601DTA"},"payee":{"name":"MONICA ELIZONDO ELIZONDO","id":"GENE180322A03"}},{"id":"EST-2019-12-824","date":"2019-12-18T14:09:04-06:00","value":{"amount":170833.59,"currency":"MXN"},"payer":{"name":"SFYTGE","id":"RFC-GEN620601DTA"},"payee":{"name":"MONICA ELIZONDO ELIZONDO","id":"GENE180322A03"}},{"id":"EST-2019-12-758","date":"2019-12-10T15:04:26-06:00","value":{"amount":355419.8,"currency":"MXN"},"payer":{"name":"SFYTGE","id":"RFC-GEN620601DTA"},"payee":{"name":"MONICA ELIZONDO ELIZONDO","id":"GENE180322A03"}},{"id":"EST-2019-12-817","date":"2019-12-17T14:31:29-06:00","value":{"amount":219358.16,"currency":"MXN"},"payer":{"name":"SFYTGE","id":"RFC-GEN620601DTA"},"payee":{"name":"MONICA ELIZONDO ELIZONDO","id":"GENE180322A03"}},{"id":"EST-2019-12-823","date":"2019-12-18T14:04:03-06:00","value":{"amount":338551.37,"currency":"MXN"},"payer":{"name":"SFYTGE","id":"RFC-GEN620601DTA"},"payee":{"name":"MONICA ELIZONDO ELIZONDO","id":"GENE180322A03"}},{"id":"EST-2019-12-825","date":"2019-12-18T14:11:32-06:00","value":{"amount":482166.92,"currency":"MXN"},"payer":{"name":"SFYTGE","id":"RFC-GEN620601DTA"},"payee":{"name":"MONICA ELIZONDO ELIZONDO","id":"GENE180322A03"}}],"documents":[]},"milestones":[]}],"language":"es"}}]}