{"uri":"http://si.nl.gob.mx/Acceso/DatosAbiertos/000004/LO-919009986-E9-2018/v001/RecordPackage-ocds-7wj9x5-LO-919009986-E9-2018-v001-contract.json","publisher":{"scheme":"GB-COH","uid":"","name":"Secretaría de Infraestructura del Estado de Nuevo León","uri":"http://si.nl.gob.mx"},"publishedDate":"2020-03-24T21:17:25.2153408-06:00","license":"https://datos.gob.mx/libreusomx","publicationPolicy":"http://si.nl.gob.mx","version":"1.1","packages":["https://raw.githubusercontent.com/INAImexico/ocds_requestForQuotes_extension/master/extension.json"],"records":[{"ocid":"ocds-7wj9x5-LO-919009986-E9-2018001","releases":[{"url":"http://si.nl.gob.mx/Acceso/DatosAbiertos/000004/LO-919009986-E9-2018/v001/Release-ocds-7wj9x5-LO-919009986-E9-2018-v001-contract.json","date":"2020-03-24T21:17:25.13-06:00","tag":["tender"]}],"compiledRelease":{"ocid":"ocds-7wj9x5-LO-919009986-E9-2018-v001","id":"ocds-7wj9x5-LO-919009986-E9-2018-v001-contract","date":"2020-03-24T21:17:25.1268924-06:00","tag":["planning","tender","award","contract"],"initiationType":"tender","parties":[{"name":"Secretaría de Infraestructura","id":"SIASI-000011","identifier":{"scheme":"SIASI","legalName":"SISTEMA INTEGRAL DE ADMINISTRACIÓN DE LA SECRETARÍA DE INFRAESTRUCTURA"},"address":{"streetAddress":"Washington","locality":"Monterrey","region":"Nuevo León","postalCode":"64010","countryName":"México"},"contactPoint":{"name":"HUMBERTO TORRES PADILLA","email":"humberto.torres@nuevoleon.gob.mx","telephone":"8120206730","url":"http://si.nl.gob.mx"},"roles":["buyer"]},{"name":"SECRETARIA DE INFRAESTRUCTURA","id":"SIASI-000011","identifier":{"scheme":"SIASI","legalName":"SISTEMA INTEGRAL DE ADMINISTRACIÓN DE LA SECRETARÍA DE INFRAESTRUCTURA"},"address":{"streetAddress":"WASHIGTON 648 OTE","locality":"MONTERREY","region":"NUEVO LEÓN","postalCode":"64000","countryName":"MÉXICO"},"contactPoint":{"name":"HUMBERTO TORRES PADILLA","email":"salvador.perez @nuevoleon.gob.mx","telephone":"8120206730","url":"http://si.nl.gob.mx/"},"roles":["procuringEntity"]},{"name":"SECRETARIA DE FINANZAS Y TESORERIA GENERAL DEL ESTADO DE NUEVO LEON","id":"SIASI-000004","identifier":{"scheme":"SIASI","legalName":"SISTEMA INTEGRAL DE ADMINISTRACIÓN DE LA SECRETARÍA DE INFRAESTRUCTURA"},"address":{"streetAddress":"ESCOBEDO SUR PISO 3 333","locality":"MONTERREY","region":"NUEVO LEÓN","postalCode":"64000","countryName":"MÉXICO"},"contactPoint":{"name":"Jesús Salvador Pérez Rodríguez","email":"salvador.perez @nuevoleon.gob.mx","telephone":"8120206730","url":"http://www.nl.gob.mx/tesoreria"},"roles":["payer"]},{"name":"ALEAR CONSTRUCCIONES, S.A. DE C.V. y PRODUCTOS Y SERVICIOS MADA, S.A. DE C.V.  (PROPUESTA CONJUNTA)","id":"RFC-SIN DATO-7DD880D6-1D36-43BC-9CE3-325252FE12F9","identifier":{"scheme":"RFC","id":"SIN DATO-7DD880D6-1D36-43BC-9CE3-325252FE12F9","legalName":"REGISTRO FEDERAL DE CONTRIBUYENTES"},"address":{},"contactPoint":{},"roles":["tenderer"]},{"name":"DESARROLLO Y CONSTRUCCIONES URBANAS, S.A. DE C.V.","id":"RFC-DCU801124B41","identifier":{"scheme":"RFC","id":"DCU801124B41","legalName":"REGISTRO FEDERAL DE CONTRIBUYENTES"},"address":{"streetAddress":"MANUEL J. CLOUTHIER  3112","locality":"MONTERREY","postalCode":"64650"},"contactPoint":{"name":"JAVIER ILDEFONSO BALLI MARTINEZ","telephone":"8111584208"},"roles":["tenderer","supplier"]},{"name":"ANAHUAC ORGANIZACION CONSTRUCTORA, S.A. DE C.V. y KAANS ADMINISTRACION, S.A. DE C.V.  (PROPUESTA CONJUNTA)","id":"RFC-SIN DATO-533F18FD-5E45-43BE-B04B-CB7B54B0F652","identifier":{"scheme":"RFC","id":"SIN DATO-533F18FD-5E45-43BE-B04B-CB7B54B0F652","legalName":"REGISTRO FEDERAL DE CONTRIBUYENTES"},"address":{},"contactPoint":{},"roles":["tenderer"]},{"name":"LAUNAK, S.A. DE C.V.","id":"RFC-LAU8210287I6","identifier":{"scheme":"RFC","id":"LAU8210287I6","legalName":"REGISTRO FEDERAL DE CONTRIBUYENTES"},"address":{"streetAddress":"AV. AYUNTAMIENTO 142 PISO 3","locality":"TLALNEPANTLA DE BAZ","postalCode":"54000"},"contactPoint":{"name":"RICARDO GONZALEZ MENESES","telephone":"5554032436"},"roles":["tenderer"]},{"name":"TORDEC, S.A. DE C.V.  ","id":"RFC-TOR050912KD6","identifier":{"scheme":"RFC","id":"TOR050912KD6","legalName":"REGISTRO FEDERAL DE CONTRIBUYENTES"},"address":{"locality":"SAN PEDRO GARZA GARCÍA","postalCode":"66267"},"contactPoint":{},"roles":["tenderer"]},{"name":"BUFETTE DE OBRAS SERVICIOS Y SUMINISTROS, S.A. DE C.V.","id":"RFC-BOS920528KI9","identifier":{"scheme":"RFC","id":"BOS920528KI9","legalName":"REGISTRO FEDERAL DE CONTRIBUYENTES"},"address":{"locality":"MONTERREY","postalCode":"64540"},"contactPoint":{"name":"JORGE ALEJANDRO ALVARADO GUERRERO","telephone":"8184763051"},"roles":["tenderer"]}],"buyer":{"id":"SIASI-000011","name":"Secretaría de Infraestructura"},"planning":{"numberOfBeneficiaries":0,"budget":{"id":"10294","description":"Seguro Popular","amount":{"amount":214755961.14,"currency":"MXN"},"project":"Proyecto de Infraestructura social para la sustitución por obra nueva Hospital, Montemorelos","projectID":"CNPSS-DGF-2382-2017"},"documents":[{"id":"708","documentType":"Contrato de supervisión","title":"Contrato de supervisión","description":"Contrato de supervisión","url":"http://si.nl.gob.mx/Acceso/DatosAbiertos/DocumentosPublicos/000004/LO-919009986-E9-2018/01. Planeación/Contrato de supervisión.pdf","datePublished":"2020-03-21T18:03:00.62-06:00","dateModified":"0001-01-01T00:00:00-06:00","format":"application/pdf","language":"es","x_section":"planning"},{"id":"709","documentType":"Estudio de mercado","title":"Estudio de mercado","description":"Estudio de mercado","url":"http://si.nl.gob.mx/Acceso/DatosAbiertos/DocumentosPublicos/000004/LO-919009986-E9-2018/01. Planeación/Estudio de mercado.pdf","datePublished":"2020-03-21T18:03:00.627-06:00","dateModified":"0001-01-01T00:00:00-06:00","format":"application/pdf","language":"es","x_section":"planning"},{"id":"710","documentType":"Proyecto ejecutivo","title":"Proyecto ejecutivo","description":"Proyecto ejecutivo","url":"http://si.nl.gob.mx/Acceso/DatosAbiertos/DocumentosPublicos/000004/LO-919009986-E9-2018/01. Planeación/Proyecto ejecutivo.pdf","datePublished":"2020-03-21T18:03:00.637-06:00","dateModified":"0001-01-01T00:00:00-06:00","format":"application/pdf","language":"es","x_section":"planning"}]},"tender":{"id":"LO-919009986-E9-2018","title":"Proyecto de Infraestructura social para la sustitución por obra nueva Hospital, Montemorelos","description":"Proyecto de Infraestructura social para la sustitución por obra nueva y equipamiento del Hospital General de Montemorelos","status":"complete","procuringEntity":{"name":"SECRETARIA DE INFRAESTRUCTURA","id":"SIASI-000011"},"value":{"amount":214755961.14,"currency":"MXN"},"minValue":{"amount":0.0,"currency":"MXN"},"procurementMethod":"open","procurementMethodDetails":"Licitación Federal","procurementMethodRationale":"Justificación para el método de compra elegido","mainProcurementCategory":"goods","additionalProcurementCategories":["ND"],"awardCriteria":"priceOnly","awardCriteriaDetails":"Para la adjudicación del contrato LA DEPENDENCIA efectuará un análisis comparativo de las propuestas admitidas que no fueron desechadas en el aspecto legal, técnico o económico y elaborará un dictamen en el que se tomaran en cuenta los criterios generales de adjudicación expresados en la Convocatoria.","submissionMethod":["inPerson"],"submissionMethodDetails":"El representante del licitante deberá presentar en persona su oferta escrita en sobre cerrado","tenderPeriod":{"startDate":"2018-02-27T00:00:00-06:00","endDate":"2018-03-14T00:00:00-06:00","maxExtentDate":"2018-03-14T00:00:00-06:00","durationInDays":15},"enquiryPeriod":{"startDate":"2018-02-27T00:00:00-06:00","endDate":"2018-03-07T00:00:00-06:00","maxExtentDate":"2018-03-07T00:00:00-06:00","durationInDays":8},"hasEnquiries":true,"eligibilityCriteria":"El criterio establecido por el artículo 38 de la Ley de obras públicas y servicios relacionados con las mismas","awardPeriod":{"startDate":"2018-03-14T00:00:00-06:00","endDate":"2018-04-13T00:00:00-05:00","maxExtentDate":"2018-05-13T00:00:00-05:00","durationInDays":30},"contractPeriod":{"startDate":"2018-03-27T00:00:00-06:00","endDate":"2018-04-13T00:00:00-05:00","maxExtentDate":"2018-04-20T00:00:00-05:00","durationInDays":17},"numberOfTenderers":6,"tenderers":[{"name":"ALEAR CONSTRUCCIONES, S.A. DE C.V. y PRODUCTOS Y SERVICIOS MADA, S.A. DE C.V.  (PROPUESTA CONJUNTA)","id":"RFC-SIN DATO-A40D486A-0B70-49FE-883D-F756B075F614"},{"name":"DESARROLLO Y CONSTRUCCIONES URBANAS, S.A. DE C.V.","id":"RFC-DCU801124B41"},{"name":"ANAHUAC ORGANIZACION CONSTRUCTORA, S.A. DE C.V. y KAANS ADMINISTRACION, S.A. DE C.V.  (PROPUESTA CONJUNTA)","id":"RFC-SIN DATO-DA214CEE-0253-44F7-93C0-17AC3F716BFD"},{"name":"LAUNAK, S.A. DE C.V.","id":"RFC-LAU8210287I6"},{"name":"TORDEC, S.A. DE C.V.  ","id":"RFC-TOR050912KD6"},{"name":"BUFETTE DE OBRAS SERVICIOS Y SUMINISTROS, S.A. DE C.V.","id":"RFC-BOS920528KI9"}],"documents":[{"id":"711","documentType":"Acta de juntas de aclaraciones a las preguntas de los licitantes","title":"Acta de juntas de aclaraciones a las preguntas de los licitantes","description":"Acta de juntas de aclaraciones a las preguntas de los licitantes","url":"http://si.nl.gob.mx/Acceso/DatosAbiertos/DocumentosPublicos/000004/LO-919009986-E9-2018/02. Invitación/Acta de juntas de aclaraciones a las preguntas de los licitantes.pdf","datePublished":"2020-03-21T18:03:00.647-06:00","dateModified":"0001-01-01T00:00:00-06:00","format":"application/pdf","language":"es","x_section":"tender"},{"id":"712","documentType":"Acta de presentación y apertura de propuestas de licitaciones","title":"Acta de presentación y apertura de propuestas de licitaciones","description":"Acta de presentación y apertura de propuestas de licitaciones","url":"http://si.nl.gob.mx/Acceso/DatosAbiertos/DocumentosPublicos/000004/LO-919009986-E9-2018/02. Invitación/Acta de presentación y apertura de propuestas de licitaciones.pdf","datePublished":"2020-03-21T18:03:00.657-06:00","dateModified":"0001-01-01T00:00:00-06:00","format":"application/pdf","language":"es","x_section":"tender"},{"id":"713","documentType":"Anexos de Convocatoria","title":"Anexos de Convocatoria","description":"Anexos de Convocatoria","url":"http://si.nl.gob.mx/Acceso/DatosAbiertos/DocumentosPublicos/000004/LO-919009986-E9-2018/02. Invitación/Anexos de Convocatoria.zip","datePublished":"2020-03-21T18:03:00.67-06:00","dateModified":"0001-01-01T00:00:00-06:00","format":"application/zip","language":"es","x_section":"tender"},{"id":"714","documentType":"Convocatoria de licitaciones","title":"Convocatoria de licitaciones","description":"Convocatoria de licitaciones","url":"http://si.nl.gob.mx/Acceso/DatosAbiertos/DocumentosPublicos/000004/LO-919009986-E9-2018/02. Invitación/Convocatoria de licitaciones.pdf","datePublished":"2020-03-21T18:03:00.68-06:00","dateModified":"0001-01-01T00:00:00-06:00","format":"application/pdf","language":"es","x_section":"tender"},{"id":"715","documentType":"Pre-bases de licitaciones","title":"Pre-bases de licitaciones","description":"Pre-bases de licitaciones","url":"http://si.nl.gob.mx/Acceso/DatosAbiertos/DocumentosPublicos/000004/LO-919009986-E9-2018/02. Invitación/Pre-bases de licitaciones.docx","datePublished":"2020-03-21T18:03:00.693-06:00","dateModified":"0001-01-01T00:00:00-06:00","format":"application/msword","language":"es","x_section":"tender"},{"id":"716","documentType":"Resumen de convocatoria a la licitación pública","title":"Resumen de convocatoria a la licitación pública","description":"Resumen de convocatoria a la licitación pública","url":"http://si.nl.gob.mx/Acceso/DatosAbiertos/DocumentosPublicos/000004/LO-919009986-E9-2018/02. Invitación/Resumen de convocatoria a la licitación pública.pdf","datePublished":"2020-03-21T18:03:00.71-06:00","dateModified":"0001-01-01T00:00:00-06:00","format":"application/pdf","language":"es","x_section":"tender"},{"id":"981","documentType":"Registro de asistencia de la visita a las instalaciones","title":"Registro de asistencia de la visita a las instalaciones","description":"Registro de asistencia de la visita a las instalaciones","url":"http://si.nl.gob.mx/Acceso/DatosAbiertos/DocumentosPublicos/000004/LO-919009986-E9-2018/02. Invitación/Registro de asistencia de la visita a las instalaciones.pdf","datePublished":"2020-03-21T18:13:24.163-06:00","dateModified":"0001-01-01T00:00:00-06:00","format":"application/pdf","language":"es","x_section":"tender"}],"milestones":[{"id":"LO-919009986-E9-2018-118","title":"PRE BASES","type":"preProcurement","description":"PRE BASES","code":"PRE BASES","dueDate":"2018-02-12T13:14:00-06:00","dateMet":"2018-02-12T13:14:00-06:00","dateModified":"2018-02-12T13:14:00-06:00","status":"met"},{"id":"LO-919009986-E9-2018-119","title":"CONVOCATORIA","type":"preProcurement","description":"CONVOCATORIA","code":"CONVOCATORIA","dueDate":"2018-02-27T08:00:00-06:00","dateMet":"2018-02-27T08:00:00-06:00","dateModified":"2018-02-27T08:00:00-06:00","status":"met"},{"id":"LO-919009986-E9-2018-120","title":"VISITA A LA OBRA","type":"preProcurement","description":"VISITA A LA OBRA","code":"VISITA A LA OBRA","dueDate":"2018-03-06T08:00:00-06:00","dateMet":"2018-03-06T08:00:00-06:00","dateModified":"2018-03-06T08:00:00-06:00","status":"met"},{"id":"LO-919009986-E9-2018-121","title":"JUNTA DE ACLARACIONES","type":"preProcurement","description":"JUNTA DE ACLARACIONES","code":"JUNTA DE ACLARACIONES","dueDate":"2018-03-07T16:00:00-06:00","dateMet":"2018-03-07T16:00:00-06:00","dateModified":"2018-03-07T16:00:00-06:00","status":"met"},{"id":"LO-919009986-E9-2018-122","title":"APERTURA","type":"assessment","description":"APERTURA","code":"APERTURA","dueDate":"2018-03-14T16:00:00-06:00","dateMet":"2018-03-14T16:00:00-06:00","dateModified":"2018-03-14T16:00:00-06:00","status":"met"},{"id":"LO-919009986-E9-2018-125","title":"FALLO","type":"engagement","description":"FALLO","code":"FALLO","dueDate":"2018-04-13T18:00:00-05:00","dateMet":"2018-04-13T18:00:00-05:00","dateModified":"2018-04-13T18:00:00-05:00","status":"met"},{"id":"LO-919009986-E9-2018-126","title":"FIRMA DEL CONTRATO","type":"approval","description":"FIRMA DEL CONTRATO","code":"FIRMA DEL CONTRATO","dueDate":"2018-03-27T16:00:00-06:00","dateMet":"2018-03-27T16:00:00-06:00","dateModified":"2018-03-27T16:00:00-06:00","status":"met"}]},"awards":[{"id":"LO-919009986-E9-2018","title":"Proyecto de Infraestructura social para la sustitución por obra nueva Hospital, Montemorelos","description":"Proyecto de Infraestructura social para la sustitución por obra nueva y equipamiento del Hospital General de Montemorelos","status":"active","date":"2018-04-13T00:00:00-05:00","value":{"amount":191748006.8,"currency":"MXN"},"suppliers":[{"id":"RFC-DCU801124B41","name":"DESARROLLO Y CONSTRUCCIONES URBANAS, S.A. DE C.V."}],"contractPeriod":{"startDate":"2018-05-07T00:00:00-05:00","endDate":"2019-05-01T00:00:00-05:00","maxExtentDate":"0001-01-01T00:00:00","durationInDays":359},"documents":[{"id":"717","documentType":"Fallo de licitaciones","title":"Fallo de licitaciones","description":"Fallo de licitaciones","url":"http://si.nl.gob.mx/Acceso/DatosAbiertos/DocumentosPublicos/000004/LO-919009986-E9-2018/03. Adjudicación/Fallo de licitaciones.pdf","datePublished":"2020-03-21T18:03:00.73-06:00","dateModified":"0001-01-01T00:00:00-06:00","format":"application/pdf","language":"es","x_section":"award"},{"id":"718","documentType":"Fallo de licitaciones","title":"Fallo de licitaciones","description":"Fallo de licitaciones","url":"http://si.nl.gob.mx/Acceso/DatosAbiertos/DocumentosPublicos/000004/LO-919009986-E9-2018/03. Adjudicación/Fallo de licitaciones_01.pdf","datePublished":"2020-03-21T18:03:00.753-06:00","dateModified":"0001-01-01T00:00:00-06:00","format":"application/pdf","language":"es","x_section":"award"},{"id":"719","documentType":"Oferta Ganadora","title":"Oferta Ganadora","description":"Oferta Ganadora","url":"http://si.nl.gob.mx/Acceso/DatosAbiertos/DocumentosPublicos/000004/LO-919009986-E9-2018/03. Adjudicación/Oferta Ganadora.rar","datePublished":"2020-03-21T18:03:00.777-06:00","dateModified":"0001-01-01T00:00:00-06:00","format":"application/vnd.rar","language":"es","x_section":"award"},{"id":"720","documentType":"Resultado de las evaluaciones de la licitación","title":"Resultado de las evaluaciones de la licitación","description":"Resultado de las evaluaciones de la licitación","url":"http://si.nl.gob.mx/Acceso/DatosAbiertos/DocumentosPublicos/000004/LO-919009986-E9-2018/03. Adjudicación/Resultado de las evaluaciones de la licitación.pdf","datePublished":"2020-03-21T18:03:00.793-06:00","dateModified":"0001-01-01T00:00:00-06:00","format":"application/pdf","language":"es","x_section":"award"}]}],"contracts":[{"id":"1804003","awardID":"LO-919009986-E9-2018","title":"Proyecto de Infraestructura social para la sustitución por obra nueva Hospital, Montemorelos","description":"Proyecto de Infraestructura social para la sustitución por obra nueva y equipamiento del Hospital General de Montemorelos","status":"active","x_financial_advance":100.0,"x_physical_advance":100.0,"period":{"startDate":"2018-05-07T00:00:00-05:00","endDate":"2019-05-01T00:00:00-05:00","maxExtentDate":"0001-01-01T00:00:00-06:00","durationInDays":359},"value":{"amount":214017134.32,"currency":"MXN"},"x_estimatedPhysicalProgress":100.0,"x_observedPhysicalProgress":100.0,"items":[{"id":"000008148","description":"001 ALBAÑILERÍA","classification":{"scheme":"UNCEFACT","id":"000008148","description":"Catálogo de Conceptos Universal de la Secretaría de Infraestructura del Estado de Nuevo León","uri":"http://si.nl.gob.mx/CatalogoDeConceptosUniversal"},"quantity":1.0,"unit":{"scheme":"SINL-CU","id":"000000221","name":"LOTE","value":{"amount":7705591.5156,"currency":"MXN"},"uri":"http://si.nl.gob.mx/CatalogoUnidades"}},{"id":"000000554","description":"002 INSTALACION ELECTRICA","classification":{"scheme":"UNCEFACT","id":"000000554","description":"Catálogo de Conceptos Universal de la Secretaría de Infraestructura del Estado de Nuevo León","uri":"http://si.nl.gob.mx/CatalogoDeConceptosUniversal"},"quantity":1.0,"unit":{"scheme":"SINL-CU","id":"000000221","name":"LOTE","value":{"amount":86480910.5977,"currency":"MXN"},"uri":"http://si.nl.gob.mx/CatalogoUnidades"}},{"id":"000002342","description":"003 RED HIDRAULICA","classification":{"scheme":"UNCEFACT","id":"000002342","description":"Catálogo de Conceptos Universal de la Secretaría de Infraestructura del Estado de Nuevo León","uri":"http://si.nl.gob.mx/CatalogoDeConceptosUniversal"},"quantity":1.0,"unit":{"scheme":"SINL-CU","id":"000000221","name":"LOTE","value":{"amount":2291077.3834,"currency":"MXN"},"uri":"http://si.nl.gob.mx/CatalogoUnidades"}},{"id":"000001745","description":"004 INSTALACION SANITARIA","classification":{"scheme":"UNCEFACT","id":"000001745","description":"Catálogo de Conceptos Universal de la Secretaría de Infraestructura del Estado de Nuevo León","uri":"http://si.nl.gob.mx/CatalogoDeConceptosUniversal"},"quantity":1.0,"unit":{"scheme":"SINL-CU","id":"000000221","name":"LOTE","value":{"amount":14981181.2,"currency":"MXN"},"uri":"http://si.nl.gob.mx/CatalogoUnidades"}},{"id":"000000073","description":"005 GASES MEDICINALES","classification":{"scheme":"UNCEFACT","id":"000000073","description":"Catálogo de Conceptos Universal de la Secretaría de Infraestructura del Estado de Nuevo León","uri":"http://si.nl.gob.mx/CatalogoDeConceptosUniversal"},"quantity":1.0,"unit":{"scheme":"SINL-CU","id":"000000221","name":"LOTE","value":{"amount":1839285.28,"currency":"MXN"},"uri":"http://si.nl.gob.mx/CatalogoUnidades"}},{"id":"000008665","description":"006 CANCELERIA","classification":{"scheme":"UNCEFACT","id":"000008665","description":"Catálogo de Conceptos Universal de la Secretaría de Infraestructura del Estado de Nuevo León","uri":"http://si.nl.gob.mx/CatalogoDeConceptosUniversal"},"quantity":1.0,"unit":{"scheme":"SINL-CU","id":"000000221","name":"LOTE","value":{"amount":8062112.17,"currency":"MXN"},"uri":"http://si.nl.gob.mx/CatalogoUnidades"}},{"id":"000006552","description":"007 HERRERIA","classification":{"scheme":"UNCEFACT","id":"000006552","description":"Catálogo de Conceptos Universal de la Secretaría de Infraestructura del Estado de Nuevo León","uri":"http://si.nl.gob.mx/CatalogoDeConceptosUniversal"},"quantity":1.0,"unit":{"scheme":"SINL-CU","id":"000000221","name":"LOTE","value":{"amount":8650027.5327,"currency":"MXN"},"uri":"http://si.nl.gob.mx/CatalogoUnidades"}},{"id":"000000314","description":"008 ACABADOS","classification":{"scheme":"UNCEFACT","id":"000000314","description":"Catálogo de Conceptos Universal de la Secretaría de Infraestructura del Estado de Nuevo León","uri":"http://si.nl.gob.mx/CatalogoDeConceptosUniversal"},"quantity":1.0,"unit":{"scheme":"SINL-CU","id":"000000221","name":"LOTE","value":{"amount":38286896.235,"currency":"MXN"},"uri":"http://si.nl.gob.mx/CatalogoUnidades"}},{"id":"000001931","description":"009 INSTALACIONES ESPECIALES (VOZ Y DATOS)","classification":{"scheme":"UNCEFACT","id":"000001931","description":"Catálogo de Conceptos Universal de la Secretaría de Infraestructura del Estado de Nuevo León","uri":"http://si.nl.gob.mx/CatalogoDeConceptosUniversal"},"quantity":1.0,"unit":{"scheme":"SINL-CU","id":"000000221","name":"LOTE","value":{"amount":39966915.236,"currency":"MXN"},"uri":"http://si.nl.gob.mx/CatalogoUnidades"}},{"id":"000004833","description":"010 EQUIPO PERMANENTE","classification":{"scheme":"UNCEFACT","id":"000004833","description":"Catálogo de Conceptos Universal de la Secretaría de Infraestructura del Estado de Nuevo León","uri":"http://si.nl.gob.mx/CatalogoDeConceptosUniversal"},"quantity":1.0,"unit":{"scheme":"SINL-CU","id":"000000221","name":"LOTE","value":{"amount":3045284.57,"currency":"MXN"},"uri":"http://si.nl.gob.mx/CatalogoUnidades"}},{"id":"000005202","description":"011 AIRE ACONDICIONADO","classification":{"scheme":"UNCEFACT","id":"000005202","description":"Catálogo de Conceptos Universal de la Secretaría de Infraestructura del Estado de Nuevo León","uri":"http://si.nl.gob.mx/CatalogoDeConceptosUniversal"},"quantity":1.0,"unit":{"scheme":"SINL-CU","id":"000000221","name":"LOTE","value":{"amount":30396164.8551,"currency":"MXN"},"uri":"http://si.nl.gob.mx/CatalogoUnidades"}},{"id":"000005340","description":"012 OSMOSIS ONVERSA Y SUAVIZADORES","classification":{"scheme":"UNCEFACT","id":"000005340","description":"Catálogo de Conceptos Universal de la Secretaría de Infraestructura del Estado de Nuevo León","uri":"http://si.nl.gob.mx/CatalogoDeConceptosUniversal"},"quantity":1.0,"unit":{"scheme":"SINL-CU","id":"000000221","name":"LOTE","value":{"amount":1337546.2852,"currency":"MXN"},"uri":"http://si.nl.gob.mx/CatalogoUnidades"}},{"id":"000007895","description":"013 CONTROL INTELIGENTE PARA AIRE ACONDICIONADO","classification":{"scheme":"UNCEFACT","id":"000007895","description":"Catálogo de Conceptos Universal de la Secretaría de Infraestructura del Estado de Nuevo León","uri":"http://si.nl.gob.mx/CatalogoDeConceptosUniversal"},"quantity":1.0,"unit":{"scheme":"SINL-CU","id":"000000221","name":"LOTE","value":{"amount":1575375.72,"currency":"MXN"},"uri":"http://si.nl.gob.mx/CatalogoUnidades"}},{"id":"000005317","description":"014 ACCESORIOS GENERALES","classification":{"scheme":"UNCEFACT","id":"000005317","description":"Catálogo de Conceptos Universal de la Secretaría de Infraestructura del Estado de Nuevo León","uri":"http://si.nl.gob.mx/CatalogoDeConceptosUniversal"},"quantity":1.0,"unit":{"scheme":"SINL-CU","id":"000000221","name":"LOTE","value":{"amount":5314146.77,"currency":"MXN"},"uri":"http://si.nl.gob.mx/CatalogoUnidades"}},{"id":"000000651","description":"015 MOBILIARIO DE CARPINTERIAS","classification":{"scheme":"UNCEFACT","id":"000000651","description":"Catálogo de Conceptos Universal de la Secretaría de Infraestructura del Estado de Nuevo León","uri":"http://si.nl.gob.mx/CatalogoDeConceptosUniversal"},"quantity":1.0,"unit":{"scheme":"SINL-CU","id":"000000221","name":"LOTE","value":{"amount":3336456.52,"currency":"MXN"},"uri":"http://si.nl.gob.mx/CatalogoUnidades"}},{"id":"000001830","description":"016 SISTEMA NEUMATICO DE ENVIOS","classification":{"scheme":"UNCEFACT","id":"000001830","description":"Catálogo de Conceptos Universal de la Secretaría de Infraestructura del Estado de Nuevo León","uri":"http://si.nl.gob.mx/CatalogoDeConceptosUniversal"},"quantity":1.0,"unit":{"scheme":"SINL-CU","id":"000000221","name":"LOTE","value":{"amount":19496150.4,"currency":"MXN"},"uri":"http://si.nl.gob.mx/CatalogoUnidades"}},{"id":"000003291","description":"017 GAS LP","classification":{"scheme":"UNCEFACT","id":"000003291","description":"Catálogo de Conceptos Universal de la Secretaría de Infraestructura del Estado de Nuevo León","uri":"http://si.nl.gob.mx/CatalogoDeConceptosUniversal"},"quantity":1.0,"unit":{"scheme":"SINL-CU","id":"000000221","name":"LOTE","value":{"amount":93044.775,"currency":"MXN"},"uri":"http://si.nl.gob.mx/CatalogoUnidades"}},{"id":"000002683","description":"018 PLANTA ELECTRICA ADICIONAL DE CIRUGIA","classification":{"scheme":"UNCEFACT","id":"000002683","description":"Catálogo de Conceptos Universal de la Secretaría de Infraestructura del Estado de Nuevo León","uri":"http://si.nl.gob.mx/CatalogoDeConceptosUniversal"},"quantity":1.0,"unit":{"scheme":"SINL-CU","id":"000000221","name":"LOTE","value":{"amount":1063422.68,"currency":"MXN"},"uri":"http://si.nl.gob.mx/CatalogoUnidades"}},{"id":"000007666","description":"EXT 003","classification":{"scheme":"UNCEFACT","id":"000007666","description":"Catálogo de Conceptos Universal de la Secretaría de Infraestructura del Estado de Nuevo León","uri":"http://si.nl.gob.mx/CatalogoDeConceptosUniversal"},"quantity":1.0,"unit":{"scheme":"SINL-CU","id":"000000221","name":"LOTE","value":{"amount":4998792.45,"currency":"MXN"},"uri":"http://si.nl.gob.mx/CatalogoUnidades"}},{"id":"000007131","description":"EXT 004","classification":{"scheme":"UNCEFACT","id":"000007131","description":"Catálogo de Conceptos Universal de la Secretaría de Infraestructura del Estado de Nuevo León","uri":"http://si.nl.gob.mx/CatalogoDeConceptosUniversal"},"quantity":1.0,"unit":{"scheme":"SINL-CU","id":"000000221","name":"LOTE","value":{"amount":26837909.6821,"currency":"MXN"},"uri":"http://si.nl.gob.mx/CatalogoUnidades"}},{"id":"000006598","description":"EXTRAS  001","classification":{"scheme":"UNCEFACT","id":"000006598","description":"Catálogo de Conceptos Universal de la Secretaría de Infraestructura del Estado de Nuevo León","uri":"http://si.nl.gob.mx/CatalogoDeConceptosUniversal"},"quantity":1.0,"unit":{"scheme":"SINL-CU","id":"000000221","name":"LOTE","value":{"amount":288884.9806,"currency":"MXN"},"uri":"http://si.nl.gob.mx/CatalogoUnidades"}},{"id":"000007312","description":"EXTRAS  002","classification":{"scheme":"UNCEFACT","id":"000007312","description":"Catálogo de Conceptos Universal de la Secretaría de Infraestructura del Estado de Nuevo León","uri":"http://si.nl.gob.mx/CatalogoDeConceptosUniversal"},"quantity":1.0,"unit":{"scheme":"SINL-CU","id":"000000221","name":"LOTE","value":{"amount":9661276.55,"currency":"MXN"},"uri":"http://si.nl.gob.mx/CatalogoUnidades"}},{"id":"000006040","description":"EXTRAS 005","classification":{"scheme":"UNCEFACT","id":"000006040","description":"Catálogo de Conceptos Universal de la Secretaría de Infraestructura del Estado de Nuevo León","uri":"http://si.nl.gob.mx/CatalogoDeConceptosUniversal"},"quantity":1.0,"unit":{"scheme":"SINL-CU","id":"000000221","name":"LOTE","value":{"amount":6412299.15,"currency":"MXN"},"uri":"http://si.nl.gob.mx/CatalogoUnidades"}}],"dateSigned":"2018-04-18T00:00:00-05:00","documents":[{"id":"721","documentType":"Anexos de Contrato","title":"Anexos de Contrato","description":"Anexos de Contrato","url":"http://si.nl.gob.mx/Acceso/DatosAbiertos/DocumentosPublicos/000004/LO-919009986-E9-2018/04. Contratación/Anexos de Contrato.pdf","datePublished":"2020-03-21T18:03:00.81-06:00","dateModified":"0001-01-01T00:00:00-06:00","format":"application/pdf","language":"es","x_section":"contract"},{"id":"722","documentType":"Contrato firmado","title":"Contrato firmado","description":"Contrato firmado","url":"http://si.nl.gob.mx/Acceso/DatosAbiertos/DocumentosPublicos/000004/LO-919009986-E9-2018/04. Contratación/Contrato firmado.pdf","datePublished":"2020-03-21T18:03:00.827-06:00","dateModified":"0001-01-01T00:00:00-06:00","format":"application/pdf","language":"es","x_section":"contract"},{"id":"980","documentType":"Informe de solicitud de cancelación o de efectividad de las garantías","title":"Informe de solicitud de cancelación o de efectividad de las garantías","description":"Informe de solicitud de cancelación o de efectividad de las garantías","url":"http://si.nl.gob.mx/Acceso/DatosAbiertos/DocumentosPublicos/000004/LO-919009986-E9-2018/04. Contratación/Informe de solicitud de cancelación o de efectividad de las garantías.pdf","datePublished":"2020-03-21T18:12:27.64-06:00","dateModified":"0001-01-01T00:00:00-06:00","format":"application/pdf","language":"es","x_section":"contract"},{"id":"995","documentType":"Finiquito del contrato","title":"Finiquito del contrato","description":"Finiquito del contrato","datePublished":"0001-01-01T00:00:00-06:00","dateModified":"0001-01-01T00:00:00-06:00","format":"ND","language":"es","x_section":"contract"},{"id":"998","documentType":"Finiquito del contrato","title":"Finiquito del contrato","description":"Finiquito del contrato","datePublished":"0001-01-01T00:00:00-06:00","dateModified":"0001-01-01T00:00:00-06:00","format":"ND","language":"es","x_section":"contract"},{"id":"723","documentType":"Convenios modificatorios","title":"Convenios modificatorios","description":"Convenios modificatorios","url":"http://si.nl.gob.mx/Acceso/DatosAbiertos/DocumentosPublicos/000004/LO-919009986-E9-2018/05. Ejecución/Convenios modificatorios.pdf","datePublished":"2020-03-21T18:03:00.853-06:00","dateModified":"0001-01-01T00:00:00-06:00","format":"application/pdf","language":"es","x_section":"implementarion"},{"id":"724","documentType":"Informe ejecutivo de la ejecución del contrato (Reportes)","title":"Informe ejecutivo de la ejecución del contrato (Reportes)","description":"Informe ejecutivo de la ejecución del contrato (Reportes)","url":"http://si.nl.gob.mx/Acceso/DatosAbiertos/DocumentosPublicos/000004/LO-919009986-E9-2018/05. Ejecución/Informe ejecutivo de la ejecución del contrato (Reportes).pdf","datePublished":"2020-03-21T18:03:00.867-06:00","dateModified":"0001-01-01T00:00:00-06:00","format":"application/pdf","language":"es","x_section":"implementarion"},{"id":"725","documentType":"Informe ejecutivo de la ejecución del contrato (Reportes)","title":"Informe ejecutivo de la ejecución del contrato (Reportes)","description":"Informe ejecutivo de la ejecución del contrato (Reportes)","url":"http://si.nl.gob.mx/Acceso/DatosAbiertos/DocumentosPublicos/000004/LO-919009986-E9-2018/05. Ejecución/Informe ejecutivo de la ejecución del contrato (Reportes)_01.pdf","datePublished":"2020-03-21T18:03:00.877-06:00","dateModified":"0001-01-01T00:00:00-06:00","format":"application/pdf","language":"es","x_section":"implementarion"},{"id":"726","documentType":"Informe ejecutivo de la ejecución del contrato (Reportes)","title":"Informe ejecutivo de la ejecución del contrato (Reportes)","description":"Informe ejecutivo de la ejecución del contrato (Reportes)","url":"http://si.nl.gob.mx/Acceso/DatosAbiertos/DocumentosPublicos/000004/LO-919009986-E9-2018/05. Ejecución/Informe ejecutivo de la ejecución del contrato (Reportes)_02.pdf","datePublished":"2020-03-21T18:03:00.887-06:00","dateModified":"0001-01-01T00:00:00-06:00","format":"application/pdf","language":"es","x_section":"implementarion"},{"id":"727","documentType":"Lista de escalada de aprobaciones","title":"Lista de escalada de aprobaciones","description":"Lista de escalada de aprobaciones","url":"http://si.nl.gob.mx/Acceso/DatosAbiertos/DocumentosPublicos/000004/LO-919009986-E9-2018/05. Ejecución/Lista de escalada de aprobaciones.pdf","datePublished":"2020-03-21T18:03:00.9-06:00","dateModified":"0001-01-01T00:00:00-06:00","format":"application/pdf","language":"es","x_section":"implementarion"},{"id":"728","documentType":"Reportes de supervisión","title":"Reportes de supervisión","description":"Reportes de supervisión","url":"http://si.nl.gob.mx/Acceso/DatosAbiertos/DocumentosPublicos/000004/LO-919009986-E9-2018/05. Ejecución/Reportes de supervisión.pdf","datePublished":"2020-03-21T18:03:00.91-06:00","dateModified":"0001-01-01T00:00:00-06:00","format":"application/pdf","language":"es","x_section":"implementarion"},{"id":"996","documentType":"Reportes de calidad","title":"Reportes de calidad","description":"Reportes de calidad","datePublished":"0001-01-01T00:00:00-06:00","dateModified":"0001-01-01T00:00:00-06:00","format":"ND","language":"es","x_section":"implementarion"},{"id":"997","documentType":"Certificado de terminación (informe de conclusión)","title":"Certificado de terminación (informe de conclusión)","description":"Certificado de terminación (informe de conclusión)","datePublished":"0001-01-01T00:00:00-06:00","dateModified":"0001-01-01T00:00:00-06:00","format":"ND","language":"es","x_section":"implementarion"}],"implementation":{"transactions":[{"id":"EST-2018-05-578","date":"2018-05-03T12:23:29-05:00","value":{"amount":57524402.04,"currency":"MXN"},"payer":{"name":"SFYTGE","id":"RFC-GEN620601DTA"},"payee":{"name":"DESARROLLO Y CONSTRUCCIONES URBANAS, S.A. DE C.V.","id":"DCU801124B41"}},{"id":"EST-2018-08-954","date":"2018-08-27T14:10:22-05:00","value":{"amount":5757944.11,"currency":"MXN"},"payer":{"name":"SFYTGE","id":"RFC-GEN620601DTA"},"payee":{"name":"DESARROLLO Y CONSTRUCCIONES URBANAS, S.A. DE C.V.","id":"DCU801124B41"}},{"id":"EST-2018-11-347","date":"2018-11-27T09:58:13-06:00","value":{"amount":7067578.93,"currency":"MXN"},"payer":{"name":"SFYTGE","id":"RFC-GEN620601DTA"},"payee":{"name":"DESARROLLO Y CONSTRUCCIONES URBANAS, S.A. DE C.V.","id":"DCU801124B41"}},{"id":"EST-2019-06-113","date":"2019-06-04T13:31:28-05:00","value":{"amount":2527644.39,"currency":"MXN"},"payer":{"name":"SFYTGE","id":"RFC-GEN620601DTA"},"payee":{"name":"DESARROLLO Y CONSTRUCCIONES URBANAS, S.A. DE C.V.","id":"DCU801124B41"}},{"id":"EST-2019-06-119","date":"2019-06-06T11:32:41-05:00","value":{"amount":338705.16,"currency":"MXN"},"payer":{"name":"SFYTGE","id":"RFC-GEN620601DTA"},"payee":{"name":"DESARROLLO Y CONSTRUCCIONES URBANAS, S.A. DE C.V.","id":"DCU801124B41"}},{"id":"EST-2019-07-269","date":"2019-07-26T10:37:55-05:00","value":{"amount":7592198.21,"currency":"MXN"},"payer":{"name":"SFYTGE","id":"RFC-GEN620601DTA"},"payee":{"name":"DESARROLLO Y CONSTRUCCIONES URBANAS, S.A. DE C.V.","id":"DCU801124B41"}},{"id":"EST-2019-08-334","date":"2019-08-05T11:30:02-05:00","value":{"amount":5096910.41,"currency":"MXN"},"payer":{"name":"SFYTGE","id":"RFC-GEN620601DTA"},"payee":{"name":"DESARROLLO Y CONSTRUCCIONES URBANAS, S.A. DE C.V.","id":"DCU801124B41"}},{"id":"EST-2019-08-390","date":"2019-08-21T08:25:10-05:00","value":{"amount":6902386.05,"currency":"MXN"},"payer":{"name":"SFYTGE","id":"RFC-GEN620601DTA"},"payee":{"name":"DESARROLLO Y CONSTRUCCIONES URBANAS, S.A. DE C.V.","id":"DCU801124B41"}},{"id":"EST-2019-11-624","date":"2019-11-12T12:08:08-06:00","value":{"amount":77428.99,"currency":"MXN"},"payer":{"name":"SFYTGE","id":"RFC-GEN620601DTA"},"payee":{"name":"DESARROLLO Y CONSTRUCCIONES URBANAS, S.A. DE C.V.","id":"DCU801124B41"}},{"id":"EST-2019-11-625","date":"2019-11-12T12:15:05-06:00","value":{"amount":28341.97,"currency":"MXN"},"payer":{"name":"SFYTGE","id":"RFC-GEN620601DTA"},"payee":{"name":"DESARROLLO Y CONSTRUCCIONES URBANAS, S.A. DE C.V.","id":"DCU801124B41"}},{"id":"EST-2019-11-630","date":"2019-11-12T12:43:33-06:00","value":{"amount":602064.0,"currency":"MXN"},"payer":{"name":"SFYTGE","id":"RFC-GEN620601DTA"},"payee":{"name":"DESARROLLO Y CONSTRUCCIONES URBANAS, S.A. DE C.V.","id":"DCU801124B41"}},{"id":"EST-2019-11-631","date":"2019-11-12T12:55:00-06:00","value":{"amount":4149585.93,"currency":"MXN"},"payer":{"name":"SFYTGE","id":"RFC-GEN620601DTA"},"payee":{"name":"DESARROLLO Y CONSTRUCCIONES URBANAS, S.A. DE C.V.","id":"DCU801124B41"}},{"id":"EST-2020-01-967","date":"2020-01-27T11:32:51-06:00","value":{"amount":1716.75,"currency":"MXN"},"payer":{"name":"SFYTGE","id":"RFC-GEN620601DTA"},"payee":{"name":"DESARROLLO Y CONSTRUCCIONES URBANAS, S.A. DE C.V.","id":"DCU801124B41"}},{"id":"EST-2020-01-970","date":"2020-01-27T11:51:16-06:00","value":{"amount":6162.63,"currency":"MXN"},"payer":{"name":"SFYTGE","id":"RFC-GEN620601DTA"},"payee":{"name":"DESARROLLO Y CONSTRUCCIONES URBANAS, S.A. DE C.V.","id":"DCU801124B41"}},{"id":"EST-2020-01-976","date":"2020-01-27T13:41:30-06:00","value":{"amount":6103779.5,"currency":"MXN"},"payer":{"name":"SFYTGE","id":"RFC-GEN620601DTA"},"payee":{"name":"DESARROLLO Y CONSTRUCCIONES URBANAS, S.A. DE C.V.","id":"DCU801124B41"}},{"id":"EST-2020-01-980","date":"2020-01-30T14:01:05-06:00","value":{"amount":8084615.94,"currency":"MXN"},"payer":{"name":"SFYTGE","id":"RFC-GEN620601DTA"},"payee":{"name":"DESARROLLO Y CONSTRUCCIONES URBANAS, S.A. DE C.V.","id":"DCU801124B41"}},{"id":"EST-2020-02-018","date":"2020-02-18T13:19:48-06:00","value":{"amount":3820340.14,"currency":"MXN"},"payer":{"name":"SFYTGE","id":"RFC-GEN620601DTA"},"payee":{"name":"DESARROLLO Y CONSTRUCCIONES URBANAS, S.A. DE C.V.","id":"DCU801124B41"}},{"id":"EST-2020-03-064","date":"2020-03-04T13:22:46-06:00","value":{"amount":481355.24,"currency":"MXN"},"payer":{"name":"SFYTGE","id":"RFC-GEN620601DTA"},"payee":{"name":"DESARROLLO Y CONSTRUCCIONES URBANAS, S.A. DE C.V.","id":"DCU801124B41"}},{"id":"EST-2020-03-067","date":"2020-03-04T13:36:36-06:00","value":{"amount":164817.99,"currency":"MXN"},"payer":{"name":"SFYTGE","id":"RFC-GEN620601DTA"},"payee":{"name":"DESARROLLO Y CONSTRUCCIONES URBANAS, S.A. DE C.V.","id":"DCU801124B41"}},{"id":"EST-2020-03-070","date":"2020-03-05T08:44:43-06:00","value":{"amount":87115.58,"currency":"MXN"},"payer":{"name":"SFYTGE","id":"RFC-GEN620601DTA"},"payee":{"name":"DESARROLLO Y CONSTRUCCIONES URBANAS, S.A. DE C.V.","id":"DCU801124B41"}},{"id":"EST-2020-03-072","date":"2020-03-05T08:53:18-06:00","value":{"amount":423357.58,"currency":"MXN"},"payer":{"name":"SFYTGE","id":"RFC-GEN620601DTA"},"payee":{"name":"DESARROLLO Y CONSTRUCCIONES URBANAS, S.A. DE C.V.","id":"DCU801124B41"}},{"id":"EST-2018-10-093","date":"2018-10-03T10:21:20-05:00","value":{"amount":1160025.68,"currency":"MXN"},"payer":{"name":"SFYTGE","id":"RFC-GEN620601DTA"},"payee":{"name":"DESARROLLO Y CONSTRUCCIONES URBANAS, S.A. DE C.V.","id":"DCU801124B41"}},{"id":"EST-2019-06-134","date":"2019-06-11T12:06:47-05:00","value":{"amount":696025.72,"currency":"MXN"},"payer":{"name":"SFYTGE","id":"RFC-GEN620601DTA"},"payee":{"name":"DESARROLLO Y CONSTRUCCIONES URBANAS, S.A. DE C.V.","id":"DCU801124B41"}},{"id":"EST-2019-07-271","date":"2019-07-26T10:55:47-05:00","value":{"amount":9032763.21,"currency":"MXN"},"payer":{"name":"SFYTGE","id":"RFC-GEN620601DTA"},"payee":{"name":"DESARROLLO Y CONSTRUCCIONES URBANAS, S.A. DE C.V.","id":"DCU801124B41"}},{"id":"EST-2019-10-536","date":"2019-10-14T10:14:15-05:00","value":{"amount":955502.74,"currency":"MXN"},"payer":{"name":"SFYTGE","id":"RFC-GEN620601DTA"},"payee":{"name":"DESARROLLO Y CONSTRUCCIONES URBANAS, S.A. DE C.V.","id":"DCU801124B41"}},{"id":"EST-2019-12-728","date":"2019-12-03T13:19:23-06:00","value":{"amount":965739.79,"currency":"MXN"},"payer":{"name":"SFYTGE","id":"RFC-GEN620601DTA"},"payee":{"name":"DESARROLLO Y CONSTRUCCIONES URBANAS, S.A. DE C.V.","id":"DCU801124B41"}},{"id":"EST-2019-12-733","date":"2019-12-03T14:21:57-06:00","value":{"amount":184102.42,"currency":"MXN"},"payer":{"name":"SFYTGE","id":"RFC-GEN620601DTA"},"payee":{"name":"DESARROLLO Y CONSTRUCCIONES URBANAS, S.A. DE C.V.","id":"DCU801124B41"}},{"id":"EST-2019-12-734","date":"2019-12-03T14:25:20-06:00","value":{"amount":349585.26,"currency":"MXN"},"payer":{"name":"SFYTGE","id":"RFC-GEN620601DTA"},"payee":{"name":"DESARROLLO Y CONSTRUCCIONES URBANAS, S.A. DE C.V.","id":"DCU801124B41"}},{"id":"EST-2020-01-966","date":"2020-01-27T11:23:49-06:00","value":{"amount":86516.01,"currency":"MXN"},"payer":{"name":"SFYTGE","id":"RFC-GEN620601DTA"},"payee":{"name":"DESARROLLO Y CONSTRUCCIONES URBANAS, S.A. DE C.V.","id":"DCU801124B41"}},{"id":"EST-2020-01-974","date":"2020-01-27T12:29:48-06:00","value":{"amount":180347.71,"currency":"MXN"},"payer":{"name":"SFYTGE","id":"RFC-GEN620601DTA"},"payee":{"name":"DESARROLLO Y CONSTRUCCIONES URBANAS, S.A. DE C.V.","id":"DCU801124B41"}},{"id":"EST-2020-02-014","date":"2020-02-18T12:29:31-06:00","value":{"amount":968901.55,"currency":"MXN"},"payer":{"name":"SFYTGE","id":"RFC-GEN620601DTA"},"payee":{"name":"DESARROLLO Y CONSTRUCCIONES URBANAS, S.A. DE C.V.","id":"DCU801124B41"}},{"id":"EST-2020-02-016","date":"2020-02-18T12:50:36-06:00","value":{"amount":217838.85,"currency":"MXN"},"payer":{"name":"SFYTGE","id":"RFC-GEN620601DTA"},"payee":{"name":"DESARROLLO Y CONSTRUCCIONES URBANAS, S.A. DE C.V.","id":"DCU801124B41"}},{"id":"EST-2020-03-066","date":"2020-03-04T13:31:56-06:00","value":{"amount":333976.4,"currency":"MXN"},"payer":{"name":"SFYTGE","id":"RFC-GEN620601DTA"},"payee":{"name":"DESARROLLO Y CONSTRUCCIONES URBANAS, S.A. DE C.V.","id":"DCU801124B41"}},{"id":"EST-2020-03-071","date":"2020-03-05T08:47:45-06:00","value":{"amount":629233.6,"currency":"MXN"},"payer":{"name":"SFYTGE","id":"RFC-GEN620601DTA"},"payee":{"name":"DESARROLLO Y CONSTRUCCIONES URBANAS, S.A. DE C.V.","id":"DCU801124B41"}},{"id":"EST-2018-10-216","date":"2018-10-29T14:11:20-06:00","value":{"amount":1470029.38,"currency":"MXN"},"payer":{"name":"SFYTGE","id":"RFC-GEN620601DTA"},"payee":{"name":"DESARROLLO Y CONSTRUCCIONES URBANAS, S.A. DE C.V.","id":"DCU801124B41"}},{"id":"EST-2019-11-623","date":"2019-11-12T11:52:49-06:00","value":{"amount":883185.63,"currency":"MXN"},"payer":{"name":"SFYTGE","id":"RFC-GEN620601DTA"},"payee":{"name":"DESARROLLO Y CONSTRUCCIONES URBANAS, S.A. DE C.V.","id":"DCU801124B41"}},{"id":"EST-2019-11-628","date":"2019-11-12T12:36:22-06:00","value":{"amount":83264.03,"currency":"MXN"},"payer":{"name":"SFYTGE","id":"RFC-GEN620601DTA"},"payee":{"name":"DESARROLLO Y CONSTRUCCIONES URBANAS, S.A. DE C.V.","id":"DCU801124B41"}},{"id":"EST-2020-01-968","date":"2020-01-27T11:37:12-06:00","value":{"amount":387010.63,"currency":"MXN"},"payer":{"name":"SFYTGE","id":"RFC-GEN620601DTA"},"payee":{"name":"DESARROLLO Y CONSTRUCCIONES URBANAS, S.A. DE C.V.","id":"DCU801124B41"}},{"id":"EST-2020-01-971","date":"2020-01-27T12:14:38-06:00","value":{"amount":36709.59,"currency":"MXN"},"payer":{"name":"SFYTGE","id":"RFC-GEN620601DTA"},"payee":{"name":"DESARROLLO Y CONSTRUCCIONES URBANAS, S.A. DE C.V.","id":"DCU801124B41"}},{"id":"EST-2020-01-972","date":"2020-01-27T12:19:27-06:00","value":{"amount":101191.42,"currency":"MXN"},"payer":{"name":"SFYTGE","id":"RFC-GEN620601DTA"},"payee":{"name":"DESARROLLO Y CONSTRUCCIONES URBANAS, S.A. DE C.V.","id":"DCU801124B41"}},{"id":"EST-2020-03-068","date":"2020-03-04T13:40:44-06:00","value":{"amount":116287.26,"currency":"MXN"},"payer":{"name":"SFYTGE","id":"RFC-GEN620601DTA"},"payee":{"name":"DESARROLLO Y CONSTRUCCIONES URBANAS, S.A. DE C.V.","id":"DCU801124B41"}},{"id":"EST-2020-03-069","date":"2020-03-05T08:24:12-06:00","value":{"amount":76065.4,"currency":"MXN"},"payer":{"name":"SFYTGE","id":"RFC-GEN620601DTA"},"payee":{"name":"DESARROLLO Y CONSTRUCCIONES URBANAS, S.A. DE C.V.","id":"DCU801124B41"}},{"id":"EST-2018-11-294","date":"2018-11-20T11:39:45-06:00","value":{"amount":1388641.05,"currency":"MXN"},"payer":{"name":"SFYTGE","id":"RFC-GEN620601DTA"},"payee":{"name":"DESARROLLO Y CONSTRUCCIONES URBANAS, S.A. DE C.V.","id":"DCU801124B41"}},{"id":"EST-2019-12-729","date":"2019-12-03T13:32:01-06:00","value":{"amount":333751.01,"currency":"MXN"},"payer":{"name":"SFYTGE","id":"RFC-GEN620601DTA"},"payee":{"name":"DESARROLLO Y CONSTRUCCIONES URBANAS, S.A. DE C.V.","id":"DCU801124B41"}},{"id":"EST-2019-12-732","date":"2019-12-03T14:14:03-06:00","value":{"amount":213096.13,"currency":"MXN"},"payer":{"name":"SFYTGE","id":"RFC-GEN620601DTA"},"payee":{"name":"DESARROLLO Y CONSTRUCCIONES URBANAS, S.A. DE C.V.","id":"DCU801124B41"}},{"id":"EST-2020-02-017","date":"2020-02-18T13:15:32-06:00","value":{"amount":503693.27,"currency":"MXN"},"payer":{"name":"SFYTGE","id":"RFC-GEN620601DTA"},"payee":{"name":"DESARROLLO Y CONSTRUCCIONES URBANAS, S.A. DE C.V.","id":"DCU801124B41"}},{"id":"EST-2018-12-397","date":"2018-12-03T11:33:30-06:00","value":{"amount":664626.42,"currency":"MXN"},"payer":{"name":"SFYTGE","id":"RFC-GEN620601DTA"},"payee":{"name":"DESARROLLO Y CONSTRUCCIONES URBANAS, S.A. DE C.V.","id":"DCU801124B41"}},{"id":"EST-2020-01-969","date":"2020-01-27T11:47:01-06:00","value":{"amount":162252.85,"currency":"MXN"},"payer":{"name":"SFYTGE","id":"RFC-GEN620601DTA"},"payee":{"name":"DESARROLLO Y CONSTRUCCIONES URBANAS, S.A. DE C.V.","id":"DCU801124B41"}},{"id":"EST-2020-01-973","date":"2020-01-27T12:24:59-06:00","value":{"amount":67121.69,"currency":"MXN"},"payer":{"name":"SFYTGE","id":"RFC-GEN620601DTA"},"payee":{"name":"DESARROLLO Y CONSTRUCCIONES URBANAS, S.A. DE C.V.","id":"DCU801124B41"}},{"id":"EST-2020-03-063","date":"2020-03-04T13:14:01-06:00","value":{"amount":332889.11,"currency":"MXN"},"payer":{"name":"SFYTGE","id":"RFC-GEN620601DTA"},"payee":{"name":"DESARROLLO Y CONSTRUCCIONES URBANAS, S.A. DE C.V.","id":"DCU801124B41"}},{"id":"EST-2019-01-661","date":"2019-01-15T12:18:09-06:00","value":{"amount":1858417.32,"currency":"MXN"},"payer":{"name":"SFYTGE","id":"RFC-GEN620601DTA"},"payee":{"name":"DESARROLLO Y CONSTRUCCIONES URBANAS, S.A. DE C.V.","id":"DCU801124B41"}},{"id":"EST-2020-02-015","date":"2020-02-18T12:42:16-06:00","value":{"amount":385740.59,"currency":"MXN"},"payer":{"name":"SFYTGE","id":"RFC-GEN620601DTA"},"payee":{"name":"DESARROLLO Y CONSTRUCCIONES URBANAS, S.A. DE C.V.","id":"DCU801124B41"}},{"id":"EST-2019-02-693","date":"2019-02-07T09:53:46-06:00","value":{"amount":3619201.3,"currency":"MXN"},"payer":{"name":"SFYTGE","id":"RFC-GEN620601DTA"},"payee":{"name":"DESARROLLO Y CONSTRUCCIONES URBANAS, S.A. DE C.V.","id":"DCU801124B41"}},{"id":"EST-2020-03-065","date":"2020-03-04T13:26:35-06:00","value":{"amount":436294.28,"currency":"MXN"},"payer":{"name":"SFYTGE","id":"RFC-GEN620601DTA"},"payee":{"name":"DESARROLLO Y CONSTRUCCIONES URBANAS, S.A. DE C.V.","id":"DCU801124B41"}},{"id":"EST-2019-02-722","date":"2019-02-19T09:26:30-06:00","value":{"amount":11487394.32,"currency":"MXN"},"payer":{"name":"SFYTGE","id":"RFC-GEN620601DTA"},"payee":{"name":"DESARROLLO Y CONSTRUCCIONES URBANAS, S.A. DE C.V.","id":"DCU801124B41"}},{"id":"EST-2019-02-760","date":"2019-02-28T09:43:27-06:00","value":{"amount":1361808.38,"currency":"MXN"},"payer":{"name":"SFYTGE","id":"RFC-GEN620601DTA"},"payee":{"name":"DESARROLLO Y CONSTRUCCIONES URBANAS, S.A. DE C.V.","id":"DCU801124B41"}},{"id":"EST-2019-04-986","date":"2019-04-01T11:54:18-06:00","value":{"amount":5818472.05,"currency":"MXN"},"payer":{"name":"SFYTGE","id":"RFC-GEN620601DTA"},"payee":{"name":"DESARROLLO Y CONSTRUCCIONES URBANAS, S.A. DE C.V.","id":"DCU801124B41"}},{"id":"EST-2019-05-034","date":"2019-05-07T16:41:34-05:00","value":{"amount":1502484.69,"currency":"MXN"},"payer":{"name":"SFYTGE","id":"RFC-GEN620601DTA"},"payee":{"name":"DESARROLLO Y CONSTRUCCIONES URBANAS, S.A. DE C.V.","id":"DCU801124B41"}},{"id":"EST-2019-05-084","date":"2019-05-23T10:31:07-05:00","value":{"amount":2766772.35,"currency":"MXN"},"payer":{"name":"SFYTGE","id":"RFC-GEN620601DTA"},"payee":{"name":"DESARROLLO Y CONSTRUCCIONES URBANAS, S.A. DE C.V.","id":"DCU801124B41"}},{"id":"EST-2019-06-167","date":"2019-06-21T10:46:30-05:00","value":{"amount":2201387.72,"currency":"MXN"},"payer":{"name":"SFYTGE","id":"RFC-GEN620601DTA"},"payee":{"name":"DESARROLLO Y CONSTRUCCIONES URBANAS, S.A. DE C.V.","id":"DCU801124B41"}},{"id":"EST-2019-07-270","date":"2019-07-26T10:45:43-05:00","value":{"amount":1910895.87,"currency":"MXN"},"payer":{"name":"SFYTGE","id":"RFC-GEN620601DTA"},"payee":{"name":"DESARROLLO Y CONSTRUCCIONES URBANAS, S.A. DE C.V.","id":"DCU801124B41"}},{"id":"EST-2019-09-480","date":"2019-09-23T10:35:36-05:00","value":{"amount":1667123.77,"currency":"MXN"},"payer":{"name":"SFYTGE","id":"RFC-GEN620601DTA"},"payee":{"name":"DESARROLLO Y CONSTRUCCIONES URBANAS, S.A. DE C.V.","id":"DCU801124B41"}},{"id":"EST-2019-10-534","date":"2019-10-14T09:41:06-05:00","value":{"amount":1954942.56,"currency":"MXN"},"payer":{"name":"SFYTGE","id":"RFC-GEN620601DTA"},"payee":{"name":"DESARROLLO Y CONSTRUCCIONES URBANAS, S.A. DE C.V.","id":"DCU801124B41"}},{"id":"EST-2019-11-617","date":"2019-11-11T10:16:25-06:00","value":{"amount":1302115.5,"currency":"MXN"},"payer":{"name":"SFYTGE","id":"RFC-GEN620601DTA"},"payee":{"name":"DESARROLLO Y CONSTRUCCIONES URBANAS, S.A. DE C.V.","id":"DCU801124B41"}},{"id":"EST-2019-12-726","date":"2019-12-03T12:46:35-06:00","value":{"amount":1507026.79,"currency":"MXN"},"payer":{"name":"SFYTGE","id":"RFC-GEN620601DTA"},"payee":{"name":"DESARROLLO Y CONSTRUCCIONES URBANAS, S.A. DE C.V.","id":"DCU801124B41"}},{"id":"EST-2020-01-965","date":"2020-01-27T10:10:02-06:00","value":{"amount":579988.35,"currency":"MXN"},"payer":{"name":"SFYTGE","id":"RFC-GEN620601DTA"},"payee":{"name":"DESARROLLO Y CONSTRUCCIONES URBANAS, S.A. DE C.V.","id":"DCU801124B41"}},{"id":"EST-2020-01-979","date":"2020-01-30T13:51:39-06:00","value":{"amount":825267.87,"currency":"MXN"},"payer":{"name":"SFYTGE","id":"RFC-GEN620601DTA"},"payee":{"name":"DESARROLLO Y CONSTRUCCIONES URBANAS, S.A. DE C.V.","id":"DCU801124B41"}},{"id":"EST-2020-02-013","date":"2020-02-18T11:31:07-06:00","value":{"amount":972322.78,"currency":"MXN"},"payer":{"name":"SFYTGE","id":"RFC-GEN620601DTA"},"payee":{"name":"DESARROLLO Y CONSTRUCCIONES URBANAS, S.A. DE C.V.","id":"DCU801124B41"}},{"id":"EST-2020-03-062","date":"2020-03-04T12:39:41-06:00","value":{"amount":351552.34,"currency":"MXN"},"payer":{"name":"SFYTGE","id":"RFC-GEN620601DTA"},"payee":{"name":"DESARROLLO Y CONSTRUCCIONES URBANAS, S.A. DE C.V.","id":"DCU801124B41"}}],"documents":[]},"milestones":[],"contractAmendments":[{"id":"1804003-MT-201972","contractAmendmentType":"Monto y Tiempo","date":"2019-05-16T00:00:00-05:00","previousPeriod":{"startDate":"0001-01-01T00:00:00-06:00","endDate":"0001-01-01T00:00:00-06:00","maxExtentDate":"0001-01-01T00:00:00","durationInDays":0},"actualPeriod":{"startDate":"0001-01-01T00:00:00-06:00","endDate":"0001-01-01T00:00:00-06:00","maxExtentDate":"0001-01-01T00:00:00","durationInDays":0},"previousValue":{"amount":0.0,"currency":"MXN"},"actualValue":{"amount":0.0,"currency":"MXN"}},{"id":"1804003-MT-201972","contractAmendmentType":"Monto y Tiempo","date":"2018-11-12T00:00:00-06:00","previousPeriod":{"startDate":"0001-01-01T00:00:00-06:00","endDate":"0001-01-01T00:00:00-06:00","maxExtentDate":"0001-01-01T00:00:00","durationInDays":0},"actualPeriod":{"startDate":"0001-01-01T00:00:00-06:00","endDate":"0001-01-01T00:00:00-06:00","maxExtentDate":"0001-01-01T00:00:00","durationInDays":0},"previousValue":{"amount":0.0,"currency":"MXN"},"actualValue":{"amount":0.0,"currency":"MXN"}},{"id":"1804003-UT-201972","contractAmendmentType":"Tiempo","date":"2018-08-31T00:00:00-05:00","previousPeriod":{"startDate":"0001-01-01T00:00:00-06:00","endDate":"0001-01-01T00:00:00-06:00","maxExtentDate":"0001-01-01T00:00:00","durationInDays":0},"actualPeriod":{"startDate":"0001-01-01T00:00:00-06:00","endDate":"0001-01-01T00:00:00-06:00","maxExtentDate":"0001-01-01T00:00:00","durationInDays":0},"previousValue":{"amount":0.0,"currency":"MXN"},"actualValue":{"amount":0.0,"currency":"MXN"}},{"id":"1804003-UM-201972","contractAmendmentType":"Monto","date":"2018-07-12T00:00:00-05:00","previousPeriod":{"startDate":"0001-01-01T00:00:00-06:00","endDate":"0001-01-01T00:00:00-06:00","maxExtentDate":"0001-01-01T00:00:00","durationInDays":0},"actualPeriod":{"startDate":"0001-01-01T00:00:00-06:00","endDate":"0001-01-01T00:00:00-06:00","maxExtentDate":"0001-01-01T00:00:00","durationInDays":0},"previousValue":{"amount":0.0,"currency":"MXN"},"actualValue":{"amount":0.0,"currency":"MXN"}}]}],"language":"es"}}]}