{"uri":"http://si.nl.gob.mx/Acceso/DatosAbiertos/000007/SINL-CPE-029-2018/v001/RecordPackage-ocds-7wj9x5-SINL-CPE-029-2018-v001-contract.json","publisher":{"scheme":"GB-COH","uid":"","name":"Secretaría de Infraestructura del Estado de Nuevo León","uri":"http://si.nl.gob.mx"},"publishedDate":"2020-03-24T21:21:50.5987932-06:00","license":"https://datos.gob.mx/libreusomx","publicationPolicy":"http://si.nl.gob.mx","version":"1.1","packages":["https://raw.githubusercontent.com/INAImexico/ocds_requestForQuotes_extension/master/extension.json"],"records":[{"ocid":"ocds-7wj9x5-SINL-CPE-029-2018001","releases":[{"url":"http://si.nl.gob.mx/Acceso/DatosAbiertos/000007/SINL-CPE-029-2018/v001/Release-ocds-7wj9x5-SINL-CPE-029-2018-v001-contract.json","date":"2020-03-24T21:21:50.547-06:00","tag":["tender"]}],"compiledRelease":{"ocid":"ocds-7wj9x5-SINL-CPE-029-2018-v001","id":"ocds-7wj9x5-SINL-CPE-029-2018-v001-contract","date":"2020-03-24T21:21:50.5458946-06:00","tag":["planning","tender","award","contract"],"initiationType":"tender","parties":[{"name":"Secretaría de Desarrollo Social","id":"SIASI-000012","identifier":{"scheme":"SIASI","legalName":"SISTEMA INTEGRAL DE ADMINISTRACIÓN DE LA SECRETARÍA DE INFRAESTRUCTURA"},"address":{"streetAddress":"Washington","locality":"Monterrey","region":"Nuevo León","postalCode":"64010","countryName":"México"},"contactPoint":{"name":"GENARO ALANÍS DE LA FUENTE","email":"genaro.alanis@nuevoleon.gob.mx","telephone":"8120206730","url":"http://www.nl.gob.mx/desarrollosocial"},"roles":["buyer"]},{"name":"SECRETARIA DE INFRAESTRUCTURA","id":"SIASI-000011","identifier":{"scheme":"SIASI","legalName":"SISTEMA INTEGRAL DE ADMINISTRACIÓN DE LA SECRETARÍA DE INFRAESTRUCTURA"},"address":{"streetAddress":"WASHIGTON 648 OTE","locality":"MONTERREY","region":"NUEVO LEÓN","postalCode":"64000","countryName":"MÉXICO"},"contactPoint":{"name":"HUMBERTO TORRES PADILLA","email":"salvador.perez @nuevoleon.gob.mx","telephone":"8120206730","url":"http://si.nl.gob.mx/"},"roles":["procuringEntity"]},{"name":"SECRETARIA DE FINANZAS Y TESORERIA GENERAL DEL ESTADO DE NUEVO LEON","id":"SIASI-000004","identifier":{"scheme":"SIASI","legalName":"SISTEMA INTEGRAL DE ADMINISTRACIÓN DE LA SECRETARÍA DE INFRAESTRUCTURA"},"address":{"streetAddress":"ESCOBEDO SUR PISO 3 333","locality":"MONTERREY","region":"NUEVO LEÓN","postalCode":"64000","countryName":"MÉXICO"},"contactPoint":{"name":"Jesús Salvador Pérez Rodríguez","email":"salvador.perez @nuevoleon.gob.mx","telephone":"8120206730","url":"http://www.nl.gob.mx/tesoreria"},"roles":["payer"]},{"name":"COMAR CONSTRUCCIONES, S.A. DE C.V.","id":"RFC-CCO970305AZ3","identifier":{"scheme":"RFC","id":"CCO970305AZ3","legalName":"REGISTRO FEDERAL DE CONTRIBUYENTES"},"address":{"streetAddress":"CALANDRIA  5027","locality":"GUADALUPE","postalCode":"67183"},"contactPoint":{"name":"EDGAR ALBERTO MARTINEZ OROZCO","telephone":"8183934452"},"roles":["tenderer"]},{"name":"CONSTRUCTORA Y URBANIZADORA REGIOMONTANA, S.A. DE C.V.","id":"RFC-CUR950920ER0","identifier":{"scheme":"RFC","id":"CUR950920ER0","legalName":"REGISTRO FEDERAL DE CONTRIBUYENTES"},"address":{"streetAddress":"PROLONGACION ALFONSO REYES 2612 24","locality":"MONTERREY","postalCode":"64750"},"contactPoint":{"name":"JULIAN AGUSTIN ALONSO MARIN","telephone":"8110990847"},"roles":["tenderer"]},{"name":"LOTREJA, S.A. DE C.V. Y TORDEC, S.A. DE C.V. (PARTICIPACIÓN CONJUNTA)","id":"RFC-SIN DATO-C67CF7E6-F3F3-4547-8BA8-C1FFF2327CF0","identifier":{"scheme":"RFC","id":"SIN DATO-C67CF7E6-F3F3-4547-8BA8-C1FFF2327CF0","legalName":"REGISTRO FEDERAL DE CONTRIBUYENTES"},"address":{"locality":"SAN PEDRO GARZA GARCÍA","postalCode":"66267"},"contactPoint":{"name":"ING LUIS MARTIN CASTILLO HERRERA","telephone":"20 00 18 41"},"roles":["tenderer"]},{"name":"VIAS Y DESARROLLOS, S.A. DE C.V.","id":"RFC-VDE970512PX0","identifier":{"scheme":"RFC","id":"VDE970512PX0","legalName":"REGISTRO FEDERAL DE CONTRIBUYENTES"},"address":{"streetAddress":"SIMON DE HERRERA Y LEYVA  216","locality":"MONTERREY","postalCode":"64380"},"contactPoint":{"name":"ESTEBAN PEREZ CANEDO","telephone":"8113148529"},"roles":["tenderer","supplier"]}],"buyer":{"id":"SIASI-000012","name":"Secretaría de Desarrollo Social"},"planning":{"rationale":"50,000","numberOfBeneficiaries":0,"budget":{"id":"10012","amount":{"amount":49990000.0,"currency":"MXN"},"project":"Construcción de Centro de Salud de Servicios Ampliados de Juárez, en el municipio de Juárez, N.L.","projectID":"PEI-0151/2018"},"documents":[{"id":"902","documentType":"Estudio de mercado","title":"Estudio de mercado","description":"Estudio de mercado","url":"http://si.nl.gob.mx/Acceso/DatosAbiertos/DocumentosPublicos/000007/SINL-CPE-029-2018/01. Planeación/Estudio de mercado.pdf","datePublished":"2020-03-21T18:03:05.117-06:00","dateModified":"0001-01-01T00:00:00-06:00","format":"application/pdf","language":"es","x_section":"planning"},{"id":"903","documentType":"Proyecto ejecutivo","title":"Proyecto ejecutivo","description":"Proyecto ejecutivo","url":"http://si.nl.gob.mx/Acceso/DatosAbiertos/DocumentosPublicos/000007/SINL-CPE-029-2018/01. Planeación/Proyecto ejecutivo.rar","datePublished":"2020-03-21T18:03:05.127-06:00","dateModified":"0001-01-01T00:00:00-06:00","format":"application/vnd.rar","language":"es","x_section":"planning"}]},"tender":{"id":"SINL-CPE-029-2018","title":"Construcción de Centro de Salud de Servicios Ampliados de Juárez, en el municipio de Juárez, N.L.","description":"Construcción de Centro de Salud de Servicios Ampliados de Juárez, en el municipio de Juárez, N.L.","status":"complete","procuringEntity":{"name":"SECRETARIA DE INFRAESTRUCTURA","id":"SIASI-000011"},"value":{"amount":49990000.0,"currency":"MXN"},"minValue":{"amount":0.0,"currency":"MXN"},"procurementMethod":"open","procurementMethodDetails":"Licitación Estatal","procurementMethodRationale":"Justificación para el método de compra elegido","mainProcurementCategory":"goods","additionalProcurementCategories":["ND"],"awardCriteria":"ratedCriteria","awardCriteriaDetails":"Para la adjudicación del contrato LA DEPENDENCIA efectuará un análisis comparativo de las propuestas admitidas que no fueron desechadas en el aspecto legal, técnico o económico y elaborará un dictamen en el que se tomaran en cuenta los criterios generales de adjudicación expresados en la Convocatoria.","submissionMethod":["inPerson"],"submissionMethodDetails":"El representante del licitante deberá presentar en persona su oferta escrita en sobre cerrado","tenderPeriod":{"startDate":"2018-07-13T00:00:00-05:00","endDate":"2018-07-13T00:00:00-05:00","maxExtentDate":"2018-07-13T00:00:00-05:00","durationInDays":0},"enquiryPeriod":{"startDate":"2018-07-13T00:00:00-05:00","endDate":"2018-08-07T00:00:00-05:00","maxExtentDate":"2018-08-07T00:00:00-05:00","durationInDays":25},"hasEnquiries":true,"eligibilityCriteria":"El criterio establecido por los artículos 54 y 55 de la Ley de obras públicas para el estado y municipios de Nuevo León","awardPeriod":{"startDate":"2018-09-05T00:00:00-05:00","endDate":"2018-09-05T00:00:00-05:00","maxExtentDate":"2018-10-05T00:00:00-05:00","durationInDays":0},"contractPeriod":{"startDate":"2018-09-05T00:00:00-05:00","endDate":"2018-09-05T00:00:00-05:00","maxExtentDate":"2018-09-12T00:00:00-05:00","durationInDays":0},"numberOfTenderers":4,"tenderers":[{"name":"COMAR CONSTRUCCIONES, S.A. DE C.V.","id":"RFC-CCO970305AZ3"},{"name":"CONSTRUCTORA Y URBANIZADORA REGIOMONTANA, S.A. DE C.V.","id":"RFC-CUR950920ER0"},{"name":"LOTREJA, S.A. DE C.V. Y TORDEC, S.A. DE C.V. (PARTICIPACIÓN CONJUNTA)","id":"RFC-SIN DATO-E2850CA8-E964-4CCD-979A-DE10165C314E"},{"name":"VIAS Y DESARROLLOS, S.A. DE C.V.","id":"RFC-VDE970512PX0"}],"documents":[{"id":"904","documentType":"Acta de juntas de aclaraciones a las preguntas de los licitantes","title":"Acta de juntas de aclaraciones a las preguntas de los licitantes","description":"Acta de juntas de aclaraciones a las preguntas de los licitantes","url":"http://si.nl.gob.mx/Acceso/DatosAbiertos/DocumentosPublicos/000007/SINL-CPE-029-2018/02. Invitación/Acta de juntas de aclaraciones a las preguntas de los licitantes.pdf","datePublished":"2020-03-21T18:03:05.14-06:00","dateModified":"0001-01-01T00:00:00-06:00","format":"application/pdf","language":"es","x_section":"tender"},{"id":"905","documentType":"Acta de juntas de aclaraciones a las preguntas de los licitantes","title":"Acta de juntas de aclaraciones a las preguntas de los licitantes","description":"Acta de juntas de aclaraciones a las preguntas de los licitantes","url":"http://si.nl.gob.mx/Acceso/DatosAbiertos/DocumentosPublicos/000007/SINL-CPE-029-2018/02. Invitación/Acta de juntas de aclaraciones a las preguntas de los licitantes_01.pdf","datePublished":"2020-03-21T18:03:05.153-06:00","dateModified":"0001-01-01T00:00:00-06:00","format":"application/pdf","language":"es","x_section":"tender"},{"id":"906","documentType":"Acta de juntas de aclaraciones a las preguntas de los licitantes","title":"Acta de juntas de aclaraciones a las preguntas de los licitantes","description":"Acta de juntas de aclaraciones a las preguntas de los licitantes","url":"http://si.nl.gob.mx/Acceso/DatosAbiertos/DocumentosPublicos/000007/SINL-CPE-029-2018/02. Invitación/Acta de juntas de aclaraciones a las preguntas de los licitantes_02.pdf","datePublished":"2020-03-21T18:03:05.163-06:00","dateModified":"0001-01-01T00:00:00-06:00","format":"application/pdf","language":"es","x_section":"tender"},{"id":"907","documentType":"Acta de juntas de aclaraciones a las preguntas de los licitantes","title":"Acta de juntas de aclaraciones a las preguntas de los licitantes","description":"Acta de juntas de aclaraciones a las preguntas de los licitantes","url":"http://si.nl.gob.mx/Acceso/DatosAbiertos/DocumentosPublicos/000007/SINL-CPE-029-2018/02. Invitación/Acta de juntas de aclaraciones a las preguntas de los licitantes_03.pdf","datePublished":"2020-03-21T18:03:05.173-06:00","dateModified":"0001-01-01T00:00:00-06:00","format":"application/pdf","language":"es","x_section":"tender"},{"id":"908","documentType":"Acta de presentación y apertura de propuestas de licitaciones","title":"Acta de presentación y apertura de propuestas de licitaciones","description":"Acta de presentación y apertura de propuestas de licitaciones","url":"http://si.nl.gob.mx/Acceso/DatosAbiertos/DocumentosPublicos/000007/SINL-CPE-029-2018/02. Invitación/Acta de presentación y apertura de propuestas de licitaciones.pdf","datePublished":"2020-03-21T18:03:05.187-06:00","dateModified":"0001-01-01T00:00:00-06:00","format":"application/pdf","language":"es","x_section":"tender"},{"id":"909","documentType":"Acta de presentación y apertura de propuestas de licitaciones","title":"Acta de presentación y apertura de propuestas de licitaciones","description":"Acta de presentación y apertura de propuestas de licitaciones","url":"http://si.nl.gob.mx/Acceso/DatosAbiertos/DocumentosPublicos/000007/SINL-CPE-029-2018/02. Invitación/Acta de presentación y apertura de propuestas de licitaciones_01.pdf","datePublished":"2020-03-21T18:03:05.2-06:00","dateModified":"0001-01-01T00:00:00-06:00","format":"application/pdf","language":"es","x_section":"tender"},{"id":"910","documentType":"Anexos de Convocatoria","title":"Anexos de Convocatoria","description":"Anexos de Convocatoria","url":"http://si.nl.gob.mx/Acceso/DatosAbiertos/DocumentosPublicos/000007/SINL-CPE-029-2018/02. Invitación/Anexos de Convocatoria.zip","datePublished":"2020-03-21T18:03:05.217-06:00","dateModified":"0001-01-01T00:00:00-06:00","format":"application/zip","language":"es","x_section":"tender"},{"id":"911","documentType":"Convocatoria de licitaciones","title":"Convocatoria de licitaciones","description":"Convocatoria de licitaciones","url":"http://si.nl.gob.mx/Acceso/DatosAbiertos/DocumentosPublicos/000007/SINL-CPE-029-2018/02. Invitación/Convocatoria de licitaciones.pdf","datePublished":"2020-03-21T18:03:05.233-06:00","dateModified":"0001-01-01T00:00:00-06:00","format":"application/pdf","language":"es","x_section":"tender"},{"id":"912","documentType":"Pre-bases de licitaciones","title":"Pre-bases de licitaciones","description":"Pre-bases de licitaciones","url":"http://si.nl.gob.mx/Acceso/DatosAbiertos/DocumentosPublicos/000007/SINL-CPE-029-2018/02. Invitación/Pre-bases de licitaciones.pdf","datePublished":"2020-03-21T18:03:05.247-06:00","dateModified":"0001-01-01T00:00:00-06:00","format":"application/pdf","language":"es","x_section":"tender"},{"id":"913","documentType":"Registro de asistencia de la visita a las instalaciones","title":"Registro de asistencia de la visita a las instalaciones","description":"Registro de asistencia de la visita a las instalaciones","url":"http://si.nl.gob.mx/Acceso/DatosAbiertos/DocumentosPublicos/000007/SINL-CPE-029-2018/02. Invitación/Registro de asistencia de la visita a las instalaciones.pdf","datePublished":"2020-03-21T18:03:05.263-06:00","dateModified":"0001-01-01T00:00:00-06:00","format":"application/pdf","language":"es","x_section":"tender"},{"id":"914","documentType":"Resumen de convocatoria a la licitación pública","title":"Resumen de convocatoria a la licitación pública","description":"Resumen de convocatoria a la licitación pública","url":"http://si.nl.gob.mx/Acceso/DatosAbiertos/DocumentosPublicos/000007/SINL-CPE-029-2018/02. Invitación/Resumen de convocatoria a la licitación pública.pdf","datePublished":"2020-03-21T18:03:05.28-06:00","dateModified":"0001-01-01T00:00:00-06:00","format":"application/pdf","language":"es","x_section":"tender"}],"milestones":[{"id":"SINL-CPE-029-2018-14802","title":"APERTURA ECONÓMICA","type":"assessment","description":"APERTURA ECONÓMICA","code":"APERTURA ECONÓMICA","dueDate":"2018-08-30T10:00:00-05:00","dateMet":"2018-08-30T10:00:00-05:00","dateModified":"2018-08-30T10:00:00-05:00","status":"met"},{"id":"SINL-CPE-029-2018-14692","title":"CONVOCATORIA","type":"preProcurement","description":"CONVOCATORIA","code":"CONVOCATORIA","dueDate":"2018-07-10T08:00:00-05:00","dateMet":"2018-07-10T08:00:00-05:00","dateModified":"2018-07-10T08:00:00-05:00","status":"met"},{"id":"SINL-CPE-029-2018-14693","title":"VISITA A LA OBRA","type":"preProcurement","description":"VISITA A LA OBRA","code":"VISITA A LA OBRA","dueDate":"2018-07-10T08:00:00-05:00","dateMet":"2018-07-10T08:00:00-05:00","dateModified":"2018-07-10T08:00:00-05:00","status":"met"},{"id":"SINL-CPE-029-2018-14694","title":"JUNTA DE ACLARACIONES","type":"preProcurement","description":"JUNTA DE ACLARACIONES","code":"JUNTA DE ACLARACIONES","dueDate":"2018-08-07T14:00:00-05:00","dateMet":"2018-08-07T14:00:00-05:00","dateModified":"2018-08-07T14:00:00-05:00","status":"met"},{"id":"SINL-CPE-029-2018-14696","title":"APERTURA TÉCNICA","type":"assessment","description":"APERTURA TÉCNICA","code":"APERTURA TÉCNICA","dueDate":"2018-08-07T10:00:00-05:00","dateMet":"2018-08-07T10:00:00-05:00","dateModified":"2018-08-07T10:00:00-05:00","status":"met"},{"id":"SINL-CPE-029-2018-14697","title":"APERTURA ECONÓMICA","type":"assessment","description":"APERTURA ECONÓMICA","code":"APERTURA ECONÓMICA","dueDate":"2018-08-07T10:00:00-05:00","dateMet":"2018-08-07T10:00:00-05:00","dateModified":"2018-08-07T10:00:00-05:00","status":"met"},{"id":"SINL-CPE-029-2018-14698","title":"FALLO","type":"engagement","description":"FALLO","code":"FALLO","dueDate":"2018-08-28T12:00:00-05:00","dateMet":"2018-08-28T12:00:00-05:00","dateModified":"2018-08-28T12:00:00-05:00","status":"met"}]},"awards":[{"id":"SINL-CPE-029-2018","title":"Construcción de Centro de Salud de Servicios Ampliados de Juárez, en el municipio de Juárez, N.L.","description":"Construcción de Centro de Salud de Servicios Ampliados de Juárez, en el municipio de Juárez, N.L.","status":"active","date":"2018-09-05T00:00:00-05:00","value":{"amount":49888321.21,"currency":"MXN"},"suppliers":[{"id":"RFC-VDE970512PX0","name":"VIAS Y DESARROLLOS, S.A. DE C.V."}],"contractPeriod":{"startDate":"2018-09-20T00:00:00-05:00","endDate":"2018-12-20T00:00:00-06:00","maxExtentDate":"0001-01-01T00:00:00","durationInDays":91},"documents":[{"id":"915","documentType":"Fallo de licitaciones","title":"Fallo de licitaciones","description":"Fallo de licitaciones","url":"http://si.nl.gob.mx/Acceso/DatosAbiertos/DocumentosPublicos/000007/SINL-CPE-029-2018/03. Adjudicación/Fallo de licitaciones.pdf","datePublished":"2020-03-21T18:03:05.297-06:00","dateModified":"0001-01-01T00:00:00-06:00","format":"application/pdf","language":"es","x_section":"award"},{"id":"916","documentType":"Oferta Ganadora","title":"Oferta Ganadora","description":"Oferta Ganadora","url":"http://si.nl.gob.mx/Acceso/DatosAbiertos/DocumentosPublicos/000007/SINL-CPE-029-2018/03. Adjudicación/Oferta Ganadora.rar","datePublished":"2020-03-21T18:03:05.327-06:00","dateModified":"0001-01-01T00:00:00-06:00","format":"application/vnd.rar","language":"es","x_section":"award"},{"id":"917","documentType":"Resultado de las evaluaciones de la licitación","title":"Resultado de las evaluaciones de la licitación","description":"Resultado de las evaluaciones de la licitación","url":"http://si.nl.gob.mx/Acceso/DatosAbiertos/DocumentosPublicos/000007/SINL-CPE-029-2018/03. Adjudicación/Resultado de las evaluaciones de la licitación.pdf","datePublished":"2020-03-21T18:03:05.343-06:00","dateModified":"0001-01-01T00:00:00-06:00","format":"application/pdf","language":"es","x_section":"award"}]}],"contracts":[{"id":"1809003","awardID":"SINL-CPE-029-2018","title":"Construcción de Centro de Salud de Servicios Ampliados de Juárez, en el municipio de Juárez, N.L.","description":"Construcción de Centro de Salud de Servicios Ampliados de Juárez, en el municipio de Juárez, N.L.","status":"terminated","x_financial_advance":100.0,"x_physical_advance":100.0,"period":{"startDate":"2018-09-20T00:00:00-05:00","endDate":"2018-12-20T00:00:00-06:00","maxExtentDate":"0001-01-01T00:00:00-06:00","durationInDays":91},"value":{"amount":49884575.7,"currency":"MXN"},"x_estimatedPhysicalProgress":100.0,"x_observedPhysicalProgress":100.0,"items":[{"id":"000001416","description":"001 CONSTR. CENTRO DE SALUD PRELIMINARES","classification":{"scheme":"UNCEFACT","id":"000001416","description":"Catálogo de Conceptos Universal de la Secretaría de Infraestructura del Estado de Nuevo León","uri":"http://si.nl.gob.mx/CatalogoDeConceptosUniversal"},"quantity":1.0,"unit":{"scheme":"SINL-CU","id":"000000221","name":"LOTE","value":{"amount":1685700.1737,"currency":"MXN"},"uri":"http://si.nl.gob.mx/CatalogoUnidades"}},{"id":"000006505","description":"002 ALBAÑILERÍA","classification":{"scheme":"UNCEFACT","id":"000006505","description":"Catálogo de Conceptos Universal de la Secretaría de Infraestructura del Estado de Nuevo León","uri":"http://si.nl.gob.mx/CatalogoDeConceptosUniversal"},"quantity":1.0,"unit":{"scheme":"SINL-CU","id":"000000221","name":"LOTE","value":{"amount":955009.5267,"currency":"MXN"},"uri":"http://si.nl.gob.mx/CatalogoUnidades"}},{"id":"000006195","description":"003 ACABADOS","classification":{"scheme":"UNCEFACT","id":"000006195","description":"Catálogo de Conceptos Universal de la Secretaría de Infraestructura del Estado de Nuevo León","uri":"http://si.nl.gob.mx/CatalogoDeConceptosUniversal"},"quantity":1.0,"unit":{"scheme":"SINL-CU","id":"000000221","name":"LOTE","value":{"amount":3157433.72,"currency":"MXN"},"uri":"http://si.nl.gob.mx/CatalogoUnidades"}},{"id":"000006038","description":"004 APARATOS Y ACCESORIOS SANITARIOS","classification":{"scheme":"UNCEFACT","id":"000006038","description":"Catálogo de Conceptos Universal de la Secretaría de Infraestructura del Estado de Nuevo León","uri":"http://si.nl.gob.mx/CatalogoDeConceptosUniversal"},"quantity":1.0,"unit":{"scheme":"SINL-CU","id":"000000221","name":"LOTE","value":{"amount":704731.92,"currency":"MXN"},"uri":"http://si.nl.gob.mx/CatalogoUnidades"}},{"id":"000001297","description":"005 ACCESIBILIDAD","classification":{"scheme":"UNCEFACT","id":"000001297","description":"Catálogo de Conceptos Universal de la Secretaría de Infraestructura del Estado de Nuevo León","uri":"http://si.nl.gob.mx/CatalogoDeConceptosUniversal"},"quantity":1.0,"unit":{"scheme":"SINL-CU","id":"000000221","name":"LOTE","value":{"amount":26005.26,"currency":"MXN"},"uri":"http://si.nl.gob.mx/CatalogoUnidades"}},{"id":"000008663","description":"006 CANCELERÍA","classification":{"scheme":"UNCEFACT","id":"000008663","description":"Catálogo de Conceptos Universal de la Secretaría de Infraestructura del Estado de Nuevo León","uri":"http://si.nl.gob.mx/CatalogoDeConceptosUniversal"},"quantity":1.0,"unit":{"scheme":"SINL-CU","id":"000000221","name":"LOTE","value":{"amount":185696.99,"currency":"MXN"},"uri":"http://si.nl.gob.mx/CatalogoUnidades"}},{"id":"000002785","description":"007 PUERTAS","classification":{"scheme":"UNCEFACT","id":"000002785","description":"Catálogo de Conceptos Universal de la Secretaría de Infraestructura del Estado de Nuevo León","uri":"http://si.nl.gob.mx/CatalogoDeConceptosUniversal"},"quantity":1.0,"unit":{"scheme":"SINL-CU","id":"000000221","name":"LOTE","value":{"amount":556910.73,"currency":"MXN"},"uri":"http://si.nl.gob.mx/CatalogoUnidades"}},{"id":"000001295","description":"008 HERRERÍA","classification":{"scheme":"UNCEFACT","id":"000001295","description":"Catálogo de Conceptos Universal de la Secretaría de Infraestructura del Estado de Nuevo León","uri":"http://si.nl.gob.mx/CatalogoDeConceptosUniversal"},"quantity":1.0,"unit":{"scheme":"SINL-CU","id":"000000221","name":"LOTE","value":{"amount":1601308.035,"currency":"MXN"},"uri":"http://si.nl.gob.mx/CatalogoUnidades"}},{"id":"000008023","description":"009 MOBILIARIO FIJO CARPINTERÍAS","classification":{"scheme":"UNCEFACT","id":"000008023","description":"Catálogo de Conceptos Universal de la Secretaría de Infraestructura del Estado de Nuevo León","uri":"http://si.nl.gob.mx/CatalogoDeConceptosUniversal"},"quantity":1.0,"unit":{"scheme":"SINL-CU","id":"000000221","name":"LOTE","value":{"amount":160679.31,"currency":"MXN"},"uri":"http://si.nl.gob.mx/CatalogoUnidades"}},{"id":"000003413","description":"010 MOBILIARIO FIJO MÉDICO","classification":{"scheme":"UNCEFACT","id":"000003413","description":"Catálogo de Conceptos Universal de la Secretaría de Infraestructura del Estado de Nuevo León","uri":"http://si.nl.gob.mx/CatalogoDeConceptosUniversal"},"quantity":1.0,"unit":{"scheme":"SINL-CU","id":"000000221","name":"LOTE","value":{"amount":519420.41,"currency":"MXN"},"uri":"http://si.nl.gob.mx/CatalogoUnidades"}},{"id":"000005221","description":"011 OBRA EXTERIOR","classification":{"scheme":"UNCEFACT","id":"000005221","description":"Catálogo de Conceptos Universal de la Secretaría de Infraestructura del Estado de Nuevo León","uri":"http://si.nl.gob.mx/CatalogoDeConceptosUniversal"},"quantity":1.0,"unit":{"scheme":"SINL-CU","id":"000000221","name":"LOTE","value":{"amount":2854315.9453,"currency":"MXN"},"uri":"http://si.nl.gob.mx/CatalogoUnidades"}},{"id":"000006866","description":"012 AIRE ACONDICIONADO EQUIPOS","classification":{"scheme":"UNCEFACT","id":"000006866","description":"Catálogo de Conceptos Universal de la Secretaría de Infraestructura del Estado de Nuevo León","uri":"http://si.nl.gob.mx/CatalogoDeConceptosUniversal"},"quantity":1.0,"unit":{"scheme":"SINL-CU","id":"000000221","name":"LOTE","value":{"amount":3650202.96,"currency":"MXN"},"uri":"http://si.nl.gob.mx/CatalogoUnidades"}},{"id":"000008855","description":"013 DUCTERIAS Y ACCESORIOS","classification":{"scheme":"UNCEFACT","id":"000008855","description":"Catálogo de Conceptos Universal de la Secretaría de Infraestructura del Estado de Nuevo León","uri":"http://si.nl.gob.mx/CatalogoDeConceptosUniversal"},"quantity":1.0,"unit":{"scheme":"SINL-CU","id":"000000221","name":"LOTE","value":{"amount":1025055.298,"currency":"MXN"},"uri":"http://si.nl.gob.mx/CatalogoUnidades"}},{"id":"000000914","description":"014 TUBERÍAS Y ACCESORIOS","classification":{"scheme":"UNCEFACT","id":"000000914","description":"Catálogo de Conceptos Universal de la Secretaría de Infraestructura del Estado de Nuevo León","uri":"http://si.nl.gob.mx/CatalogoDeConceptosUniversal"},"quantity":1.0,"unit":{"scheme":"SINL-CU","id":"000000221","name":"LOTE","value":{"amount":1967474.58,"currency":"MXN"},"uri":"http://si.nl.gob.mx/CatalogoUnidades"}},{"id":"000000619","description":"015 INST. ELECTRICA ACOMETIDA MEDIA TENSION","classification":{"scheme":"UNCEFACT","id":"000000619","description":"Catálogo de Conceptos Universal de la Secretaría de Infraestructura del Estado de Nuevo León","uri":"http://si.nl.gob.mx/CatalogoDeConceptosUniversal"},"quantity":1.0,"unit":{"scheme":"SINL-CU","id":"000000221","name":"LOTE","value":{"amount":1060882.0,"currency":"MXN"},"uri":"http://si.nl.gob.mx/CatalogoUnidades"}},{"id":"000000594","description":"016 DISTRIBUCION DE FUERZA TABLEROS CUARTO ELECTRI","classification":{"scheme":"UNCEFACT","id":"000000594","description":"Catálogo de Conceptos Universal de la Secretaría de Infraestructura del Estado de Nuevo León","uri":"http://si.nl.gob.mx/CatalogoDeConceptosUniversal"},"quantity":1.0,"unit":{"scheme":"SINL-CU","id":"000000221","name":"LOTE","value":{"amount":5779173.85,"currency":"MXN"},"uri":"http://si.nl.gob.mx/CatalogoUnidades"}},{"id":"000007769","description":"017 SISTEMA DE TIERRAS","classification":{"scheme":"UNCEFACT","id":"000007769","description":"Catálogo de Conceptos Universal de la Secretaría de Infraestructura del Estado de Nuevo León","uri":"http://si.nl.gob.mx/CatalogoDeConceptosUniversal"},"quantity":1.0,"unit":{"scheme":"SINL-CU","id":"000000221","name":"LOTE","value":{"amount":447375.93,"currency":"MXN"},"uri":"http://si.nl.gob.mx/CatalogoUnidades"}},{"id":"000005589","description":"018 INST.ELEC.  CONTACTOS P.B (N.A)","classification":{"scheme":"UNCEFACT","id":"000005589","description":"Catálogo de Conceptos Universal de la Secretaría de Infraestructura del Estado de Nuevo León","uri":"http://si.nl.gob.mx/CatalogoDeConceptosUniversal"},"quantity":1.0,"unit":{"scheme":"SINL-CU","id":"000000221","name":"LOTE","value":{"amount":152638.24,"currency":"MXN"},"uri":"http://si.nl.gob.mx/CatalogoUnidades"}},{"id":"000006460","description":"019 INSTALACION ELECTRICA  CONTACTOS P.B (R.A)","classification":{"scheme":"UNCEFACT","id":"000006460","description":"Catálogo de Conceptos Universal de la Secretaría de Infraestructura del Estado de Nuevo León","uri":"http://si.nl.gob.mx/CatalogoDeConceptosUniversal"},"quantity":1.0,"unit":{"scheme":"SINL-CU","id":"000000221","name":"LOTE","value":{"amount":44294.05,"currency":"MXN"},"uri":"http://si.nl.gob.mx/CatalogoUnidades"}},{"id":"000007894","description":"020 INST.ELECT. CONTACTOS P.B (E.R)","classification":{"scheme":"UNCEFACT","id":"000007894","description":"Catálogo de Conceptos Universal de la Secretaría de Infraestructura del Estado de Nuevo León","uri":"http://si.nl.gob.mx/CatalogoDeConceptosUniversal"},"quantity":1.0,"unit":{"scheme":"SINL-CU","id":"000000221","name":"LOTE","value":{"amount":67560.37,"currency":"MXN"},"uri":"http://si.nl.gob.mx/CatalogoUnidades"}},{"id":"000006992","description":"021 INST. ELECT. CONTACTOS P.B (E.N)","classification":{"scheme":"UNCEFACT","id":"000006992","description":"Catálogo de Conceptos Universal de la Secretaría de Infraestructura del Estado de Nuevo León","uri":"http://si.nl.gob.mx/CatalogoDeConceptosUniversal"},"quantity":1.0,"unit":{"scheme":"SINL-CU","id":"000000221","name":"LOTE","value":{"amount":72494.8,"currency":"MXN"},"uri":"http://si.nl.gob.mx/CatalogoUnidades"}},{"id":"000004180","description":"022 ILUMINACIÓN (LUMINARÍAS)","classification":{"scheme":"UNCEFACT","id":"000004180","description":"Catálogo de Conceptos Universal de la Secretaría de Infraestructura del Estado de Nuevo León","uri":"http://si.nl.gob.mx/CatalogoDeConceptosUniversal"},"quantity":1.0,"unit":{"scheme":"SINL-CU","id":"000000221","name":"LOTE","value":{"amount":755489.51,"currency":"MXN"},"uri":"http://si.nl.gob.mx/CatalogoUnidades"}},{"id":"000000202","description":"023 ILUMINACIÓN (CANALIZACIONES Y CABLEADO)","classification":{"scheme":"UNCEFACT","id":"000000202","description":"Catálogo de Conceptos Universal de la Secretaría de Infraestructura del Estado de Nuevo León","uri":"http://si.nl.gob.mx/CatalogoDeConceptosUniversal"},"quantity":1.0,"unit":{"scheme":"SINL-CU","id":"000000221","name":"LOTE","value":{"amount":71155.9,"currency":"MXN"},"uri":"http://si.nl.gob.mx/CatalogoUnidades"}},{"id":"000006813","description":"024 ILUMINACIÓN (CANALIZACIONES Y CABLEADO)","classification":{"scheme":"UNCEFACT","id":"000006813","description":"Catálogo de Conceptos Universal de la Secretaría de Infraestructura del Estado de Nuevo León","uri":"http://si.nl.gob.mx/CatalogoDeConceptosUniversal"},"quantity":1.0,"unit":{"scheme":"SINL-CU","id":"000000221","name":"LOTE","value":{"amount":51762.87,"currency":"MXN"},"uri":"http://si.nl.gob.mx/CatalogoUnidades"}},{"id":"000007672","description":"025 GASES MEDICINALES 1. RED DE SUMINISTRO PARA O2","classification":{"scheme":"UNCEFACT","id":"000007672","description":"Catálogo de Conceptos Universal de la Secretaría de Infraestructura del Estado de Nuevo León","uri":"http://si.nl.gob.mx/CatalogoDeConceptosUniversal"},"quantity":1.0,"unit":{"scheme":"SINL-CU","id":"000000221","name":"LOTE","value":{"amount":1347946.77,"currency":"MXN"},"uri":"http://si.nl.gob.mx/CatalogoUnidades"}},{"id":"000000573","description":"026 G. MEDICINALES 2. ACCESORIOS RED DE GASES","classification":{"scheme":"UNCEFACT","id":"000000573","description":"Catálogo de Conceptos Universal de la Secretaría de Infraestructura del Estado de Nuevo León","uri":"http://si.nl.gob.mx/CatalogoDeConceptosUniversal"},"quantity":1.0,"unit":{"scheme":"SINL-CU","id":"000000221","name":"LOTE","value":{"amount":3611489.17,"currency":"MXN"},"uri":"http://si.nl.gob.mx/CatalogoUnidades"}},{"id":"000008162","description":"027 Obra Civil","classification":{"scheme":"UNCEFACT","id":"000008162","description":"Catálogo de Conceptos Universal de la Secretaría de Infraestructura del Estado de Nuevo León","uri":"http://si.nl.gob.mx/CatalogoDeConceptosUniversal"},"quantity":1.0,"unit":{"scheme":"SINL-CU","id":"000000221","name":"LOTE","value":{"amount":143371.0296,"currency":"MXN"},"uri":"http://si.nl.gob.mx/CatalogoUnidades"}},{"id":"000000992","description":"028 HIDROSANITARIO INST. AGUA FRIA Y CALIENTE","classification":{"scheme":"UNCEFACT","id":"000000992","description":"Catálogo de Conceptos Universal de la Secretaría de Infraestructura del Estado de Nuevo León","uri":"http://si.nl.gob.mx/CatalogoDeConceptosUniversal"},"quantity":1.0,"unit":{"scheme":"SINL-CU","id":"000000221","name":"LOTE","value":{"amount":2386218.44,"currency":"MXN"},"uri":"http://si.nl.gob.mx/CatalogoUnidades"}},{"id":"000004087","description":"029 MAT. INST. RED CTRA INCENDIOS","classification":{"scheme":"UNCEFACT","id":"000004087","description":"Catálogo de Conceptos Universal de la Secretaría de Infraestructura del Estado de Nuevo León","uri":"http://si.nl.gob.mx/CatalogoDeConceptosUniversal"},"quantity":1.0,"unit":{"scheme":"SINL-CU","id":"000000221","name":"LOTE","value":{"amount":897365.4231,"currency":"MXN"},"uri":"http://si.nl.gob.mx/CatalogoUnidades"}},{"id":"000007942","description":"030 INSTALACION DE GAS","classification":{"scheme":"UNCEFACT","id":"000007942","description":"Catálogo de Conceptos Universal de la Secretaría de Infraestructura del Estado de Nuevo León","uri":"http://si.nl.gob.mx/CatalogoDeConceptosUniversal"},"quantity":1.0,"unit":{"scheme":"SINL-CU","id":"000000221","name":"LOTE","value":{"amount":51530.6,"currency":"MXN"},"uri":"http://si.nl.gob.mx/CatalogoUnidades"}},{"id":"000008769","description":"031 PLUVIAL","classification":{"scheme":"UNCEFACT","id":"000008769","description":"Catálogo de Conceptos Universal de la Secretaría de Infraestructura del Estado de Nuevo León","uri":"http://si.nl.gob.mx/CatalogoDeConceptosUniversal"},"quantity":1.0,"unit":{"scheme":"SINL-CU","id":"000000221","name":"LOTE","value":{"amount":860343.0179,"currency":"MXN"},"uri":"http://si.nl.gob.mx/CatalogoUnidades"}},{"id":"000004679","description":"032 PLUVIAL PLANTA BAJA","classification":{"scheme":"UNCEFACT","id":"000004679","description":"Catálogo de Conceptos Universal de la Secretaría de Infraestructura del Estado de Nuevo León","uri":"http://si.nl.gob.mx/CatalogoDeConceptosUniversal"},"quantity":1.0,"unit":{"scheme":"SINL-CU","id":"000000221","name":"LOTE","value":{"amount":926151.2374,"currency":"MXN"},"uri":"http://si.nl.gob.mx/CatalogoUnidades"}},{"id":"000006863","description":"033 MAT. INST. DRENAJE SANITARIO P. B.","classification":{"scheme":"UNCEFACT","id":"000006863","description":"Catálogo de Conceptos Universal de la Secretaría de Infraestructura del Estado de Nuevo León","uri":"http://si.nl.gob.mx/CatalogoDeConceptosUniversal"},"quantity":1.0,"unit":{"scheme":"SINL-CU","id":"000000221","name":"LOTE","value":{"amount":123587.0236,"currency":"MXN"},"uri":"http://si.nl.gob.mx/CatalogoUnidades"}},{"id":"000007396","description":"034 MAT. INST. DRENAJE SANITARIO P.B.","classification":{"scheme":"UNCEFACT","id":"000007396","description":"Catálogo de Conceptos Universal de la Secretaría de Infraestructura del Estado de Nuevo León","uri":"http://si.nl.gob.mx/CatalogoDeConceptosUniversal"},"quantity":1.0,"unit":{"scheme":"SINL-CU","id":"000000221","name":"LOTE","value":{"amount":132406.3325,"currency":"MXN"},"uri":"http://si.nl.gob.mx/CatalogoUnidades"}},{"id":"000007553","description":"035 MAT. INST. DRENAJE SANITARIO N1","classification":{"scheme":"UNCEFACT","id":"000007553","description":"Catálogo de Conceptos Universal de la Secretaría de Infraestructura del Estado de Nuevo León","uri":"http://si.nl.gob.mx/CatalogoDeConceptosUniversal"},"quantity":1.0,"unit":{"scheme":"SINL-CU","id":"000000221","name":"LOTE","value":{"amount":73951.21,"currency":"MXN"},"uri":"http://si.nl.gob.mx/CatalogoUnidades"}},{"id":"000004650","description":"036 TELECOMUNICACIONES CABLEADO ESTRUCTURADO VOZ Y","classification":{"scheme":"UNCEFACT","id":"000004650","description":"Catálogo de Conceptos Universal de la Secretaría de Infraestructura del Estado de Nuevo León","uri":"http://si.nl.gob.mx/CatalogoDeConceptosUniversal"},"quantity":1.0,"unit":{"scheme":"SINL-CU","id":"000000221","name":"LOTE","value":{"amount":345485.58,"currency":"MXN"},"uri":"http://si.nl.gob.mx/CatalogoUnidades"}},{"id":"000002108","description":"037 CANALIZACION PARA CABLEADO ESTRUCTURADO VOZ Y","classification":{"scheme":"UNCEFACT","id":"000002108","description":"Catálogo de Conceptos Universal de la Secretaría de Infraestructura del Estado de Nuevo León","uri":"http://si.nl.gob.mx/CatalogoDeConceptosUniversal"},"quantity":1.0,"unit":{"scheme":"SINL-CU","id":"000000221","name":"LOTE","value":{"amount":321902.34,"currency":"MXN"},"uri":"http://si.nl.gob.mx/CatalogoUnidades"}},{"id":"000004701","description":"038 CABLEADO ESTRUCTURADO PARA CCTV","classification":{"scheme":"UNCEFACT","id":"000004701","description":"Catálogo de Conceptos Universal de la Secretaría de Infraestructura del Estado de Nuevo León","uri":"http://si.nl.gob.mx/CatalogoDeConceptosUniversal"},"quantity":1.0,"unit":{"scheme":"SINL-CU","id":"000000221","name":"LOTE","value":{"amount":196080.96,"currency":"MXN"},"uri":"http://si.nl.gob.mx/CatalogoUnidades"}},{"id":"000007544","description":"039 EQUIPO PARA SISTEMA DE CCTV","classification":{"scheme":"UNCEFACT","id":"000007544","description":"Catálogo de Conceptos Universal de la Secretaría de Infraestructura del Estado de Nuevo León","uri":"http://si.nl.gob.mx/CatalogoDeConceptosUniversal"},"quantity":1.0,"unit":{"scheme":"SINL-CU","id":"000000221","name":"LOTE","value":{"amount":749743.99,"currency":"MXN"},"uri":"http://si.nl.gob.mx/CatalogoUnidades"}},{"id":"000007377","description":"040 CANALIZACION PARA SISTEMA DE CCTV","classification":{"scheme":"UNCEFACT","id":"000007377","description":"Catálogo de Conceptos Universal de la Secretaría de Infraestructura del Estado de Nuevo León","uri":"http://si.nl.gob.mx/CatalogoDeConceptosUniversal"},"quantity":1.0,"unit":{"scheme":"SINL-CU","id":"000000221","name":"LOTE","value":{"amount":111296.3,"currency":"MXN"},"uri":"http://si.nl.gob.mx/CatalogoUnidades"}},{"id":"000008629","description":"041 EQUIPO PARA SISTEMA DE SONORIZACION","classification":{"scheme":"UNCEFACT","id":"000008629","description":"Catálogo de Conceptos Universal de la Secretaría de Infraestructura del Estado de Nuevo León","uri":"http://si.nl.gob.mx/CatalogoDeConceptosUniversal"},"quantity":1.0,"unit":{"scheme":"SINL-CU","id":"000000221","name":"LOTE","value":{"amount":246852.12,"currency":"MXN"},"uri":"http://si.nl.gob.mx/CatalogoUnidades"}},{"id":"000004143","description":"042 CANALIZACION P. SIST. SONORIZACION","classification":{"scheme":"UNCEFACT","id":"000004143","description":"Catálogo de Conceptos Universal de la Secretaría de Infraestructura del Estado de Nuevo León","uri":"http://si.nl.gob.mx/CatalogoDeConceptosUniversal"},"quantity":1.0,"unit":{"scheme":"SINL-CU","id":"000000221","name":"LOTE","value":{"amount":24033.03,"currency":"MXN"},"uri":"http://si.nl.gob.mx/CatalogoUnidades"}},{"id":"000008044","description":"043 EQUIPO P. SIST. CONTROL DE ACCESOS.","classification":{"scheme":"UNCEFACT","id":"000008044","description":"Catálogo de Conceptos Universal de la Secretaría de Infraestructura del Estado de Nuevo León","uri":"http://si.nl.gob.mx/CatalogoDeConceptosUniversal"},"quantity":1.0,"unit":{"scheme":"SINL-CU","id":"000000221","name":"LOTE","value":{"amount":451044.51,"currency":"MXN"},"uri":"http://si.nl.gob.mx/CatalogoUnidades"}},{"id":"000007603","description":"044 CANALIZACION P. SIST. CONTROL DE ACCESOS","classification":{"scheme":"UNCEFACT","id":"000007603","description":"Catálogo de Conceptos Universal de la Secretaría de Infraestructura del Estado de Nuevo León","uri":"http://si.nl.gob.mx/CatalogoDeConceptosUniversal"},"quantity":1.0,"unit":{"scheme":"SINL-CU","id":"000000221","name":"LOTE","value":{"amount":19364.55,"currency":"MXN"},"uri":"http://si.nl.gob.mx/CatalogoUnidades"}},{"id":"000002460","description":"045 SISTEMA DE ADECUACION DE SITE","classification":{"scheme":"UNCEFACT","id":"000002460","description":"Catálogo de Conceptos Universal de la Secretaría de Infraestructura del Estado de Nuevo León","uri":"http://si.nl.gob.mx/CatalogoDeConceptosUniversal"},"quantity":1.0,"unit":{"scheme":"SINL-CU","id":"000000221","name":"LOTE","value":{"amount":52950.08,"currency":"MXN"},"uri":"http://si.nl.gob.mx/CatalogoUnidades"}},{"id":"000002559","description":"046 SIST. CONTRA INCENDIOS FM200. KIDDE","classification":{"scheme":"UNCEFACT","id":"000002559","description":"Catálogo de Conceptos Universal de la Secretaría de Infraestructura del Estado de Nuevo León","uri":"http://si.nl.gob.mx/CatalogoDeConceptosUniversal"},"quantity":1.0,"unit":{"scheme":"SINL-CU","id":"000000221","name":"LOTE","value":{"amount":203920.53,"currency":"MXN"},"uri":"http://si.nl.gob.mx/CatalogoUnidades"}},{"id":"000007271","description":"047 CANALIZACION  SIST. CONTRA INCENDIOS FM200.","classification":{"scheme":"UNCEFACT","id":"000007271","description":"Catálogo de Conceptos Universal de la Secretaría de Infraestructura del Estado de Nuevo León","uri":"http://si.nl.gob.mx/CatalogoDeConceptosUniversal"},"quantity":1.0,"unit":{"scheme":"SINL-CU","id":"000000221","name":"LOTE","value":{"amount":11911.58,"currency":"MXN"},"uri":"http://si.nl.gob.mx/CatalogoUnidades"}},{"id":"000000090","description":"048 EQUIPO DE DETECCION DE INCENDIOS.","classification":{"scheme":"UNCEFACT","id":"000000090","description":"Catálogo de Conceptos Universal de la Secretaría de Infraestructura del Estado de Nuevo León","uri":"http://si.nl.gob.mx/CatalogoDeConceptosUniversal"},"quantity":1.0,"unit":{"scheme":"SINL-CU","id":"000000221","name":"LOTE","value":{"amount":194766.48,"currency":"MXN"},"uri":"http://si.nl.gob.mx/CatalogoUnidades"}},{"id":"000004114","description":"049 CANALIZACION P.SIST.DETECCION DE INCENDIOS.","classification":{"scheme":"UNCEFACT","id":"000004114","description":"Catálogo de Conceptos Universal de la Secretaría de Infraestructura del Estado de Nuevo León","uri":"http://si.nl.gob.mx/CatalogoDeConceptosUniversal"},"quantity":1.0,"unit":{"scheme":"SINL-CU","id":"000000221","name":"LOTE","value":{"amount":90162.6,"currency":"MXN"},"uri":"http://si.nl.gob.mx/CatalogoUnidades"}},{"id":"000005103","description":"050 REHAB. HOSPITAL JUÁREZ EDIF. EXIST. NIV. 0.00-","classification":{"scheme":"UNCEFACT","id":"000005103","description":"Catálogo de Conceptos Universal de la Secretaría de Infraestructura del Estado de Nuevo León","uri":"http://si.nl.gob.mx/CatalogoDeConceptosUniversal"},"quantity":1.0,"unit":{"scheme":"SINL-CU","id":"000000221","name":"LOTE","value":{"amount":2814802.0026,"currency":"MXN"},"uri":"http://si.nl.gob.mx/CatalogoUnidades"}},{"id":"000001407","description":"051 EDIF. EXISTENTE NIV. 3.50-7.00 M","classification":{"scheme":"UNCEFACT","id":"000001407","description":"Catálogo de Conceptos Universal de la Secretaría de Infraestructura del Estado de Nuevo León","uri":"http://si.nl.gob.mx/CatalogoDeConceptosUniversal"},"quantity":1.0,"unit":{"scheme":"SINL-CU","id":"000000221","name":"LOTE","value":{"amount":287465.474,"currency":"MXN"},"uri":"http://si.nl.gob.mx/CatalogoUnidades"}},{"id":"000005850","description":"052 EDIF. EXISTENTE NIV. 7.00-10.50 M","classification":{"scheme":"UNCEFACT","id":"000005850","description":"Catálogo de Conceptos Universal de la Secretaría de Infraestructura del Estado de Nuevo León","uri":"http://si.nl.gob.mx/CatalogoDeConceptosUniversal"},"quantity":1.0,"unit":{"scheme":"SINL-CU","id":"000000221","name":"LOTE","value":{"amount":229886.9464,"currency":"MXN"},"uri":"http://si.nl.gob.mx/CatalogoUnidades"}},{"id":"000001820","description":"053 EXT. HOSP. PONIENTE PRELIMINARES","classification":{"scheme":"UNCEFACT","id":"000001820","description":"Catálogo de Conceptos Universal de la Secretaría de Infraestructura del Estado de Nuevo León","uri":"http://si.nl.gob.mx/CatalogoDeConceptosUniversal"},"quantity":1.0,"unit":{"scheme":"SINL-CU","id":"000000221","name":"LOTE","value":{"amount":53582.9126,"currency":"MXN"},"uri":"http://si.nl.gob.mx/CatalogoUnidades"}},{"id":"000008819","description":"054 EXT. H. PTE. CIMENTACIONES","classification":{"scheme":"UNCEFACT","id":"000008819","description":"Catálogo de Conceptos Universal de la Secretaría de Infraestructura del Estado de Nuevo León","uri":"http://si.nl.gob.mx/CatalogoDeConceptosUniversal"},"quantity":1.0,"unit":{"scheme":"SINL-CU","id":"000000221","name":"LOTE","value":{"amount":290951.0523,"currency":"MXN"},"uri":"http://si.nl.gob.mx/CatalogoUnidades"}},{"id":"000000636","description":"055 EXT. H.PTE. ALBAÑILERIA","classification":{"scheme":"UNCEFACT","id":"000000636","description":"Catálogo de Conceptos Universal de la Secretaría de Infraestructura del Estado de Nuevo León","uri":"http://si.nl.gob.mx/CatalogoDeConceptosUniversal"},"quantity":1.0,"unit":{"scheme":"SINL-CU","id":"000000221","name":"LOTE","value":{"amount":659941.9283,"currency":"MXN"},"uri":"http://si.nl.gob.mx/CatalogoUnidades"}},{"id":"000006331","description":"056 EXT. H. PTE ESTRUC. ACERO","classification":{"scheme":"UNCEFACT","id":"000006331","description":"Catálogo de Conceptos Universal de la Secretaría de Infraestructura del Estado de Nuevo León","uri":"http://si.nl.gob.mx/CatalogoDeConceptosUniversal"},"quantity":1.0,"unit":{"scheme":"SINL-CU","id":"000000221","name":"LOTE","value":{"amount":1283427.3757,"currency":"MXN"},"uri":"http://si.nl.gob.mx/CatalogoUnidades"}},{"id":"000002978","description":"057 CUBIERTA PRELIMINARES","classification":{"scheme":"UNCEFACT","id":"000002978","description":"Catálogo de Conceptos Universal de la Secretaría de Infraestructura del Estado de Nuevo León","uri":"http://si.nl.gob.mx/CatalogoDeConceptosUniversal"},"quantity":1.0,"unit":{"scheme":"SINL-CU","id":"000000221","name":"LOTE","value":{"amount":14296.3502,"currency":"MXN"},"uri":"http://si.nl.gob.mx/CatalogoUnidades"}},{"id":"000007930","description":"058 CIMENTACIONES","classification":{"scheme":"UNCEFACT","id":"000007930","description":"Catálogo de Conceptos Universal de la Secretaría de Infraestructura del Estado de Nuevo León","uri":"http://si.nl.gob.mx/CatalogoDeConceptosUniversal"},"quantity":1.0,"unit":{"scheme":"SINL-CU","id":"000000221","name":"LOTE","value":{"amount":43454.0131,"currency":"MXN"},"uri":"http://si.nl.gob.mx/CatalogoUnidades"}},{"id":"000005279","description":"059 ESTRUCTURA DE ACERO","classification":{"scheme":"UNCEFACT","id":"000005279","description":"Catálogo de Conceptos Universal de la Secretaría de Infraestructura del Estado de Nuevo León","uri":"http://si.nl.gob.mx/CatalogoDeConceptosUniversal"},"quantity":1.0,"unit":{"scheme":"SINL-CU","id":"000000221","name":"LOTE","value":{"amount":432967.862,"currency":"MXN"},"uri":"http://si.nl.gob.mx/CatalogoUnidades"}},{"id":"000006348","description":"060 EXT. HOSPITAL NORTE PRELIMINARES","classification":{"scheme":"UNCEFACT","id":"000006348","description":"Catálogo de Conceptos Universal de la Secretaría de Infraestructura del Estado de Nuevo León","uri":"http://si.nl.gob.mx/CatalogoDeConceptosUniversal"},"quantity":1.0,"unit":{"scheme":"SINL-CU","id":"000000221","name":"LOTE","value":{"amount":55384.9016,"currency":"MXN"},"uri":"http://si.nl.gob.mx/CatalogoUnidades"}},{"id":"000004715","description":"061 EXT. H. NORTE CIMENTACIONES","classification":{"scheme":"UNCEFACT","id":"000004715","description":"Catálogo de Conceptos Universal de la Secretaría de Infraestructura del Estado de Nuevo León","uri":"http://si.nl.gob.mx/CatalogoDeConceptosUniversal"},"quantity":1.0,"unit":{"scheme":"SINL-CU","id":"000000221","name":"LOTE","value":{"amount":333429.3655,"currency":"MXN"},"uri":"http://si.nl.gob.mx/CatalogoUnidades"}},{"id":"000005104","description":"062 EXT. H. NTE ALBAÑILERIA","classification":{"scheme":"UNCEFACT","id":"000005104","description":"Catálogo de Conceptos Universal de la Secretaría de Infraestructura del Estado de Nuevo León","uri":"http://si.nl.gob.mx/CatalogoDeConceptosUniversal"},"quantity":1.0,"unit":{"scheme":"SINL-CU","id":"000000221","name":"LOTE","value":{"amount":1084916.7889,"currency":"MXN"},"uri":"http://si.nl.gob.mx/CatalogoUnidades"}},{"id":"000007545","description":"063 EXT. H. NTE ESTR. ACERO NIV. 3.5 - 7 M","classification":{"scheme":"UNCEFACT","id":"000007545","description":"Catálogo de Conceptos Universal de la Secretaría de Infraestructura del Estado de Nuevo León","uri":"http://si.nl.gob.mx/CatalogoDeConceptosUniversal"},"quantity":1.0,"unit":{"scheme":"SINL-CU","id":"000000221","name":"LOTE","value":{"amount":131485.0415,"currency":"MXN"},"uri":"http://si.nl.gob.mx/CatalogoUnidades"}},{"id":"000004588","description":"064 EXT. H. NTE ESTR. ACERO NIV. 7 - 10.5 M","classification":{"scheme":"UNCEFACT","id":"000004588","description":"Catálogo de Conceptos Universal de la Secretaría de Infraestructura del Estado de Nuevo León","uri":"http://si.nl.gob.mx/CatalogoDeConceptosUniversal"},"quantity":1.0,"unit":{"scheme":"SINL-CU","id":"000000221","name":"LOTE","value":{"amount":132648.4559,"currency":"MXN"},"uri":"http://si.nl.gob.mx/CatalogoUnidades"}},{"id":"000003460","description":"065 EXT. H. NORTE AZOTEA","classification":{"scheme":"UNCEFACT","id":"000003460","description":"Catálogo de Conceptos Universal de la Secretaría de Infraestructura del Estado de Nuevo León","uri":"http://si.nl.gob.mx/CatalogoDeConceptosUniversal"},"quantity":1.0,"unit":{"scheme":"SINL-CU","id":"000000221","name":"LOTE","value":{"amount":173931.1541,"currency":"MXN"},"uri":"http://si.nl.gob.mx/CatalogoUnidades"}},{"id":"000007921","description":"066 SUBESTACION CIMENTACIONES","classification":{"scheme":"UNCEFACT","id":"000007921","description":"Catálogo de Conceptos Universal de la Secretaría de Infraestructura del Estado de Nuevo León","uri":"http://si.nl.gob.mx/CatalogoDeConceptosUniversal"},"quantity":1.0,"unit":{"scheme":"SINL-CU","id":"000000221","name":"LOTE","value":{"amount":117551.1484,"currency":"MXN"},"uri":"http://si.nl.gob.mx/CatalogoUnidades"}},{"id":"000000771","description":"067 SUBESTACION ALBAÑILERIA","classification":{"scheme":"UNCEFACT","id":"000000771","description":"Catálogo de Conceptos Universal de la Secretaría de Infraestructura del Estado de Nuevo León","uri":"http://si.nl.gob.mx/CatalogoDeConceptosUniversal"},"quantity":1.0,"unit":{"scheme":"SINL-CU","id":"000000221","name":"LOTE","value":{"amount":204127.7281,"currency":"MXN"},"uri":"http://si.nl.gob.mx/CatalogoUnidades"}},{"id":"000002702","description":"068 SUBESTACION ESTR. ACERO","classification":{"scheme":"UNCEFACT","id":"000002702","description":"Catálogo de Conceptos Universal de la Secretaría de Infraestructura del Estado de Nuevo León","uri":"http://si.nl.gob.mx/CatalogoDeConceptosUniversal"},"quantity":1.0,"unit":{"scheme":"SINL-CU","id":"000000221","name":"LOTE","value":{"amount":360933.5072,"currency":"MXN"},"uri":"http://si.nl.gob.mx/CatalogoUnidades"}},{"id":"000005031","description":"069 CUARTO DE VIGILANCIA PRELIMINARES","classification":{"scheme":"UNCEFACT","id":"000005031","description":"Catálogo de Conceptos Universal de la Secretaría de Infraestructura del Estado de Nuevo León","uri":"http://si.nl.gob.mx/CatalogoDeConceptosUniversal"},"quantity":1.0,"unit":{"scheme":"SINL-CU","id":"000000221","name":"LOTE","value":{"amount":7649.7618,"currency":"MXN"},"uri":"http://si.nl.gob.mx/CatalogoUnidades"}},{"id":"000002960","description":"070 CUARTO VIGILANCIA CIMENTACIONES","classification":{"scheme":"UNCEFACT","id":"000002960","description":"Catálogo de Conceptos Universal de la Secretaría de Infraestructura del Estado de Nuevo León","uri":"http://si.nl.gob.mx/CatalogoDeConceptosUniversal"},"quantity":1.0,"unit":{"scheme":"SINL-CU","id":"000000221","name":"LOTE","value":{"amount":37311.4649,"currency":"MXN"},"uri":"http://si.nl.gob.mx/CatalogoUnidades"}},{"id":"000008533","description":"071 CUARTO VIGILANCIA ALBAÑILERIA","classification":{"scheme":"UNCEFACT","id":"000008533","description":"Catálogo de Conceptos Universal de la Secretaría de Infraestructura del Estado de Nuevo León","uri":"http://si.nl.gob.mx/CatalogoDeConceptosUniversal"},"quantity":1.0,"unit":{"scheme":"SINL-CU","id":"000000221","name":"LOTE","value":{"amount":55618.6232,"currency":"MXN"},"uri":"http://si.nl.gob.mx/CatalogoUnidades"}},{"id":"000002202","description":"072 CISTERNA PRELIMINARES","classification":{"scheme":"UNCEFACT","id":"000002202","description":"Catálogo de Conceptos Universal de la Secretaría de Infraestructura del Estado de Nuevo León","uri":"http://si.nl.gob.mx/CatalogoDeConceptosUniversal"},"quantity":1.0,"unit":{"scheme":"SINL-CU","id":"000000221","name":"LOTE","value":{"amount":30072.7609,"currency":"MXN"},"uri":"http://si.nl.gob.mx/CatalogoUnidades"}},{"id":"000006820","description":"073 CISTERNA ESTRUCTURA","classification":{"scheme":"UNCEFACT","id":"000006820","description":"Catálogo de Conceptos Universal de la Secretaría de Infraestructura del Estado de Nuevo León","uri":"http://si.nl.gob.mx/CatalogoDeConceptosUniversal"},"quantity":1.0,"unit":{"scheme":"SINL-CU","id":"000000221","name":"LOTE","value":{"amount":231472.0231,"currency":"MXN"},"uri":"http://si.nl.gob.mx/CatalogoUnidades"}},{"id":"000009038","description":"074 MURO DE CONTENCION PRELIMINARES","classification":{"scheme":"UNCEFACT","id":"000009038","description":"Catálogo de Conceptos Universal de la Secretaría de Infraestructura del Estado de Nuevo León","uri":"http://si.nl.gob.mx/CatalogoDeConceptosUniversal"},"quantity":1.0,"unit":{"scheme":"SINL-CU","id":"000000221","name":"LOTE","value":{"amount":254023.4194,"currency":"MXN"},"uri":"http://si.nl.gob.mx/CatalogoUnidades"}},{"id":"000005758","description":"075 MURO DE CONTENCION CIMENTACION","classification":{"scheme":"UNCEFACT","id":"000005758","description":"Catálogo de Conceptos Universal de la Secretaría de Infraestructura del Estado de Nuevo León","uri":"http://si.nl.gob.mx/CatalogoDeConceptosUniversal"},"quantity":1.0,"unit":{"scheme":"SINL-CU","id":"000000221","name":"LOTE","value":{"amount":1000509.131,"currency":"MXN"},"uri":"http://si.nl.gob.mx/CatalogoUnidades"}},{"id":"000003723","description":"076 MURO DE CONTENCION ESTRUCTURAS","classification":{"scheme":"UNCEFACT","id":"000003723","description":"Catálogo de Conceptos Universal de la Secretaría de Infraestructura del Estado de Nuevo León","uri":"http://si.nl.gob.mx/CatalogoDeConceptosUniversal"},"quantity":1.0,"unit":{"scheme":"SINL-CU","id":"000000221","name":"LOTE","value":{"amount":1495311.3984,"currency":"MXN"},"uri":"http://si.nl.gob.mx/CatalogoUnidades"}},{"id":"000002602","description":"077 MURO DE CONTENCION ALBAÑILERIA","classification":{"scheme":"UNCEFACT","id":"000002602","description":"Catálogo de Conceptos Universal de la Secretaría de Infraestructura del Estado de Nuevo León","uri":"http://si.nl.gob.mx/CatalogoDeConceptosUniversal"},"quantity":1.0,"unit":{"scheme":"SINL-CU","id":"000000221","name":"LOTE","value":{"amount":26898.5178,"currency":"MXN"},"uri":"http://si.nl.gob.mx/CatalogoUnidades"}},{"id":"000002413","description":"078 MURO DE BARDA PRELIMINARES","classification":{"scheme":"UNCEFACT","id":"000002413","description":"Catálogo de Conceptos Universal de la Secretaría de Infraestructura del Estado de Nuevo León","uri":"http://si.nl.gob.mx/CatalogoDeConceptosUniversal"},"quantity":1.0,"unit":{"scheme":"SINL-CU","id":"000000221","name":"LOTE","value":{"amount":43234.8206,"currency":"MXN"},"uri":"http://si.nl.gob.mx/CatalogoUnidades"}},{"id":"000007844","description":"079 MURO DE BARDA CIMENTACION","classification":{"scheme":"UNCEFACT","id":"000007844","description":"Catálogo de Conceptos Universal de la Secretaría de Infraestructura del Estado de Nuevo León","uri":"http://si.nl.gob.mx/CatalogoDeConceptosUniversal"},"quantity":1.0,"unit":{"scheme":"SINL-CU","id":"000000221","name":"LOTE","value":{"amount":91080.4264,"currency":"MXN"},"uri":"http://si.nl.gob.mx/CatalogoUnidades"}},{"id":"000007231","description":"080 MURO DE BARDA ESTRUCTURAS","classification":{"scheme":"UNCEFACT","id":"000007231","description":"Catálogo de Conceptos Universal de la Secretaría de Infraestructura del Estado de Nuevo León","uri":"http://si.nl.gob.mx/CatalogoDeConceptosUniversal"},"quantity":1.0,"unit":{"scheme":"SINL-CU","id":"000000221","name":"LOTE","value":{"amount":64324.96,"currency":"MXN"},"uri":"http://si.nl.gob.mx/CatalogoUnidades"}},{"id":"000002483","description":"081 MURO DE BARDA ALBAÑILERIA","classification":{"scheme":"UNCEFACT","id":"000002483","description":"Catálogo de Conceptos Universal de la Secretaría de Infraestructura del Estado de Nuevo León","uri":"http://si.nl.gob.mx/CatalogoDeConceptosUniversal"},"quantity":1.0,"unit":{"scheme":"SINL-CU","id":"000000221","name":"LOTE","value":{"amount":145367.1758,"currency":"MXN"},"uri":"http://si.nl.gob.mx/CatalogoUnidades"}},{"id":"000003181","description":"EXTRAS 001","classification":{"scheme":"UNCEFACT","id":"000003181","description":"Catálogo de Conceptos Universal de la Secretaría de Infraestructura del Estado de Nuevo León","uri":"http://si.nl.gob.mx/CatalogoDeConceptosUniversal"},"quantity":1.0,"unit":{"scheme":"SINL-CU","id":"000000221","name":"LOTE","value":{"amount":3315745.0615,"currency":"MXN"},"uri":"http://si.nl.gob.mx/CatalogoUnidades"}}],"dateSigned":"2018-09-07T00:00:00-05:00","documents":[{"id":"918","documentType":"Anexos de Contrato","title":"Anexos de Contrato","description":"Anexos de Contrato","url":"http://si.nl.gob.mx/Acceso/DatosAbiertos/DocumentosPublicos/000007/SINL-CPE-029-2018/04. Contratación/Anexos de Contrato.pdf","datePublished":"2020-03-21T18:03:05.36-06:00","dateModified":"0001-01-01T00:00:00-06:00","format":"application/pdf","language":"es","x_section":"contract"},{"id":"919","documentType":"Contrato firmado","title":"Contrato firmado","description":"Contrato firmado","url":"http://si.nl.gob.mx/Acceso/DatosAbiertos/DocumentosPublicos/000007/SINL-CPE-029-2018/04. Contratación/Contrato firmado.pdf","datePublished":"2020-03-21T18:03:05.37-06:00","dateModified":"0001-01-01T00:00:00-06:00","format":"application/pdf","language":"es","x_section":"contract"},{"id":"922","documentType":"Finiquito del contrato","title":"Finiquito del contrato","description":"Finiquito del contrato","url":"http://si.nl.gob.mx/Acceso/DatosAbiertos/DocumentosPublicos/000007/SINL-CPE-029-2018/05. Ejecución/Finiquito del contrato.pdf","datePublished":"2020-03-21T18:03:05.407-06:00","dateModified":"0001-01-01T00:00:00-06:00","format":"application/pdf","language":"es","x_section":"contract"},{"id":"920","documentType":"Certificado de terminación (informe de conclusión)","title":"Certificado de terminación (informe de conclusión)","description":"Certificado de terminación (informe de conclusión)","url":"http://si.nl.gob.mx/Acceso/DatosAbiertos/DocumentosPublicos/000007/SINL-CPE-029-2018/05. Ejecución/Certificado de terminación (informe de conclusión).pdf","datePublished":"2020-03-21T18:03:05.38-06:00","dateModified":"0001-01-01T00:00:00-06:00","format":"application/pdf","language":"es","x_section":"implementarion"},{"id":"921","documentType":"Convenios modificatorios","title":"Convenios modificatorios","description":"Convenios modificatorios","url":"http://si.nl.gob.mx/Acceso/DatosAbiertos/DocumentosPublicos/000007/SINL-CPE-029-2018/05. Ejecución/Convenios modificatorios.pdf","datePublished":"2020-03-21T18:03:05.393-06:00","dateModified":"0001-01-01T00:00:00-06:00","format":"application/pdf","language":"es","x_section":"implementarion"},{"id":"923","documentType":"Informe ejecutivo de la ejecución del contrato (Reportes)","title":"Informe ejecutivo de la ejecución del contrato (Reportes)","description":"Informe ejecutivo de la ejecución del contrato (Reportes)","url":"http://si.nl.gob.mx/Acceso/DatosAbiertos/DocumentosPublicos/000007/SINL-CPE-029-2018/05. Ejecución/Informe ejecutivo de la ejecución del contrato (Reportes).pdf","datePublished":"2020-03-21T18:03:05.417-06:00","dateModified":"0001-01-01T00:00:00-06:00","format":"application/pdf","language":"es","x_section":"implementarion"},{"id":"924","documentType":"Informe ejecutivo de la ejecución del contrato (Reportes)","title":"Informe ejecutivo de la ejecución del contrato (Reportes)","description":"Informe ejecutivo de la ejecución del contrato (Reportes)","url":"http://si.nl.gob.mx/Acceso/DatosAbiertos/DocumentosPublicos/000007/SINL-CPE-029-2018/05. Ejecución/Informe ejecutivo de la ejecución del contrato (Reportes)_01.pdf","datePublished":"2020-03-21T18:03:05.43-06:00","dateModified":"0001-01-01T00:00:00-06:00","format":"application/pdf","language":"es","x_section":"implementarion"},{"id":"925","documentType":"Informe ejecutivo de la ejecución del contrato (Reportes)","title":"Informe ejecutivo de la ejecución del contrato (Reportes)","description":"Informe ejecutivo de la ejecución del contrato (Reportes)","url":"http://si.nl.gob.mx/Acceso/DatosAbiertos/DocumentosPublicos/000007/SINL-CPE-029-2018/05. Ejecución/Informe ejecutivo de la ejecución del contrato (Reportes)_02.pdf","datePublished":"2020-03-21T18:03:05.447-06:00","dateModified":"0001-01-01T00:00:00-06:00","format":"application/pdf","language":"es","x_section":"implementarion"},{"id":"926","documentType":"Lista de escalada de aprobaciones","title":"Lista de escalada de aprobaciones","description":"Lista de escalada de aprobaciones","url":"http://si.nl.gob.mx/Acceso/DatosAbiertos/DocumentosPublicos/000007/SINL-CPE-029-2018/05. Ejecución/Lista de escalada de aprobaciones.pdf","datePublished":"2020-03-21T18:03:05.46-06:00","dateModified":"0001-01-01T00:00:00-06:00","format":"application/pdf","language":"es","x_section":"implementarion"},{"id":"927","documentType":"Reportes de calidad","title":"Reportes de calidad","description":"Reportes de calidad","url":"http://si.nl.gob.mx/Acceso/DatosAbiertos/DocumentosPublicos/000007/SINL-CPE-029-2018/05. Ejecución/Reportes de calidad.pdf","datePublished":"2020-03-21T18:03:05.477-06:00","dateModified":"0001-01-01T00:00:00-06:00","format":"application/pdf","language":"es","x_section":"implementarion"},{"id":"928","documentType":"Reportes de supervisión","title":"Reportes de supervisión","description":"Reportes de supervisión","url":"http://si.nl.gob.mx/Acceso/DatosAbiertos/DocumentosPublicos/000007/SINL-CPE-029-2018/05. Ejecución/Reportes de supervisión.pdf","datePublished":"2020-03-21T18:03:05.493-06:00","dateModified":"0001-01-01T00:00:00-06:00","format":"application/pdf","language":"es","x_section":"implementarion"},{"id":"1027","documentType":"Reportes de calidad","title":"Reportes de calidad","description":"Reportes de calidad","datePublished":"0001-01-01T00:00:00-06:00","dateModified":"0001-01-01T00:00:00-06:00","format":"ND","language":"es","x_section":"implementarion"}],"implementation":{"transactions":[{"id":"EST-2018-10-188","date":"2018-10-19T13:29:52-05:00","value":{"amount":14966496.37,"currency":"MXN"},"payer":{"name":"SFYTGE","id":"RFC-GEN620601DTA"},"payee":{"name":"VIAS Y DESARROLLOS, S.A. DE C.V.","id":"VDE970512PX0"}},{"id":"EST-2018-11-269","date":"2018-11-13T11:36:19-06:00","value":{"amount":1096443.91,"currency":"MXN"},"payer":{"name":"SFYTGE","id":"RFC-GEN620601DTA"},"payee":{"name":"VIAS Y DESARROLLOS, S.A. DE C.V.","id":"VDE970512PX0"}},{"id":"EST-2018-12-599","date":"2018-12-20T13:00:57-06:00","value":{"amount":60265.63,"currency":"MXN"},"payer":{"name":"SFYTGE","id":"RFC-GEN620601DTA"},"payee":{"name":"VIAS Y DESARROLLOS, S.A. DE C.V.","id":"VDE970512PX0"}},{"id":"EST-2018-12-605","date":"2018-12-20T14:27:49-06:00","value":{"amount":218508.57,"currency":"MXN"},"payer":{"name":"SFYTGE","id":"RFC-GEN620601DTA"},"payee":{"name":"VIAS Y DESARROLLOS, S.A. DE C.V.","id":"VDE970512PX0"}},{"id":"EST-2018-12-417","date":"2018-12-04T15:50:26-06:00","value":{"amount":1703125.51,"currency":"MXN"},"payer":{"name":"SFYTGE","id":"RFC-GEN620601DTA"},"payee":{"name":"VIAS Y DESARROLLOS, S.A. DE C.V.","id":"VDE970512PX0"}},{"id":"EST-2018-12-601","date":"2018-12-20T13:16:50-06:00","value":{"amount":1809341.98,"currency":"MXN"},"payer":{"name":"SFYTGE","id":"RFC-GEN620601DTA"},"payee":{"name":"VIAS Y DESARROLLOS, S.A. DE C.V.","id":"VDE970512PX0"}},{"id":"EST-2018-12-606","date":"2018-12-20T14:33:17-06:00","value":{"amount":346425.54,"currency":"MXN"},"payer":{"name":"SFYTGE","id":"RFC-GEN620601DTA"},"payee":{"name":"VIAS Y DESARROLLOS, S.A. DE C.V.","id":"VDE970512PX0"}},{"id":"EST-2018-12-564","date":"2018-12-18T12:46:20-06:00","value":{"amount":4192527.14,"currency":"MXN"},"payer":{"name":"SFYTGE","id":"RFC-GEN620601DTA"},"payee":{"name":"VIAS Y DESARROLLOS, S.A. DE C.V.","id":"VDE970512PX0"}},{"id":"EST-2018-12-602","date":"2018-12-20T13:46:16-06:00","value":{"amount":945305.27,"currency":"MXN"},"payer":{"name":"SFYTGE","id":"RFC-GEN620601DTA"},"payee":{"name":"VIAS Y DESARROLLOS, S.A. DE C.V.","id":"VDE970512PX0"}},{"id":"EST-2018-12-607","date":"2018-12-20T14:38:32-06:00","value":{"amount":2122938.06,"currency":"MXN"},"payer":{"name":"SFYTGE","id":"RFC-GEN620601DTA"},"payee":{"name":"VIAS Y DESARROLLOS, S.A. DE C.V.","id":"VDE970512PX0"}},{"id":"EST-2018-12-583","date":"2018-12-19T10:23:54-06:00","value":{"amount":5965950.52,"currency":"MXN"},"payer":{"name":"SFYTGE","id":"RFC-GEN620601DTA"},"payee":{"name":"VIAS Y DESARROLLOS, S.A. DE C.V.","id":"VDE970512PX0"}},{"id":"EST-2018-12-603","date":"2018-12-20T14:02:14-06:00","value":{"amount":22306.67,"currency":"MXN"},"payer":{"name":"SFYTGE","id":"RFC-GEN620601DTA"},"payee":{"name":"VIAS Y DESARROLLOS, S.A. DE C.V.","id":"VDE970512PX0"}},{"id":"EST-2018-12-586","date":"2018-12-19T11:23:17-06:00","value":{"amount":7231775.23,"currency":"MXN"},"payer":{"name":"SFYTGE","id":"RFC-GEN620601DTA"},"payee":{"name":"VIAS Y DESARROLLOS, S.A. DE C.V.","id":"VDE970512PX0"}},{"id":"EST-2018-12-588","date":"2018-12-19T11:48:55-06:00","value":{"amount":4489912.42,"currency":"MXN"},"payer":{"name":"SFYTGE","id":"RFC-GEN620601DTA"},"payee":{"name":"VIAS Y DESARROLLOS, S.A. DE C.V.","id":"VDE970512PX0"}},{"id":"EST-2018-12-589","date":"2018-12-19T12:13:35-06:00","value":{"amount":4701651.29,"currency":"MXN"},"payer":{"name":"SFYTGE","id":"RFC-GEN620601DTA"},"payee":{"name":"VIAS Y DESARROLLOS, S.A. DE C.V.","id":"VDE970512PX0"}}],"documents":[]},"milestones":[{"id":"1809003-F5FA2B58-52F3-4941-928A-9B7A0A363395","title":"ACTA-ENTREGA RECEPCION","type":"delivery","description":"ACTA ENTREGA RECEPCIÓN DE LOS TRABAJOS","dueDate":"2019-11-14T00:00:00-06:00","dateMet":"2019-11-14T00:00:00-06:00","status":"met"}]}],"language":"es"}}]}