{"uri":"http://si.nl.gob.mx/Acceso/DatosAbiertos/000004/SINL-CPE-015-2019/v001/RecordPackage-ocds-7wj9x5-SINL-CPE-015-2019-v001-contract.json","publisher":{"scheme":"GB-COH","uid":"","name":"Secretaría de Infraestructura del Estado de Nuevo León","uri":"http://si.nl.gob.mx"},"publishedDate":"2020-03-24T21:18:57.8631502-06:00","license":"https://datos.gob.mx/libreusomx","publicationPolicy":"http://si.nl.gob.mx","version":"1.1","packages":["https://raw.githubusercontent.com/INAImexico/ocds_requestForQuotes_extension/master/extension.json"],"records":[{"ocid":"ocds-7wj9x5-SINL-CPE-015-2019001","releases":[{"url":"http://si.nl.gob.mx/Acceso/DatosAbiertos/000004/SINL-CPE-015-2019/v001/Release-ocds-7wj9x5-SINL-CPE-015-2019-v001-contract.json","date":"2020-03-24T21:18:57.603-06:00","tag":["tender"]}],"compiledRelease":{"ocid":"ocds-7wj9x5-SINL-CPE-015-2019-v001","id":"ocds-7wj9x5-SINL-CPE-015-2019-v001-contract","date":"2020-03-24T21:18:57.5695516-06:00","tag":["planning","tender","award","contract"],"initiationType":"tender","parties":[{"name":"Secretaría de Salud","id":"SIASI-000009","identifier":{"scheme":"SIASI","legalName":"SISTEMA INTEGRAL DE ADMINISTRACIÓN DE LA SECRETARÍA DE INFRAESTRUCTURA"},"address":{"streetAddress":"Washington","locality":"Monterrey","region":"Nuevo León","postalCode":"64010","countryName":"México"},"contactPoint":{"name":"Jesús Salvador Pérez Rodríguez","email":"salvador.perez @nuevoleon.gob.mx","telephone":"8120206730","url":"http://www.nl.gob.mx/dependencias"},"roles":["buyer"]},{"name":"SECRETARIA DE INFRAESTRUCTURA","id":"SIASI-000011","identifier":{"scheme":"SIASI","legalName":"SISTEMA INTEGRAL DE ADMINISTRACIÓN DE LA SECRETARÍA DE INFRAESTRUCTURA"},"address":{"streetAddress":"WASHIGTON 648 OTE","locality":"MONTERREY","region":"NUEVO LEÓN","postalCode":"64000","countryName":"MÉXICO"},"contactPoint":{"name":"HUMBERTO TORRES PADILLA","email":"salvador.perez @nuevoleon.gob.mx","telephone":"8120206730","url":"http://si.nl.gob.mx/"},"roles":["procuringEntity"]},{"name":"SECRETARIA DE FINANZAS Y TESORERIA GENERAL DEL ESTADO DE NUEVO LEON","id":"SIASI-000004","identifier":{"scheme":"SIASI","legalName":"SISTEMA INTEGRAL DE ADMINISTRACIÓN DE LA SECRETARÍA DE INFRAESTRUCTURA"},"address":{"streetAddress":"ESCOBEDO SUR PISO 3 333","locality":"MONTERREY","region":"NUEVO LEÓN","postalCode":"64000","countryName":"MÉXICO"},"contactPoint":{"name":"Jesús Salvador Pérez Rodríguez","email":"salvador.perez @nuevoleon.gob.mx","telephone":"8120206730","url":"http://www.nl.gob.mx/tesoreria"},"roles":["payer"]},{"name":"CKT EDIFICACIONES, S.A. DE C.V.","id":"RFC-CED160218FH6","identifier":{"scheme":"RFC","id":"CED160218FH6","legalName":"REGISTRO FEDERAL DE CONTRIBUYENTES"},"address":{"streetAddress":"AVE. CENTRAL  LOTE N.2","locality":"SABINAS HIDALGO","postalCode":"65240"},"contactPoint":{"name":"LUIS VICENTE FLORES ANCIRA","telephone":"8110633704"},"roles":["tenderer"]},{"name":"DESARROLLO Y CONSTRUCCIONES URBANAS, S.A. DE C.V.","id":"RFC-DCU801124B41","identifier":{"scheme":"RFC","id":"DCU801124B41","legalName":"REGISTRO FEDERAL DE CONTRIBUYENTES"},"address":{"streetAddress":"MANUEL J. CLOUTHIER  3112","locality":"MONTERREY","postalCode":"64650"},"contactPoint":{"name":"JAVIER ILDEFONSO BALLI MARTINEZ","telephone":"8111584208"},"roles":["tenderer","supplier"]},{"name":"VIAS Y DESARROLLOS, S.A. DE C.V.","id":"RFC-VDE970512PX0","identifier":{"scheme":"RFC","id":"VDE970512PX0","legalName":"REGISTRO FEDERAL DE CONTRIBUYENTES"},"address":{"streetAddress":"SIMON DE HERRERA Y LEYVA  216","locality":"MONTERREY","postalCode":"64380"},"contactPoint":{"name":"ESTEBAN PEREZ CANEDO","telephone":"8113148529"},"roles":["tenderer"]},{"name":"KAANS ADMINISTRACION, S.A. DE C.V.","id":"RFC-KAD1003298I6","identifier":{"scheme":"RFC","id":"KAD1003298I6","legalName":"REGISTRO FEDERAL DE CONTRIBUYENTES"},"address":{"streetAddress":"Santa Cristina  1317","locality":"GUADALUPE","postalCode":"67129"},"contactPoint":{"name":"LUIS ALBERTO MATA MARTINEZ","telephone":"38493182"},"roles":["tenderer"]},{"name":"CONSTRUCCIONES DYNAMO, S.A. DE C.V.","id":"RFC-CDY980323MA8","identifier":{"scheme":"RFC","id":"CDY980323MA8","legalName":"REGISTRO FEDERAL DE CONTRIBUYENTES"},"address":{"locality":"MONTERREY","postalCode":"64800"},"contactPoint":{"name":"CESAR EDUARDO GARCIA GUERRERO","telephone":"52 81 83550589 "},"roles":["tenderer"]}],"buyer":{"id":"SIASI-000009","name":"Secretaría de Salud"},"planning":{"numberOfBeneficiaries":0,"budget":{"id":"","amount":{"amount":0.0,"currency":"MXN"},"project":"Sustitución por obra nueva y equipamiento del Hospital General de Montemorelos, 5a Etapa","projectID":"SIE-0095/2014 BIS 5"},"documents":[{"id":"751","documentType":"Contrato de supervisión","title":"Contrato de supervisión","description":"Contrato de supervisión","url":"http://si.nl.gob.mx/Acceso/DatosAbiertos/DocumentosPublicos/000004/SINL-CPE-015-2019/01. Planeación/Contrato de supervisión.pdf","datePublished":"2020-03-21T18:03:01.26-06:00","dateModified":"0001-01-01T00:00:00-06:00","format":"application/pdf","language":"es","x_section":"planning"},{"id":"752","documentType":"Estudio de mercado","title":"Estudio de mercado","description":"Estudio de mercado","url":"http://si.nl.gob.mx/Acceso/DatosAbiertos/DocumentosPublicos/000004/SINL-CPE-015-2019/01. Planeación/Estudio de mercado.pdf","datePublished":"2020-03-21T18:03:01.277-06:00","dateModified":"0001-01-01T00:00:00-06:00","format":"application/pdf","language":"es","x_section":"planning"},{"id":"753","documentType":"Proyecto ejecutivo","title":"Proyecto ejecutivo","description":"Proyecto ejecutivo","url":"http://si.nl.gob.mx/Acceso/DatosAbiertos/DocumentosPublicos/000004/SINL-CPE-015-2019/01. Planeación/Proyecto ejecutivo.rar","datePublished":"2020-03-21T18:03:01.29-06:00","dateModified":"0001-01-01T00:00:00-06:00","format":"application/vnd.rar","language":"es","x_section":"planning"}]},"tender":{"id":"SINL-CPE-015-2019","title":"Sustitución por obra nueva, obra exterior  y equipamiento del Hospital General de Montemorelos (Obras Complementarias)","description":"Sustitución por obra nueva, obra exterior  y equipamiento del Hospital General de Montemorelos (Obras Complementarias)","status":"complete","procuringEntity":{"name":"SECRETARIA DE INFRAESTRUCTURA","id":"SIASI-000011"},"value":{"amount":0.0,"currency":"MXN"},"minValue":{"amount":0.0,"currency":"MXN"},"procurementMethod":"open","procurementMethodDetails":"Licitación Estatal","procurementMethodRationale":"Justificación para el método de compra elegido","mainProcurementCategory":"goods","additionalProcurementCategories":["ND"],"awardCriteria":"ratedCriteria","awardCriteriaDetails":"Para la adjudicación del contrato LA DEPENDENCIA efectuará un análisis comparativo de las propuestas admitidas que no fueron desechadas en el aspecto legal, técnico o económico y elaborará un dictamen en el que se tomaran en cuenta los criterios generales de adjudicación expresados en la Convocatoria.","submissionMethod":["inPerson"],"submissionMethodDetails":"El representante del licitante deberá presentar en persona su oferta escrita en sobre cerrado","tenderPeriod":{"startDate":"2019-09-09T00:00:00-05:00","endDate":"2019-09-09T00:00:00-05:00","maxExtentDate":"2019-09-09T00:00:00-05:00","durationInDays":0},"enquiryPeriod":{"startDate":"2019-09-09T00:00:00-05:00","endDate":"2019-09-25T00:00:00-05:00","maxExtentDate":"2019-09-25T00:00:00-05:00","durationInDays":16},"hasEnquiries":true,"eligibilityCriteria":"El criterio establecido por los artículos 54 y 55 de la Ley de obras públicas para el estado y municipios de Nuevo León","awardPeriod":{"startDate":"2019-10-18T00:00:00-05:00","endDate":"2019-10-18T00:00:00-05:00","maxExtentDate":"2019-11-17T00:00:00-06:00","durationInDays":0},"contractPeriod":{"startDate":"2019-10-18T00:00:00-05:00","endDate":"2019-10-21T00:00:00-05:00","maxExtentDate":"2019-10-28T00:00:00-06:00","durationInDays":3},"numberOfTenderers":5,"tenderers":[{"name":"CKT EDIFICACIONES, S.A. DE C.V.","id":"RFC-CED160218FH6"},{"name":"DESARROLLO Y CONSTRUCCIONES URBANAS, S.A. DE C.V.","id":"RFC-DCU801124B41"},{"name":"VIAS Y DESARROLLOS, S.A. DE C.V.","id":"RFC-VDE970512PX0"},{"name":"KAANS ADMINISTRACION, S.A. DE C.V.","id":"RFC-KAD1003298I6"},{"name":"CONSTRUCCIONES DYNAMO, S.A. DE C.V.","id":"RFC-CDY980323MA8"}],"documents":[{"id":"754","documentType":"Acta de juntas de aclaraciones a las preguntas de los licitantes","title":"Acta de juntas de aclaraciones a las preguntas de los licitantes","description":"Acta de juntas de aclaraciones a las preguntas de los licitantes","url":"http://si.nl.gob.mx/Acceso/DatosAbiertos/DocumentosPublicos/000004/SINL-CPE-015-2019/02. Invitación/Acta de juntas de aclaraciones a las preguntas de los licitantes.pdf","datePublished":"2020-03-21T18:03:01.307-06:00","dateModified":"0001-01-01T00:00:00-06:00","format":"application/pdf","language":"es","x_section":"tender"},{"id":"755","documentType":"Acta de presentación y apertura de propuestas de licitaciones","title":"Acta de presentación y apertura de propuestas de licitaciones","description":"Acta de presentación y apertura de propuestas de licitaciones","url":"http://si.nl.gob.mx/Acceso/DatosAbiertos/DocumentosPublicos/000004/SINL-CPE-015-2019/02. Invitación/Acta de presentación y apertura de propuestas de licitaciones.pdf","datePublished":"2020-03-21T18:03:01.323-06:00","dateModified":"0001-01-01T00:00:00-06:00","format":"application/pdf","language":"es","x_section":"tender"},{"id":"756","documentType":"Anexos de Convocatoria","title":"Anexos de Convocatoria","description":"Anexos de Convocatoria","url":"http://si.nl.gob.mx/Acceso/DatosAbiertos/DocumentosPublicos/000004/SINL-CPE-015-2019/02. Invitación/Anexos de Convocatoria.zip","datePublished":"2020-03-21T18:03:01.337-06:00","dateModified":"0001-01-01T00:00:00-06:00","format":"application/zip","language":"es","x_section":"tender"},{"id":"757","documentType":"Convocatoria de licitaciones","title":"Convocatoria de licitaciones","description":"Convocatoria de licitaciones","url":"http://si.nl.gob.mx/Acceso/DatosAbiertos/DocumentosPublicos/000004/SINL-CPE-015-2019/02. Invitación/Convocatoria de licitaciones.pdf","datePublished":"2020-03-21T18:03:01.353-06:00","dateModified":"0001-01-01T00:00:00-06:00","format":"application/pdf","language":"es","x_section":"tender"},{"id":"758","documentType":"Pre-bases de licitaciones","title":"Pre-bases de licitaciones","description":"Pre-bases de licitaciones","url":"http://si.nl.gob.mx/Acceso/DatosAbiertos/DocumentosPublicos/000004/SINL-CPE-015-2019/02. Invitación/Pre-bases de licitaciones.pdf","datePublished":"2020-03-21T18:03:01.367-06:00","dateModified":"0001-01-01T00:00:00-06:00","format":"application/pdf","language":"es","x_section":"tender"},{"id":"759","documentType":"Registro de asistencia de la visita a las instalaciones","title":"Registro de asistencia de la visita a las instalaciones","description":"Registro de asistencia de la visita a las instalaciones","url":"http://si.nl.gob.mx/Acceso/DatosAbiertos/DocumentosPublicos/000004/SINL-CPE-015-2019/02. Invitación/Registro de asistencia de la visita a las instalaciones.pdf","datePublished":"2020-03-21T18:03:01.377-06:00","dateModified":"0001-01-01T00:00:00-06:00","format":"application/pdf","language":"es","x_section":"tender"},{"id":"760","documentType":"Resumen de convocatoria a la licitación pública","title":"Resumen de convocatoria a la licitación pública","description":"Resumen de convocatoria a la licitación pública","url":"http://si.nl.gob.mx/Acceso/DatosAbiertos/DocumentosPublicos/000004/SINL-CPE-015-2019/02. Invitación/Resumen de convocatoria a la licitación pública.pdf","datePublished":"2020-03-21T18:03:01.387-06:00","dateModified":"0001-01-01T00:00:00-06:00","format":"application/pdf","language":"es","x_section":"tender"}],"milestones":[{"id":"SINL-CPE-015-2019-15878","title":"PRE BASES","type":"preProcurement","description":"PRE BASES","code":"PRE BASES","dueDate":"2019-09-06T16:00:00-05:00","dateMet":"2019-09-06T16:00:00-05:00","dateModified":"2019-09-06T16:00:00-05:00","status":"met"},{"id":"SINL-CPE-015-2019-15879","title":"CONVOCATORIA","type":"preProcurement","description":"CONVOCATORIA","code":"CONVOCATORIA","dueDate":"2019-09-06T08:00:00-05:00","dateMet":"2019-09-06T08:00:00-05:00","dateModified":"2019-09-06T08:00:00-05:00","status":"met"},{"id":"SINL-CPE-015-2019-15880","title":"VISITA A LA OBRA","type":"preProcurement","description":"VISITA A LA OBRA","code":"VISITA A LA OBRA","dueDate":"2019-09-06T08:00:00-05:00","dateMet":"2019-09-06T08:00:00-05:00","dateModified":"2019-09-06T08:00:00-05:00","status":"met"},{"id":"SINL-CPE-015-2019-15881","title":"JUNTA DE ACLARACIONES","type":"preProcurement","description":"JUNTA DE ACLARACIONES","code":"JUNTA DE ACLARACIONES","dueDate":"2019-09-24T12:00:00-05:00","dateMet":"2019-09-24T12:00:00-05:00","dateModified":"2019-09-24T12:00:00-05:00","status":"met"},{"id":"SINL-CPE-015-2019-15883","title":"APERTURA TÉCNICA","type":"assessment","description":"APERTURA TÉCNICA","code":"APERTURA TÉCNICA","dueDate":"2019-09-25T10:00:00-05:00","dateMet":"2019-09-25T10:00:00-05:00","dateModified":"2019-09-25T10:00:00-05:00","status":"met"},{"id":"SINL-CPE-015-2019-15884","title":"APERTURA ECONÓMICA","type":"assessment","description":"APERTURA ECONÓMICA","code":"APERTURA ECONÓMICA","dueDate":"2019-10-03T10:00:00-05:00","dateMet":"2019-10-03T10:00:00-05:00","dateModified":"2019-10-03T10:00:00-05:00","status":"met"},{"id":"SINL-CPE-015-2019-15885","title":"FALLO","type":"engagement","description":"FALLO","code":"FALLO","dueDate":"2019-10-10T16:00:00-05:00","dateMet":"2019-10-10T16:00:00-05:00","dateModified":"2019-10-10T16:00:00-05:00","status":"met"},{"id":"SINL-CPE-015-2019-15886","title":"FIRMA DEL CONTRATO","type":"approval","description":"FIRMA DEL CONTRATO","code":"FIRMA DEL CONTRATO","dueDate":"2019-10-18T10:00:00-05:00","dateMet":"2019-10-18T10:00:00-05:00","dateModified":"2019-10-18T10:00:00-05:00","status":"met"}]},"awards":[{"id":"SINL-CPE-015-2019","title":"Sustitución por obra nueva, obra exterior  y equipamiento del Hospital General de Montemorelos (Obras Complementarias)","description":"Sustitución por obra nueva, obra exterior  y equipamiento del Hospital General de Montemorelos (Obras Complementarias)","status":"active","date":"2019-10-18T00:00:00-05:00","value":{"amount":48722980.6,"currency":"MXN"},"suppliers":[{"id":"RFC-DCU801124B41","name":"DESARROLLO Y CONSTRUCCIONES URBANAS, S.A. DE C.V."}],"contractPeriod":{"startDate":"2019-11-09T00:00:00-06:00","endDate":"2020-01-31T00:00:00-06:00","maxExtentDate":"0001-01-01T00:00:00","durationInDays":83},"documents":[{"id":"761","documentType":"Fallo de licitaciones","title":"Fallo de licitaciones","description":"Fallo de licitaciones","url":"http://si.nl.gob.mx/Acceso/DatosAbiertos/DocumentosPublicos/000004/SINL-CPE-015-2019/03. Adjudicación/Fallo de licitaciones.pdf","datePublished":"2020-03-21T18:03:01.397-06:00","dateModified":"0001-01-01T00:00:00-06:00","format":"application/pdf","language":"es","x_section":"award"},{"id":"762","documentType":"Oferta Ganadora","title":"Oferta Ganadora","description":"Oferta Ganadora","url":"http://si.nl.gob.mx/Acceso/DatosAbiertos/DocumentosPublicos/000004/SINL-CPE-015-2019/03. Adjudicación/OFERTA GANADORA.rar","datePublished":"2020-03-21T18:03:01.407-06:00","dateModified":"0001-01-01T00:00:00-06:00","format":"application/vnd.rar","language":"es","x_section":"award"},{"id":"763","documentType":"Resultado de las evaluaciones de la licitación","title":"Resultado de las evaluaciones de la licitación","description":"Resultado de las evaluaciones de la licitación","url":"http://si.nl.gob.mx/Acceso/DatosAbiertos/DocumentosPublicos/000004/SINL-CPE-015-2019/03. Adjudicación/Resultado de las evaluaciones de la licitación.pdf","datePublished":"2020-03-21T18:03:01.417-06:00","dateModified":"0001-01-01T00:00:00-06:00","format":"application/pdf","language":"es","x_section":"award"}]}],"contracts":[{"id":"1910004","awardID":"SINL-CPE-015-2019","title":"Sustitución por obra nueva, obra exterior  y equipamiento del Hospital General de Montemorelos (Obras Complementarias)","description":"Sustitución por obra nueva, obra exterior  y equipamiento del Hospital General de Montemorelos (Obras Complementarias)","status":"active","x_financial_advance":100.0,"x_physical_advance":100.0,"period":{"startDate":"2019-11-09T00:00:00-06:00","endDate":"2020-01-31T00:00:00-06:00","maxExtentDate":"0001-01-01T00:00:00-06:00","durationInDays":83},"value":{"amount":48722980.6,"currency":"MXN"},"x_estimatedPhysicalProgress":100.0,"x_observedPhysicalProgress":100.0,"items":[{"id":"000008147","description":"001 ALBAÑILERIA","classification":{"scheme":"UNCEFACT","id":"000008147","description":"Catálogo de Conceptos Universal de la Secretaría de Infraestructura del Estado de Nuevo León","uri":"http://si.nl.gob.mx/CatalogoDeConceptosUniversal"},"quantity":1.0,"unit":{"scheme":"SINL-CU","id":"000000221","name":"LOTE","value":{"amount":536429.31,"currency":"MXN"},"uri":"http://si.nl.gob.mx/CatalogoUnidades"}},{"id":"000008199","description":"002 INSTALACIONES ELECTRICAS","classification":{"scheme":"UNCEFACT","id":"000008199","description":"Catálogo de Conceptos Universal de la Secretaría de Infraestructura del Estado de Nuevo León","uri":"http://si.nl.gob.mx/CatalogoDeConceptosUniversal"},"quantity":1.0,"unit":{"scheme":"SINL-CU","id":"000000221","name":"LOTE","value":{"amount":3795707.8878,"currency":"MXN"},"uri":"http://si.nl.gob.mx/CatalogoUnidades"}},{"id":"000007871","description":"003 INSTALACIONES SANITARIAS","classification":{"scheme":"UNCEFACT","id":"000007871","description":"Catálogo de Conceptos Universal de la Secretaría de Infraestructura del Estado de Nuevo León","uri":"http://si.nl.gob.mx/CatalogoDeConceptosUniversal"},"quantity":1.0,"unit":{"scheme":"SINL-CU","id":"000000221","name":"LOTE","value":{"amount":1358248.38,"currency":"MXN"},"uri":"http://si.nl.gob.mx/CatalogoUnidades"}},{"id":"000003304","description":"005 CANCELERIA","classification":{"scheme":"UNCEFACT","id":"000003304","description":"Catálogo de Conceptos Universal de la Secretaría de Infraestructura del Estado de Nuevo León","uri":"http://si.nl.gob.mx/CatalogoDeConceptosUniversal"},"quantity":1.0,"unit":{"scheme":"SINL-CU","id":"000000221","name":"LOTE","value":{"amount":285192.95,"currency":"MXN"},"uri":"http://si.nl.gob.mx/CatalogoUnidades"}},{"id":"000005615","description":"006 HERRERIA","classification":{"scheme":"UNCEFACT","id":"000005615","description":"Catálogo de Conceptos Universal de la Secretaría de Infraestructura del Estado de Nuevo León","uri":"http://si.nl.gob.mx/CatalogoDeConceptosUniversal"},"quantity":1.0,"unit":{"scheme":"SINL-CU","id":"000000221","name":"LOTE","value":{"amount":893703.3,"currency":"MXN"},"uri":"http://si.nl.gob.mx/CatalogoUnidades"}},{"id":"000000419","description":"007 ACABADOS","classification":{"scheme":"UNCEFACT","id":"000000419","description":"Catálogo de Conceptos Universal de la Secretaría de Infraestructura del Estado de Nuevo León","uri":"http://si.nl.gob.mx/CatalogoDeConceptosUniversal"},"quantity":1.0,"unit":{"scheme":"SINL-CU","id":"000000221","name":"LOTE","value":{"amount":3516405.31,"currency":"MXN"},"uri":"http://si.nl.gob.mx/CatalogoUnidades"}},{"id":"000001936","description":"009 AIRE ACONDICIONADO","classification":{"scheme":"UNCEFACT","id":"000001936","description":"Catálogo de Conceptos Universal de la Secretaría de Infraestructura del Estado de Nuevo León","uri":"http://si.nl.gob.mx/CatalogoDeConceptosUniversal"},"quantity":1.0,"unit":{"scheme":"SINL-CU","id":"000000221","name":"LOTE","value":{"amount":1154149.0022,"currency":"MXN"},"uri":"http://si.nl.gob.mx/CatalogoUnidades"}},{"id":"000001850","description":"012 AIRE ACONDICIONADO","classification":{"scheme":"UNCEFACT","id":"000001850","description":"Catálogo de Conceptos Universal de la Secretaría de Infraestructura del Estado de Nuevo León","uri":"http://si.nl.gob.mx/CatalogoDeConceptosUniversal"},"quantity":1.0,"unit":{"scheme":"SINL-CU","id":"000000221","name":"LOTE","value":{"amount":3291375.92,"currency":"MXN"},"uri":"http://si.nl.gob.mx/CatalogoUnidades"}},{"id":"000004859","description":"014 INSTALACIONES ELECTRICAS","classification":{"scheme":"UNCEFACT","id":"000004859","description":"Catálogo de Conceptos Universal de la Secretaría de Infraestructura del Estado de Nuevo León","uri":"http://si.nl.gob.mx/CatalogoDeConceptosUniversal"},"quantity":1.0,"unit":{"scheme":"SINL-CU","id":"000000221","name":"LOTE","value":{"amount":1007411.66,"currency":"MXN"},"uri":"http://si.nl.gob.mx/CatalogoUnidades"}},{"id":"000004427","description":"015 INSTALACIONES SANITARIAS","classification":{"scheme":"UNCEFACT","id":"000004427","description":"Catálogo de Conceptos Universal de la Secretaría de Infraestructura del Estado de Nuevo León","uri":"http://si.nl.gob.mx/CatalogoDeConceptosUniversal"},"quantity":1.0,"unit":{"scheme":"SINL-CU","id":"000000221","name":"LOTE","value":{"amount":605416.76,"currency":"MXN"},"uri":"http://si.nl.gob.mx/CatalogoUnidades"}},{"id":"000008183","description":"017 CANCELERIA","classification":{"scheme":"UNCEFACT","id":"000008183","description":"Catálogo de Conceptos Universal de la Secretaría de Infraestructura del Estado de Nuevo León","uri":"http://si.nl.gob.mx/CatalogoDeConceptosUniversal"},"quantity":1.0,"unit":{"scheme":"SINL-CU","id":"000000221","name":"LOTE","value":{"amount":373676.8,"currency":"MXN"},"uri":"http://si.nl.gob.mx/CatalogoUnidades"}},{"id":"000006161","description":"018 HERRERIA","classification":{"scheme":"UNCEFACT","id":"000006161","description":"Catálogo de Conceptos Universal de la Secretaría de Infraestructura del Estado de Nuevo León","uri":"http://si.nl.gob.mx/CatalogoDeConceptosUniversal"},"quantity":1.0,"unit":{"scheme":"SINL-CU","id":"000000221","name":"LOTE","value":{"amount":317818.8,"currency":"MXN"},"uri":"http://si.nl.gob.mx/CatalogoUnidades"}},{"id":"000001704","description":"021 AIRE ACONDICIONADO","classification":{"scheme":"UNCEFACT","id":"000001704","description":"Catálogo de Conceptos Universal de la Secretaría de Infraestructura del Estado de Nuevo León","uri":"http://si.nl.gob.mx/CatalogoDeConceptosUniversal"},"quantity":1.0,"unit":{"scheme":"SINL-CU","id":"000000221","name":"LOTE","value":{"amount":523398.8584,"currency":"MXN"},"uri":"http://si.nl.gob.mx/CatalogoUnidades"}},{"id":"000003834","description":"025 INSTALACIONES ELECTRICAS","classification":{"scheme":"UNCEFACT","id":"000003834","description":"Catálogo de Conceptos Universal de la Secretaría de Infraestructura del Estado de Nuevo León","uri":"http://si.nl.gob.mx/CatalogoDeConceptosUniversal"},"quantity":1.0,"unit":{"scheme":"SINL-CU","id":"000000221","name":"LOTE","value":{"amount":2387704.15,"currency":"MXN"},"uri":"http://si.nl.gob.mx/CatalogoUnidades"}},{"id":"000002480","description":"027 HERRERIA","classification":{"scheme":"UNCEFACT","id":"000002480","description":"Catálogo de Conceptos Universal de la Secretaría de Infraestructura del Estado de Nuevo León","uri":"http://si.nl.gob.mx/CatalogoDeConceptosUniversal"},"quantity":1.0,"unit":{"scheme":"SINL-CU","id":"000000221","name":"LOTE","value":{"amount":1392825.07,"currency":"MXN"},"uri":"http://si.nl.gob.mx/CatalogoUnidades"}},{"id":"000001023","description":"031 ACABADOS","classification":{"scheme":"UNCEFACT","id":"000001023","description":"Catálogo de Conceptos Universal de la Secretaría de Infraestructura del Estado de Nuevo León","uri":"http://si.nl.gob.mx/CatalogoDeConceptosUniversal"},"quantity":1.0,"unit":{"scheme":"SINL-CU","id":"000000221","name":"LOTE","value":{"amount":255746.68,"currency":"MXN"},"uri":"http://si.nl.gob.mx/CatalogoUnidades"}}],"dateSigned":"2019-10-18T00:00:00-05:00","documents":[{"id":"764","documentType":"Anexos de Contrato","title":"Anexos de Contrato","description":"Anexos de Contrato","url":"http://si.nl.gob.mx/Acceso/DatosAbiertos/DocumentosPublicos/000004/SINL-CPE-015-2019/04. Contratación/Anexos de Contrato.pdf","datePublished":"2020-03-21T18:03:01.43-06:00","dateModified":"0001-01-01T00:00:00-06:00","format":"application/pdf","language":"es","x_section":"contract"},{"id":"765","documentType":"Contrato firmado","title":"Contrato firmado","description":"Contrato firmado","url":"http://si.nl.gob.mx/Acceso/DatosAbiertos/DocumentosPublicos/000004/SINL-CPE-015-2019/04. Contratación/Contrato firmado.pdf","datePublished":"2020-03-21T18:03:01.447-06:00","dateModified":"0001-01-01T00:00:00-06:00","format":"application/pdf","language":"es","x_section":"contract"},{"id":"766","documentType":"Evaluación de la procedencia de la recisión del contrato","title":"Evaluación de la procedencia de la recisión del contrato","description":"Evaluación de la procedencia de la recisión del contrato","url":"http://si.nl.gob.mx/Acceso/DatosAbiertos/DocumentosPublicos/000004/SINL-CPE-015-2019/05. Ejecución/Evaluación de la procedencia de la recisión del contrato.01.pdf","datePublished":"2020-03-21T18:03:01.467-06:00","dateModified":"0001-01-01T00:00:00-06:00","format":"application/pdf","language":"es","x_section":"contract"},{"id":"767","documentType":"Evaluación de la procedencia de la recisión del contrato","title":"Evaluación de la procedencia de la recisión del contrato","description":"Evaluación de la procedencia de la recisión del contrato","url":"http://si.nl.gob.mx/Acceso/DatosAbiertos/DocumentosPublicos/000004/SINL-CPE-015-2019/05. Ejecución/Evaluación de la procedencia de la recisión del contrato.02.pdf","datePublished":"2020-03-21T18:03:01.483-06:00","dateModified":"0001-01-01T00:00:00-06:00","format":"application/pdf","language":"es","x_section":"contract"},{"id":"768","documentType":"Evaluación de la procedencia de la recisión del contrato","title":"Evaluación de la procedencia de la recisión del contrato","description":"Evaluación de la procedencia de la recisión del contrato","url":"http://si.nl.gob.mx/Acceso/DatosAbiertos/DocumentosPublicos/000004/SINL-CPE-015-2019/05. Ejecución/Evaluación de la procedencia de la recisión del contrato.pdf","datePublished":"2020-03-21T18:03:01.5-06:00","dateModified":"0001-01-01T00:00:00-06:00","format":"application/pdf","language":"es","x_section":"contract"},{"id":"1003","documentType":"Finiquito del contrato","title":"Finiquito del contrato","description":"Finiquito del contrato","datePublished":"0001-01-01T00:00:00-06:00","dateModified":"0001-01-01T00:00:00-06:00","format":"ND","language":"es","x_section":"contract"},{"id":"1007","documentType":"Finiquito del contrato","title":"Finiquito del contrato","description":"Finiquito del contrato","datePublished":"0001-01-01T00:00:00-06:00","dateModified":"0001-01-01T00:00:00-06:00","format":"ND","language":"es","x_section":"contract"},{"id":"769","documentType":"Lista de escalada de aprobaciones","title":"Lista de escalada de aprobaciones","description":"Lista de escalada de aprobaciones","url":"http://si.nl.gob.mx/Acceso/DatosAbiertos/DocumentosPublicos/000004/SINL-CPE-015-2019/05. Ejecución/Lista de escalada de aprobaciones.pdf","datePublished":"2020-03-21T18:03:01.517-06:00","dateModified":"0001-01-01T00:00:00-06:00","format":"application/pdf","language":"es","x_section":"implementarion"},{"id":"1004","documentType":"Reportes de calidad","title":"Reportes de calidad","description":"Reportes de calidad","datePublished":"0001-01-01T00:00:00-06:00","dateModified":"0001-01-01T00:00:00-06:00","format":"ND","language":"es","x_section":"implementarion"},{"id":"1005","documentType":"Reportes de supervisión","title":"Reportes de supervisión","description":"Reportes de supervisión","datePublished":"0001-01-01T00:00:00-06:00","dateModified":"0001-01-01T00:00:00-06:00","format":"ND","language":"es","x_section":"implementarion"},{"id":"1006","documentType":"Certificado de terminación (informe de conclusión)","title":"Certificado de terminación (informe de conclusión)","description":"Certificado de terminación (informe de conclusión)","datePublished":"0001-01-01T00:00:00-06:00","dateModified":"0001-01-01T00:00:00-06:00","format":"ND","language":"es","x_section":"implementarion"},{"id":"1008","documentType":"Convenios modificatorios","title":"Convenios modificatorios","description":"Convenios modificatorios","datePublished":"0001-01-01T00:00:00-06:00","dateModified":"0001-01-01T00:00:00-06:00","format":"ND","language":"es","x_section":"implementarion"}],"implementation":{"transactions":[{"id":"EST-2019-10-590","date":"2019-10-30T10:00:52-06:00","value":{"amount":14616894.19,"currency":"MXN"},"payer":{"name":"SFYTGE","id":"RFC-GEN620601DTA"},"payee":{"name":"DESARROLLO Y CONSTRUCCIONES URBANAS, S.A. DE C.V.","id":"DCU801124B41"}},{"id":"EST-2019-12-752","date":"2019-12-06T14:49:48-06:00","value":{"amount":11733830.22,"currency":"MXN"},"payer":{"name":"SFYTGE","id":"RFC-GEN620601DTA"},"payee":{"name":"DESARROLLO Y CONSTRUCCIONES URBANAS, S.A. DE C.V.","id":"DCU801124B41"}}],"documents":[]},"milestones":[]}],"language":"es"}}]}