{"uri":"http://si.nl.gob.mx/Acceso/DatosAbiertos/000002/SINL-CPE-021-2018/v001/RecordPackage-ocds-7wj9x5-SINL-CPE-021-2018-v001-contract.json","publisher":{"scheme":"GB-COH","uid":"","name":"Secretaría de Infraestructura del Estado de Nuevo León","uri":"http://si.nl.gob.mx"},"publishedDate":"2020-03-24T21:16:41.9864892-06:00","license":"https://datos.gob.mx/libreusomx","publicationPolicy":"http://si.nl.gob.mx","version":"1.1","packages":["https://raw.githubusercontent.com/INAImexico/ocds_requestForQuotes_extension/master/extension.json"],"records":[{"ocid":"ocds-7wj9x5-SINL-CPE-021-2018001","releases":[{"url":"http://si.nl.gob.mx/Acceso/DatosAbiertos/000002/SINL-CPE-021-2018/v001/Release-ocds-7wj9x5-SINL-CPE-021-2018-v001-contract.json","date":"2020-03-24T21:16:41.83-06:00","tag":["tender"]}],"compiledRelease":{"ocid":"ocds-7wj9x5-SINL-CPE-021-2018-v001","id":"ocds-7wj9x5-SINL-CPE-021-2018-v001-contract","date":"2020-03-24T21:16:41.8286554-06:00","tag":["planning","tender","award","contract"],"initiationType":"tender","parties":[{"name":"Secretaría de Desarrollo Social","id":"SIASI-000012","identifier":{"scheme":"SIASI","legalName":"SISTEMA INTEGRAL DE ADMINISTRACIÓN DE LA SECRETARÍA DE INFRAESTRUCTURA"},"address":{"streetAddress":"Washington","locality":"Monterrey","region":"Nuevo León","postalCode":"64010","countryName":"México"},"contactPoint":{"name":"GENARO ALANÍS DE LA FUENTE","email":"genaro.alanis@nuevoleon.gob.mx","telephone":"8120206730","url":"http://www.nl.gob.mx/desarrollosocial"},"roles":["buyer"]},{"name":"SECRETARIA DE INFRAESTRUCTURA","id":"SIASI-000011","identifier":{"scheme":"SIASI","legalName":"SISTEMA INTEGRAL DE ADMINISTRACIÓN DE LA SECRETARÍA DE INFRAESTRUCTURA"},"address":{"streetAddress":"WASHIGTON 648 OTE","locality":"MONTERREY","region":"NUEVO LEÓN","postalCode":"64000","countryName":"MÉXICO"},"contactPoint":{"name":"HUMBERTO TORRES PADILLA","email":"salvador.perez @nuevoleon.gob.mx","telephone":"8120206730","url":"http://si.nl.gob.mx/"},"roles":["procuringEntity"]},{"name":"SECRETARIA DE FINANZAS Y TESORERIA GENERAL DEL ESTADO DE NUEVO LEON","id":"SIASI-000004","identifier":{"scheme":"SIASI","legalName":"SISTEMA INTEGRAL DE ADMINISTRACIÓN DE LA SECRETARÍA DE INFRAESTRUCTURA"},"address":{"streetAddress":"ESCOBEDO SUR PISO 3 333","locality":"MONTERREY","region":"NUEVO LEÓN","postalCode":"64000","countryName":"MÉXICO"},"contactPoint":{"name":"Jesús Salvador Pérez Rodríguez","email":"salvador.perez @nuevoleon.gob.mx","telephone":"8120206730","url":"http://www.nl.gob.mx/tesoreria"},"roles":["payer"]},{"name":"BUFETE URBANISTICO, S.A. DE C.V.","id":"RFC-BUR001114GL6","identifier":{"scheme":"RFC","id":"BUR001114GL6","legalName":"REGISTRO FEDERAL DE CONTRIBUYENTES"},"address":{"locality":"MONTERREY","postalCode":"64100"},"contactPoint":{"name":"PEDRO OCTAVIO LUNA HERNANDEZ","telephone":"8183919881"},"roles":["tenderer"]},{"name":"CONSTRUCTORA Y URBANIZADORA JE-FE, S.A. DE C.V.","id":"RFC-CUJ971122D1A","identifier":{"scheme":"RFC","id":"CUJ971122D1A","legalName":"REGISTRO FEDERAL DE CONTRIBUYENTES"},"address":{"locality":"SAN NICOLÁS DE LOS GARZA","postalCode":"66464"},"contactPoint":{},"roles":["tenderer"]},{"name":"ELEBA CONSTRUCCIONES, S.A. DE C.V.","id":"RFC-ECO921016UY4","identifier":{"scheme":"RFC","id":"ECO921016UY4","legalName":"REGISTRO FEDERAL DE CONTRIBUYENTES"},"address":{"locality":"MONTERREY","postalCode":"64800"},"contactPoint":{"name":"ABEL GUADALUPE ELIZONDO SANCHEZ","telephone":"83557880"},"roles":["tenderer"]},{"name":"MAQUINARIA HDL Y SERVICIOS INMOBILIARIOS, S. DE R.L. DE C.V. ","id":"RFC-MHS150603PE5","identifier":{"scheme":"RFC","id":"MHS150603PE5","legalName":"REGISTRO FEDERAL DE CONTRIBUYENTES"},"address":{"locality":"MONTERREY","postalCode":"64610"},"contactPoint":{},"roles":["tenderer"]},{"name":"CONSTRUCCIONES Y URBANIZACIONES FANIM, S.A. DE C.V.","id":"RFC-CUF060324I89","identifier":{"scheme":"RFC","id":"CUF060324I89","legalName":"REGISTRO FEDERAL DE CONTRIBUYENTES"},"address":{"locality":"MONTERREY","postalCode":"64550"},"contactPoint":{"name":"FERMIN DE LA RIVA DELGADO","telephone":"8118725835"},"roles":["tenderer"]},{"name":"J. FIDENCIO ANGUIANO FLORES","id":"RFC-AUFJ591117623","identifier":{"scheme":"RFC","id":"AUFJ591117623","legalName":"REGISTRO FEDERAL DE CONTRIBUYENTES"},"address":{"locality":"APODACA","postalCode":"66634"},"contactPoint":{"name":"J. FIDENCIO ANGUIANO FLORES","telephone":"8112139439"},"roles":["tenderer"]},{"name":"M T EXCAVA Y CONSTRUYE, S.A. DE C.V.","id":"RFC-GENE180322A50","identifier":{"scheme":"RFC","id":"GENE180322A50","legalName":"REGISTRO FEDERAL DE CONTRIBUYENTES"},"address":{"locality":"MONTERREY","postalCode":"64630"},"contactPoint":{},"roles":["tenderer","supplier"]},{"name":"GRUPO IMASA, S.A. DE C.V. E  INGENIERIA MAS ARQUITECTURA, S.A. DE C.V. (PARTICIPACIÓN CONJUNTA)","id":"RFC-SIN DATO-B2F51370-1422-42E6-B688-17D40E419B01","identifier":{"scheme":"RFC","id":"SIN DATO-B2F51370-1422-42E6-B688-17D40E419B01","legalName":"REGISTRO FEDERAL DE CONTRIBUYENTES"},"address":{},"contactPoint":{},"roles":["tenderer"]}],"buyer":{"id":"SIASI-000012","name":"Secretaría de Desarrollo Social"},"planning":{"rationale":"500","numberOfBeneficiaries":0,"budget":{"id":"20407","description":"FISE 2017","amount":{"amount":630000.0,"currency":"MXN"},"project":"Construcción de red de drenaje sanitario en diversas calles de la Col. Ruperto Martínez, en el municipio de Higueras, N.L.","projectID":"PEI-0105/2018"},"documents":[{"id":"666","documentType":"Estudio de mercado","title":"Estudio de mercado","description":"Estudio de mercado","url":"http://si.nl.gob.mx/Acceso/DatosAbiertos/DocumentosPublicos/000002/SINL-CPE-021-2018/01. Planeación/Estudio de mercado.pdf","datePublished":"2020-03-21T18:02:59.197-06:00","dateModified":"0001-01-01T00:00:00-06:00","format":"application/pdf","language":"es","x_section":"planning"},{"id":"667","documentType":"Proyecto ejecutivo","title":"Proyecto ejecutivo","description":"Proyecto ejecutivo","url":"http://si.nl.gob.mx/Acceso/DatosAbiertos/DocumentosPublicos/000002/SINL-CPE-021-2018/01. Planeación/Proyecto ejecutivo.pdf","datePublished":"2020-03-21T18:02:59.213-06:00","dateModified":"0001-01-01T00:00:00-06:00","format":"application/pdf","language":"es","x_section":"planning"}]},"tender":{"id":"SINL-CPE-021-2018","title":"Construcción de red de drenaje sanitario en diversas calles de la Col. Ruperto Martínez, en el municipio de Higueras, N.L.","description":"Construcción de red de drenaje sanitario en diversas calles de la Col. Ruperto Martínez, en el municipio de Higueras, N.L.","status":"complete","procuringEntity":{"name":"SECRETARIA DE INFRAESTRUCTURA","id":"SIASI-000011"},"value":{"amount":4640130.1,"currency":"MXN"},"minValue":{"amount":0.0,"currency":"MXN"},"procurementMethod":"open","procurementMethodDetails":"Licitación Estatal","procurementMethodRationale":"Justificación para el método de compra elegido","mainProcurementCategory":"goods","additionalProcurementCategories":["ND"],"awardCriteria":"ratedCriteria","awardCriteriaDetails":"Para la adjudicación del contrato LA DEPENDENCIA efectuará un análisis comparativo de las propuestas admitidas que no fueron desechadas en el aspecto legal, técnico o económico y elaborará un dictamen en el que se tomaran en cuenta los criterios generales de adjudicación expresados en la Convocatoria.","submissionMethod":["inPerson"],"submissionMethodDetails":"El representante del licitante deberá presentar en persona su oferta escrita en sobre cerrado","tenderPeriod":{"startDate":"2018-06-11T00:00:00-05:00","endDate":"2018-06-11T00:00:00-05:00","maxExtentDate":"2018-06-11T00:00:00-05:00","durationInDays":0},"enquiryPeriod":{"startDate":"2018-06-11T00:00:00-05:00","endDate":"2018-06-21T00:00:00-05:00","maxExtentDate":"2018-06-21T00:00:00-05:00","durationInDays":10},"hasEnquiries":true,"eligibilityCriteria":"El criterio establecido por los artículos 54 y 55 de la Ley de obras públicas para el estado y municipios de Nuevo León","awardPeriod":{"startDate":"2018-07-18T00:00:00-05:00","endDate":"2018-07-18T00:00:00-05:00","maxExtentDate":"2018-08-17T00:00:00-05:00","durationInDays":0},"contractPeriod":{"startDate":"2018-07-18T00:00:00-05:00","endDate":"2018-07-18T00:00:00-05:00","maxExtentDate":"2018-07-25T00:00:00-05:00","durationInDays":0},"numberOfTenderers":8,"tenderers":[{"name":"BUFETE URBANISTICO, S.A. DE C.V.","id":"RFC-BUR001114GL6"},{"name":"CONSTRUCTORA Y URBANIZADORA JE-FE, S.A. DE C.V.","id":"RFC-CUJ971122D1A"},{"name":"ELEBA CONSTRUCCIONES, S.A. DE C.V.","id":"RFC-ECO921016UY4"},{"name":"MAQUINARIA HDL Y SERVICIOS INMOBILIARIOS, S. DE R.L. DE C.V. ","id":"RFC-MHS150603PE5"},{"name":"CONSTRUCCIONES Y URBANIZACIONES FANIM, S.A. DE C.V.","id":"RFC-CUF060324I89"},{"name":"J. FIDENCIO ANGUIANO FLORES","id":"RFC-AUFJ591117623"},{"name":"M T EXCAVA Y CONSTRUYE, S.A. DE C.V.","id":"RFC-GENE180322A50"},{"name":"GRUPO IMASA, S.A. DE C.V. E  INGENIERIA MAS ARQUITECTURA, S.A. DE C.V. (PARTICIPACIÓN CONJUNTA)","id":"RFC-SIN DATO-F7952477-5D9C-4EC8-9C80-FC52CCA32CED"}],"documents":[{"id":"668","documentType":"Acta de juntas de aclaraciones a las preguntas de los licitantes","title":"Acta de juntas de aclaraciones a las preguntas de los licitantes","description":"Acta de juntas de aclaraciones a las preguntas de los licitantes","url":"http://si.nl.gob.mx/Acceso/DatosAbiertos/DocumentosPublicos/000002/SINL-CPE-021-2018/02. Invitación/Acta de juntas de aclaraciones a las preguntas de los licitantes.pdf","datePublished":"2020-03-21T18:02:59.227-06:00","dateModified":"0001-01-01T00:00:00-06:00","format":"application/pdf","language":"es","x_section":"tender"},{"id":"669","documentType":"Acta de presentación y apertura de propuestas de licitaciones","title":"Acta de presentación y apertura de propuestas de licitaciones","description":"Acta de presentación y apertura de propuestas de licitaciones","url":"http://si.nl.gob.mx/Acceso/DatosAbiertos/DocumentosPublicos/000002/SINL-CPE-021-2018/02. Invitación/Acta de presentación y apertura de propuestas de licitaciones.pdf","datePublished":"2020-03-21T18:02:59.24-06:00","dateModified":"0001-01-01T00:00:00-06:00","format":"application/pdf","language":"es","x_section":"tender"},{"id":"670","documentType":"Anexos de Convocatoria","title":"Anexos de Convocatoria","description":"Anexos de Convocatoria","url":"http://si.nl.gob.mx/Acceso/DatosAbiertos/DocumentosPublicos/000002/SINL-CPE-021-2018/02. Invitación/Anexos de Convocatoria.zip","datePublished":"2020-03-21T18:02:59.257-06:00","dateModified":"0001-01-01T00:00:00-06:00","format":"application/zip","language":"es","x_section":"tender"},{"id":"671","documentType":"Convocatoria de licitaciones","title":"Convocatoria de licitaciones","description":"Convocatoria de licitaciones","url":"http://si.nl.gob.mx/Acceso/DatosAbiertos/DocumentosPublicos/000002/SINL-CPE-021-2018/02. Invitación/Convocatoria de licitaciones.pdf","datePublished":"2020-03-21T18:02:59.33-06:00","dateModified":"0001-01-01T00:00:00-06:00","format":"application/pdf","language":"es","x_section":"tender"},{"id":"672","documentType":"Pre-bases de licitaciones","title":"Pre-bases de licitaciones","description":"Pre-bases de licitaciones","url":"http://si.nl.gob.mx/Acceso/DatosAbiertos/DocumentosPublicos/000002/SINL-CPE-021-2018/02. Invitación/Pre-bases de licitaciones.pdf","datePublished":"2020-03-21T18:02:59.357-06:00","dateModified":"0001-01-01T00:00:00-06:00","format":"application/pdf","language":"es","x_section":"tender"},{"id":"673","documentType":"Registro de asistencia de la visita a las instalaciones","title":"Registro de asistencia de la visita a las instalaciones","description":"Registro de asistencia de la visita a las instalaciones","url":"http://si.nl.gob.mx/Acceso/DatosAbiertos/DocumentosPublicos/000002/SINL-CPE-021-2018/02. Invitación/Registro de asistencia de la visita a las instalaciones.pdf","datePublished":"2020-03-21T18:02:59.367-06:00","dateModified":"0001-01-01T00:00:00-06:00","format":"application/pdf","language":"es","x_section":"tender"},{"id":"674","documentType":"Resumen de convocatoria a la licitación pública","title":"Resumen de convocatoria a la licitación pública","description":"Resumen de convocatoria a la licitación pública","url":"http://si.nl.gob.mx/Acceso/DatosAbiertos/DocumentosPublicos/000002/SINL-CPE-021-2018/02. Invitación/Resumen de convocatoria a la licitación pública.pdf","datePublished":"2020-03-21T18:02:59.377-06:00","dateModified":"0001-01-01T00:00:00-06:00","format":"application/pdf","language":"es","x_section":"tender"}],"milestones":[{"id":"SINL-CPE-021-2018-14548","title":"CONVOCATORIA","type":"preProcurement","description":"CONVOCATORIA","code":"CONVOCATORIA","dueDate":"2018-06-08T08:00:00-05:00","dateMet":"2018-06-08T08:00:00-05:00","dateModified":"2018-06-08T08:00:00-05:00","status":"met"},{"id":"SINL-CPE-021-2018-14549","title":"VISITA A LA OBRA","type":"preProcurement","description":"VISITA A LA OBRA","code":"VISITA A LA OBRA","dueDate":"2018-06-08T08:00:00-05:00","dateMet":"2018-06-08T08:00:00-05:00","dateModified":"2018-06-08T08:00:00-05:00","status":"met"},{"id":"SINL-CPE-021-2018-14550","title":"JUNTA DE ACLARACIONES","type":"preProcurement","description":"JUNTA DE ACLARACIONES","code":"JUNTA DE ACLARACIONES","dueDate":"2018-06-08T10:00:00-05:00","dateMet":"2018-06-08T10:00:00-05:00","dateModified":"2018-06-08T10:00:00-05:00","status":"met"},{"id":"SINL-CPE-021-2018-14552","title":"APERTURA TÉCNICA","type":"assessment","description":"APERTURA TÉCNICA","code":"APERTURA TÉCNICA","dueDate":"2018-06-08T10:00:00-05:00","dateMet":"2018-06-08T10:00:00-05:00","dateModified":"2018-06-08T10:00:00-05:00","status":"met"},{"id":"SINL-CPE-021-2018-14553","title":"APERTURA ECONÓMICA","type":"assessment","description":"APERTURA ECONÓMICA","code":"APERTURA ECONÓMICA","dueDate":"2018-06-08T10:00:00-05:00","dateMet":"2018-06-08T10:00:00-05:00","dateModified":"2018-06-08T10:00:00-05:00","status":"met"},{"id":"SINL-CPE-021-2018-14554","title":"FALLO","type":"engagement","description":"FALLO","code":"FALLO","dueDate":"2018-07-09T13:00:00-05:00","dateMet":"2018-07-09T13:00:00-05:00","dateModified":"2018-07-09T13:00:00-05:00","status":"met"}]},"awards":[{"id":"SINL-CPE-021-2018","title":"Construcción de red de drenaje sanitario en diversas calles de la Col. Ruperto Martínez, en el municipio de Higueras, N.L.","description":"Construcción de red de drenaje sanitario en diversas calles de la Col. Ruperto Martínez, en el municipio de Higueras, N.L.","status":"active","date":"2018-07-18T00:00:00-05:00","value":{"amount":3887503.96,"currency":"MXN"},"suppliers":[{"id":"RFC-GENE180322A50","name":"M T EXCAVA Y CONSTRUYE, S.A. DE C.V."}],"contractPeriod":{"startDate":"2018-08-07T00:00:00-05:00","endDate":"2018-12-24T00:00:00-06:00","maxExtentDate":"0001-01-01T00:00:00","durationInDays":139},"documents":[{"id":"675","documentType":"Fallo de licitaciones","title":"Fallo de licitaciones","description":"Fallo de licitaciones","url":"http://si.nl.gob.mx/Acceso/DatosAbiertos/DocumentosPublicos/000002/SINL-CPE-021-2018/03. Adjudicación/Fallo de licitaciones.pdf","datePublished":"2020-03-21T18:02:59.387-06:00","dateModified":"0001-01-01T00:00:00-06:00","format":"application/pdf","language":"es","x_section":"award"},{"id":"676","documentType":"Oferta Ganadora","title":"Oferta Ganadora","description":"Oferta Ganadora","url":"http://si.nl.gob.mx/Acceso/DatosAbiertos/DocumentosPublicos/000002/SINL-CPE-021-2018/03. Adjudicación/Oferta Ganadora.rar","datePublished":"2020-03-21T18:02:59.397-06:00","dateModified":"0001-01-01T00:00:00-06:00","format":"application/vnd.rar","language":"es","x_section":"award"},{"id":"677","documentType":"Resultado de las evaluaciones de la licitación","title":"Resultado de las evaluaciones de la licitación","description":"Resultado de las evaluaciones de la licitación","url":"http://si.nl.gob.mx/Acceso/DatosAbiertos/DocumentosPublicos/000002/SINL-CPE-021-2018/03. Adjudicación/Resultado de las evaluaciones de la licitación.pdf","datePublished":"2020-03-21T18:02:59.403-06:00","dateModified":"0001-01-01T00:00:00-06:00","format":"application/pdf","language":"es","x_section":"award"}]}],"contracts":[{"id":"1807002","awardID":"SINL-CPE-021-2018","title":"Construcción de red de drenaje sanitario en diversas calles de la Col. Ruperto Martínez, en el municipio de Higueras, N.L.","description":"Construcción de red de drenaje sanitario en diversas calles de la Col. Ruperto Martínez, en el municipio de Higueras, N.L.","status":"terminated","x_financial_advance":100.0,"x_physical_advance":100.0,"period":{"startDate":"2018-08-07T00:00:00-05:00","endDate":"2018-12-24T00:00:00-06:00","maxExtentDate":"0001-01-01T00:00:00-06:00","durationInDays":139},"value":{"amount":3983804.74,"currency":"MXN"},"x_estimatedPhysicalProgress":100.0,"x_observedPhysicalProgress":100.0,"items":[{"id":"000004729","description":"001 PRELIMINARES","classification":{"scheme":"UNCEFACT","id":"000004729","description":"Catálogo de Conceptos Universal de la Secretaría de Infraestructura del Estado de Nuevo León","uri":"http://si.nl.gob.mx/CatalogoDeConceptosUniversal"},"quantity":1.0,"unit":{"scheme":"SINL-CU","id":"000000221","name":"LOTE","value":{"amount":27317.8168,"currency":"MXN"},"uri":"http://si.nl.gob.mx/CatalogoUnidades"}},{"id":"000006504","description":"002 MOVIMIENTO DE TIERRAS","classification":{"scheme":"UNCEFACT","id":"000006504","description":"Catálogo de Conceptos Universal de la Secretaría de Infraestructura del Estado de Nuevo León","uri":"http://si.nl.gob.mx/CatalogoDeConceptosUniversal"},"quantity":1.0,"unit":{"scheme":"SINL-CU","id":"000000221","name":"LOTE","value":{"amount":1631439.9349,"currency":"MXN"},"uri":"http://si.nl.gob.mx/CatalogoUnidades"}},{"id":"000008102","description":"003 INFRAESTRUCTURA Y SERVICIOS URBANOS","classification":{"scheme":"UNCEFACT","id":"000008102","description":"Catálogo de Conceptos Universal de la Secretaría de Infraestructura del Estado de Nuevo León","uri":"http://si.nl.gob.mx/CatalogoDeConceptosUniversal"},"quantity":1.0,"unit":{"scheme":"SINL-CU","id":"000000221","name":"LOTE","value":{"amount":1909940.704,"currency":"MXN"},"uri":"http://si.nl.gob.mx/CatalogoUnidades"}},{"id":"000002127","description":"004 VARIOS","classification":{"scheme":"UNCEFACT","id":"000002127","description":"Catálogo de Conceptos Universal de la Secretaría de Infraestructura del Estado de Nuevo León","uri":"http://si.nl.gob.mx/CatalogoDeConceptosUniversal"},"quantity":1.0,"unit":{"scheme":"SINL-CU","id":"000000221","name":"LOTE","value":{"amount":51869.307,"currency":"MXN"},"uri":"http://si.nl.gob.mx/CatalogoUnidades"}}],"dateSigned":"2018-07-19T00:00:00-05:00","documents":[{"id":"678","documentType":"Anexos de Contrato","title":"Anexos de Contrato","description":"Anexos de Contrato","url":"http://si.nl.gob.mx/Acceso/DatosAbiertos/DocumentosPublicos/000002/SINL-CPE-021-2018/04. Contratación/Anexos de Contrato.pdf","datePublished":"2020-03-21T18:02:59.413-06:00","dateModified":"0001-01-01T00:00:00-06:00","format":"application/pdf","language":"es","x_section":"contract"},{"id":"679","documentType":"Anexos de Contrato","title":"Anexos de Contrato","description":"Anexos de Contrato","url":"http://si.nl.gob.mx/Acceso/DatosAbiertos/DocumentosPublicos/000002/SINL-CPE-021-2018/04. Contratación/Anexos de Contrato_01.pdf","datePublished":"2020-03-21T18:02:59.423-06:00","dateModified":"0001-01-01T00:00:00-06:00","format":"application/pdf","language":"es","x_section":"contract"},{"id":"680","documentType":"Contrato firmado","title":"Contrato firmado","description":"Contrato firmado","url":"http://si.nl.gob.mx/Acceso/DatosAbiertos/DocumentosPublicos/000002/SINL-CPE-021-2018/04. Contratación/Contrato firmado.pdf","datePublished":"2020-03-21T18:02:59.433-06:00","dateModified":"0001-01-01T00:00:00-06:00","format":"application/pdf","language":"es","x_section":"contract"},{"id":"682","documentType":"Finiquito del contrato","title":"Finiquito del contrato","description":"Finiquito del contrato","url":"http://si.nl.gob.mx/Acceso/DatosAbiertos/DocumentosPublicos/000002/SINL-CPE-021-2018/05. Ejecución/Finiquito del contrato.pdf","datePublished":"2020-03-21T18:02:59.467-06:00","dateModified":"0001-01-01T00:00:00-06:00","format":"application/pdf","language":"es","x_section":"contract"},{"id":"681","documentType":"Certificado de terminación (informe de conclusión)","title":"Certificado de terminación (informe de conclusión)","description":"Certificado de terminación (informe de conclusión)","url":"http://si.nl.gob.mx/Acceso/DatosAbiertos/DocumentosPublicos/000002/SINL-CPE-021-2018/05. Ejecución/Certificado de terminación (informe de conclusión).pdf","datePublished":"2020-03-21T18:02:59.45-06:00","dateModified":"0001-01-01T00:00:00-06:00","format":"application/pdf","language":"es","x_section":"implementarion"},{"id":"683","documentType":"Lista de escalada de aprobaciones","title":"Lista de escalada de aprobaciones","description":"Lista de escalada de aprobaciones","url":"http://si.nl.gob.mx/Acceso/DatosAbiertos/DocumentosPublicos/000002/SINL-CPE-021-2018/05. Ejecución/Lista de Escalada de aprobaciones.pdf","datePublished":"2020-03-21T18:02:59.48-06:00","dateModified":"0001-01-01T00:00:00-06:00","format":"application/pdf","language":"es","x_section":"implementarion"},{"id":"684","documentType":"Reportes de calidad","title":"Reportes de calidad","description":"Reportes de calidad","url":"http://si.nl.gob.mx/Acceso/DatosAbiertos/DocumentosPublicos/000002/SINL-CPE-021-2018/05. Ejecución/Reportes de calidad.pdf","datePublished":"2020-03-21T18:02:59.493-06:00","dateModified":"0001-01-01T00:00:00-06:00","format":"application/pdf","language":"es","x_section":"implementarion"},{"id":"685","documentType":"Reportes de supervisión","title":"Reportes de supervisión","description":"Reportes de supervisión","url":"http://si.nl.gob.mx/Acceso/DatosAbiertos/DocumentosPublicos/000002/SINL-CPE-021-2018/05. Ejecución/Reportes de supervisión.pdf","datePublished":"2020-03-21T18:02:59.507-06:00","dateModified":"0001-01-01T00:00:00-06:00","format":"application/pdf","language":"es","x_section":"implementarion"},{"id":"986","documentType":"Convenios modificatorios","title":"Convenios modificatorios","description":"Convenios modificatorios","datePublished":"0001-01-01T00:00:00-06:00","dateModified":"0001-01-01T00:00:00-06:00","format":"ND","language":"es","x_section":"implementarion"}],"implementation":{"transactions":[{"id":"EST-2018-08-858","date":"2018-08-07T12:02:49-05:00","value":{"amount":1166251.19,"currency":"MXN"},"payer":{"name":"SFYTGE","id":"RFC-GEN620601DTA"},"payee":{"name":"M T EXCAVA Y CONSTRUYE, S.A. DE C.V.","id":"GENE180322A50"}},{"id":"EST-2018-09-043","date":"2018-09-19T16:00:33-05:00","value":{"amount":684649.25,"currency":"MXN"},"payer":{"name":"SFYTGE","id":"RFC-GEN620601DTA"},"payee":{"name":"M T EXCAVA Y CONSTRUYE, S.A. DE C.V.","id":"GENE180322A50"}},{"id":"EST-2018-12-485","date":"2018-12-11T10:50:02-06:00","value":{"amount":107535.92,"currency":"MXN"},"payer":{"name":"SFYTGE","id":"RFC-GEN620601DTA"},"payee":{"name":"M T EXCAVA Y CONSTRUYE, S.A. DE C.V.","id":"GENE180322A50"}},{"id":"EST-2018-10-143","date":"2018-10-11T11:11:02-05:00","value":{"amount":671603.81,"currency":"MXN"},"payer":{"name":"SFYTGE","id":"RFC-GEN620601DTA"},"payee":{"name":"M T EXCAVA Y CONSTRUYE, S.A. DE C.V.","id":"GENE180322A50"}},{"id":"EST-2018-12-486","date":"2018-12-11T10:56:01-06:00","value":{"amount":96791.79,"currency":"MXN"},"payer":{"name":"SFYTGE","id":"RFC-GEN620601DTA"},"payee":{"name":"M T EXCAVA Y CONSTRUYE, S.A. DE C.V.","id":"GENE180322A50"}},{"id":"EST-2018-10-226","date":"2018-10-31T13:26:03-06:00","value":{"amount":531240.18,"currency":"MXN"},"payer":{"name":"SFYTGE","id":"RFC-GEN620601DTA"},"payee":{"name":"M T EXCAVA Y CONSTRUYE, S.A. DE C.V.","id":"GENE180322A50"}},{"id":"EST-2018-11-343","date":"2018-11-26T13:27:05-06:00","value":{"amount":584669.05,"currency":"MXN"},"payer":{"name":"SFYTGE","id":"RFC-GEN620601DTA"},"payee":{"name":"M T EXCAVA Y CONSTRUYE, S.A. DE C.V.","id":"GENE180322A50"}},{"id":"EST-2018-12-483","date":"2018-12-11T10:39:32-06:00","value":{"amount":141063.54,"currency":"MXN"},"payer":{"name":"SFYTGE","id":"RFC-GEN620601DTA"},"payee":{"name":"M T EXCAVA Y CONSTRUYE, S.A. DE C.V.","id":"GENE180322A50"}}],"documents":[]},"milestones":[{"id":"1807002-CC186E5C-9D5B-4CBA-A333-CE1404F40BC7","title":"ACTA-ENTREGA RECEPCION","type":"delivery","description":"ACTA ENTREGA RECEPCIÓN DE LOS TRABAJOS","dueDate":"2019-02-13T00:00:00-06:00","dateMet":"2019-02-13T00:00:00-06:00","status":"met"}]}],"language":"es"}}]}