{"uri":"http://si.nl.gob.mx/Acceso/DatosAbiertos/000004/SINL-CPE-033-2018/v001/RecordPackage-ocds-7wj9x5-SINL-CPE-033-2018-v001-contract.json","publisher":{"scheme":"GB-COH","uid":"","name":"Secretaría de Infraestructura del Estado de Nuevo León","uri":"http://si.nl.gob.mx"},"publishedDate":"2020-03-24T21:18:14.6330766-06:00","license":"https://datos.gob.mx/libreusomx","publicationPolicy":"http://si.nl.gob.mx","version":"1.1","packages":["https://raw.githubusercontent.com/INAImexico/ocds_requestForQuotes_extension/master/extension.json"],"records":[{"ocid":"ocds-7wj9x5-SINL-CPE-033-2018001","releases":[{"url":"http://si.nl.gob.mx/Acceso/DatosAbiertos/000004/SINL-CPE-033-2018/v001/Release-ocds-7wj9x5-SINL-CPE-033-2018-v001-contract.json","date":"2020-03-24T21:18:14.357-06:00","tag":["tender"]}],"compiledRelease":{"ocid":"ocds-7wj9x5-SINL-CPE-033-2018-v001","id":"ocds-7wj9x5-SINL-CPE-033-2018-v001-contract","date":"2020-03-24T21:18:14.3564257-06:00","tag":["planning","tender","award","contract"],"initiationType":"tender","parties":[{"name":"Secretaría de Salud","id":"SIASI-000009","identifier":{"scheme":"SIASI","legalName":"SISTEMA INTEGRAL DE ADMINISTRACIÓN DE LA SECRETARÍA DE INFRAESTRUCTURA"},"address":{"streetAddress":"Washington","locality":"Monterrey","region":"Nuevo León","postalCode":"64010","countryName":"México"},"contactPoint":{"name":"Jesús Salvador Pérez Rodríguez","email":"salvador.perez @nuevoleon.gob.mx","telephone":"8120206730","url":"http://www.nl.gob.mx/dependencias"},"roles":["buyer"]},{"name":"SECRETARIA DE INFRAESTRUCTURA","id":"SIASI-000011","identifier":{"scheme":"SIASI","legalName":"SISTEMA INTEGRAL DE ADMINISTRACIÓN DE LA SECRETARÍA DE INFRAESTRUCTURA"},"address":{"streetAddress":"WASHIGTON 648 OTE","locality":"MONTERREY","region":"NUEVO LEÓN","postalCode":"64000","countryName":"MÉXICO"},"contactPoint":{"name":"HUMBERTO TORRES PADILLA","email":"salvador.perez @nuevoleon.gob.mx","telephone":"8120206730","url":"http://si.nl.gob.mx/"},"roles":["procuringEntity"]},{"name":"SECRETARIA DE FINANZAS Y TESORERIA GENERAL DEL ESTADO DE NUEVO LEON","id":"SIASI-000004","identifier":{"scheme":"SIASI","legalName":"SISTEMA INTEGRAL DE ADMINISTRACIÓN DE LA SECRETARÍA DE INFRAESTRUCTURA"},"address":{"streetAddress":"ESCOBEDO SUR PISO 3 333","locality":"MONTERREY","region":"NUEVO LEÓN","postalCode":"64000","countryName":"MÉXICO"},"contactPoint":{"name":"Jesús Salvador Pérez Rodríguez","email":"salvador.perez @nuevoleon.gob.mx","telephone":"8120206730","url":"http://www.nl.gob.mx/tesoreria"},"roles":["payer"]},{"name":"COMAR CONSTRUCCIONES, S.A. DE C.V.","id":"RFC-CCO970305AZ3","identifier":{"scheme":"RFC","id":"CCO970305AZ3","legalName":"REGISTRO FEDERAL DE CONTRIBUYENTES"},"address":{"streetAddress":"CALANDRIA  5027","locality":"GUADALUPE","postalCode":"67183"},"contactPoint":{"name":"EDGAR ALBERTO MARTINEZ OROZCO","telephone":"8183934452"},"roles":["tenderer"]},{"name":"BUFETE URBANISTICO, S.A. DE C.V.","id":"RFC-BUR001114GL6","identifier":{"scheme":"RFC","id":"BUR001114GL6","legalName":"REGISTRO FEDERAL DE CONTRIBUYENTES"},"address":{"locality":"MONTERREY","postalCode":"64100"},"contactPoint":{"name":"PEDRO OCTAVIO LUNA HERNANDEZ","telephone":"8183919881"},"roles":["tenderer"]},{"name":"BUFETTE DE OBRAS SERVICIOS Y SUMINISTROS, S.A. DE C.V.","id":"RFC-BOS920528KI9","identifier":{"scheme":"RFC","id":"BOS920528KI9","legalName":"REGISTRO FEDERAL DE CONTRIBUYENTES"},"address":{"locality":"MONTERREY","postalCode":"64540"},"contactPoint":{"name":"JORGE ALEJANDRO ALVARADO GUERRERO","telephone":"8184763051"},"roles":["tenderer"]},{"name":"INGENIERIA SERVINDUSTRIAL DE LINARES, S.A. DE C.V.","id":"RFC-ISL0403308Q6","identifier":{"scheme":"RFC","id":"ISL0403308Q6","legalName":"REGISTRO FEDERAL DE CONTRIBUYENTES"},"address":{"locality":"LINARES","postalCode":"67778"},"contactPoint":{"name":"PEDRO CARDENAS LUGO","telephone":"8212127054"},"roles":["tenderer"]},{"name":"SERVICIOS Y CONFORT MONTERREY, S.A. DE C.V.","id":"RFC-GENE180322A61","identifier":{"scheme":"RFC","id":"GENE180322A61","legalName":"REGISTRO FEDERAL DE CONTRIBUYENTES"},"address":{"locality":"MONTERREY","postalCode":"64810"},"contactPoint":{},"roles":["tenderer"]},{"name":"CKT EDIFICACIONES, S.A. DE C.V.","id":"RFC-CED160218FH6","identifier":{"scheme":"RFC","id":"CED160218FH6","legalName":"REGISTRO FEDERAL DE CONTRIBUYENTES"},"address":{"streetAddress":"AVE. CENTRAL  LOTE N.2","locality":"SABINAS HIDALGO","postalCode":"65240"},"contactPoint":{"name":"LUIS VICENTE FLORES ANCIRA","telephone":"8110633704"},"roles":["tenderer"]},{"name":"DESARROLLO CONSTRUCTIVO Y URBANISTICO, S.A. DE C.V.","id":"RFC-DCU910719R58","identifier":{"scheme":"RFC","id":"DCU910719R58","legalName":"REGISTRO FEDERAL DE CONTRIBUYENTES"},"address":{"locality":"Guadalupe","postalCode":"67140"},"contactPoint":{},"roles":["tenderer"]},{"name":"Constructora Capry, S.A. de C.V.","id":"RFC-CCA980116FQ8","identifier":{"scheme":"RFC","id":"CCA980116FQ8","legalName":"REGISTRO FEDERAL DE CONTRIBUYENTES"},"address":{"streetAddress":"FÉLIX U. GÓMEZ  1050 D 105","locality":"MONTERREY","postalCode":"64000"},"contactPoint":{},"roles":["tenderer"]},{"name":"OV CONSTRUCCION, DISEÑO Y REMODELACION, SA DE CV","id":"RFC-SIN DATO-670B810B-500F-494E-8372-CB69D0F87E48","identifier":{"scheme":"RFC","id":"SIN DATO-670B810B-500F-494E-8372-CB69D0F87E48","legalName":"REGISTRO FEDERAL DE CONTRIBUYENTES"},"address":{},"contactPoint":{},"roles":["tenderer"]},{"name":"Q CONTROLLER LABORATORIOS, S. DE R.L. DE C.V.","id":"RFC-QLA110329UL1","identifier":{"scheme":"RFC","id":"QLA110329UL1","legalName":"REGISTRO FEDERAL DE CONTRIBUYENTES"},"address":{"streetAddress":"JESUS GONZALEZ ORTEGA 243 A","locality":"MONTERREY","postalCode":"64000"},"contactPoint":{"name":"C. DAVID CASANOVA LOYA","telephone":"55 15 40 15  Y  19 31 44 18"},"roles":["tenderer"]},{"name":"DESARROLLO Y CONSTRUCCIONES URBANAS, S.A. DE C.V.","id":"RFC-DCU801124B41","identifier":{"scheme":"RFC","id":"DCU801124B41","legalName":"REGISTRO FEDERAL DE CONTRIBUYENTES"},"address":{"streetAddress":"MANUEL J. CLOUTHIER  3112","locality":"MONTERREY","postalCode":"64650"},"contactPoint":{"name":"JAVIER ILDEFONSO BALLI MARTINEZ","telephone":"8111584208"},"roles":["tenderer","supplier"]},{"name":"MEDALSA CONSTRUCCIONES, S.A. DE C.V.","id":"RFC-MCO130227IG2","identifier":{"scheme":"RFC","id":"MCO130227IG2","legalName":"REGISTRO FEDERAL DE CONTRIBUYENTES"},"address":{"locality":"LINARES","postalCode":"67700"},"contactPoint":{"name":"MAURO MEDINA PEDRAZA","telephone":"8119906151"},"roles":["tenderer"]}],"buyer":{"id":"SIASI-000009","name":"Secretaría de Salud"},"planning":{"rationale":"99,921","numberOfBeneficiaries":0,"budget":{"id":"10011","amount":{"amount":15238129.07,"currency":"MXN"},"project":"Proyecto de Obra Exterior y Equipamiento del Hospital General de Montemorelos.","projectID":"PEI-0109/2018"},"documents":[{"id":"770","documentType":"Contrato de supervisión","title":"Contrato de supervisión","description":"Contrato de supervisión","url":"http://si.nl.gob.mx/Acceso/DatosAbiertos/DocumentosPublicos/000004/SINL-CPE-033-2018/01. Planeación/Contrato de supervisión.pdf","datePublished":"2020-03-21T18:03:01.537-06:00","dateModified":"0001-01-01T00:00:00-06:00","format":"application/pdf","language":"es","x_section":"planning"},{"id":"771","documentType":"Estudio de mercado","title":"Estudio de mercado","description":"Estudio de mercado","url":"http://si.nl.gob.mx/Acceso/DatosAbiertos/DocumentosPublicos/000004/SINL-CPE-033-2018/01. Planeación/Estudio de mercado.pdf","datePublished":"2020-03-21T18:03:01.553-06:00","dateModified":"0001-01-01T00:00:00-06:00","format":"application/pdf","language":"es","x_section":"planning"},{"id":"772","documentType":"Proyecto ejecutivo","title":"Proyecto ejecutivo","description":"Proyecto ejecutivo","url":"http://si.nl.gob.mx/Acceso/DatosAbiertos/DocumentosPublicos/000004/SINL-CPE-033-2018/01. Planeación/Proyecto ejecutivo.pdf","datePublished":"2020-03-21T18:03:01.57-06:00","dateModified":"0001-01-01T00:00:00-06:00","format":"application/pdf","language":"es","x_section":"planning"}]},"tender":{"id":"SINL-CPE-033-2018","title":"Obra Exterior y Equipamiento del Hospital General de Montemorelos.","description":"Obra Exterior y Equipamiento del Hospital General de Montemorelos.","status":"complete","procuringEntity":{"name":"SECRETARIA DE INFRAESTRUCTURA","id":"SIASI-000011"},"value":{"amount":15238129.07,"currency":"MXN"},"minValue":{"amount":0.0,"currency":"MXN"},"procurementMethod":"open","procurementMethodDetails":"Licitación Estatal","procurementMethodRationale":"Justificación para el método de compra elegido","mainProcurementCategory":"goods","additionalProcurementCategories":["ND"],"awardCriteria":"ratedCriteria","awardCriteriaDetails":"Para la adjudicación del contrato LA DEPENDENCIA efectuará un análisis comparativo de las propuestas admitidas que no fueron desechadas en el aspecto legal, técnico o económico y elaborará un dictamen en el que se tomaran en cuenta los criterios generales de adjudicación expresados en la Convocatoria.","submissionMethod":["inPerson"],"submissionMethodDetails":"El representante del licitante deberá presentar en persona su oferta escrita en sobre cerrado","tenderPeriod":{"startDate":"2018-08-20T00:00:00-05:00","endDate":"2018-08-20T00:00:00-05:00","maxExtentDate":"2018-08-20T00:00:00-05:00","durationInDays":0},"enquiryPeriod":{"startDate":"2018-08-20T00:00:00-05:00","endDate":"2018-08-31T00:00:00-05:00","maxExtentDate":"2018-08-31T00:00:00-05:00","durationInDays":11},"hasEnquiries":true,"eligibilityCriteria":"El criterio establecido por los artículos 54 y 55 de la Ley de obras públicas para el estado y municipios de Nuevo León","awardPeriod":{"startDate":"2018-09-28T00:00:00-05:00","endDate":"2018-09-28T00:00:00-05:00","maxExtentDate":"2018-10-28T00:00:00-05:00","durationInDays":0},"contractPeriod":{"startDate":"2018-09-28T00:00:00-05:00","endDate":"2018-09-28T00:00:00-05:00","maxExtentDate":"2018-10-05T00:00:00-05:00","durationInDays":0},"numberOfTenderers":12,"tenderers":[{"name":"COMAR CONSTRUCCIONES, S.A. DE C.V.","id":"RFC-CCO970305AZ3"},{"name":"BUFETE URBANISTICO, S.A. DE C.V.","id":"RFC-BUR001114GL6"},{"name":"BUFETTE DE OBRAS SERVICIOS Y SUMINISTROS, S.A. DE C.V.","id":"RFC-BOS920528KI9"},{"name":"INGENIERIA SERVINDUSTRIAL DE LINARES, S.A. DE C.V.","id":"RFC-ISL0403308Q6"},{"name":"SERVICIOS Y CONFORT MONTERREY, S.A. DE C.V.","id":"RFC-GENE180322A61"},{"name":"CKT EDIFICACIONES, S.A. DE C.V.","id":"RFC-CED160218FH6"},{"name":"DESARROLLO CONSTRUCTIVO Y URBANISTICO, S.A. DE C.V.","id":"RFC-DCU910719R58"},{"name":"Constructora Capry, S.A. de C.V.","id":"RFC-CCA980116FQ8"},{"name":"OV CONSTRUCCION, DISEÑO Y REMODELACION, SA DE CV","id":"RFC-SIN DATO-9DF20A27-5E94-4254-B236-3A83F26B774A"},{"name":"Q CONTROLLER LABORATORIOS, S. DE R.L. DE C.V.","id":"RFC-QLA110329UL1"},{"name":"DESARROLLO Y CONSTRUCCIONES URBANAS, S.A. DE C.V.","id":"RFC-DCU801124B41"},{"name":"MEDALSA CONSTRUCCIONES, S.A. DE C.V.","id":"RFC-MCO130227IG2"}],"documents":[{"id":"773","documentType":"Acta de juntas de aclaraciones a las preguntas de los licitantes","title":"Acta de juntas de aclaraciones a las preguntas de los licitantes","description":"Acta de juntas de aclaraciones a las preguntas de los licitantes","url":"http://si.nl.gob.mx/Acceso/DatosAbiertos/DocumentosPublicos/000004/SINL-CPE-033-2018/02. Invitación/Acta de juntas de aclaraciones a las preguntas de los licitantes.pdf","datePublished":"2020-03-21T18:03:01.583-06:00","dateModified":"0001-01-01T00:00:00-06:00","format":"application/pdf","language":"es","x_section":"tender"},{"id":"774","documentType":"Acta de presentación y apertura de propuestas de licitaciones","title":"Acta de presentación y apertura de propuestas de licitaciones","description":"Acta de presentación y apertura de propuestas de licitaciones","url":"http://si.nl.gob.mx/Acceso/DatosAbiertos/DocumentosPublicos/000004/SINL-CPE-033-2018/02. Invitación/Acta de presentación y apertura de propuestas de licitaciones.pdf","datePublished":"2020-03-21T18:03:01.6-06:00","dateModified":"0001-01-01T00:00:00-06:00","format":"application/pdf","language":"es","x_section":"tender"},{"id":"775","documentType":"Anexos de Convocatoria","title":"Anexos de Convocatoria","description":"Anexos de Convocatoria","url":"http://si.nl.gob.mx/Acceso/DatosAbiertos/DocumentosPublicos/000004/SINL-CPE-033-2018/02. Invitación/Anexos de Convocatoria.zip","datePublished":"2020-03-21T18:03:01.613-06:00","dateModified":"0001-01-01T00:00:00-06:00","format":"application/zip","language":"es","x_section":"tender"},{"id":"776","documentType":"Convocatoria de licitaciones","title":"Convocatoria de licitaciones","description":"Convocatoria de licitaciones","url":"http://si.nl.gob.mx/Acceso/DatosAbiertos/DocumentosPublicos/000004/SINL-CPE-033-2018/02. Invitación/Convocatoria de licitaciones.pdf","datePublished":"2020-03-21T18:03:01.623-06:00","dateModified":"0001-01-01T00:00:00-06:00","format":"application/pdf","language":"es","x_section":"tender"},{"id":"777","documentType":"Pre-bases de licitaciones","title":"Pre-bases de licitaciones","description":"Pre-bases de licitaciones","url":"http://si.nl.gob.mx/Acceso/DatosAbiertos/DocumentosPublicos/000004/SINL-CPE-033-2018/02. Invitación/Pre-bases de licitaciones.docx","datePublished":"2020-03-21T18:03:01.633-06:00","dateModified":"0001-01-01T00:00:00-06:00","format":"application/msword","language":"es","x_section":"tender"},{"id":"778","documentType":"Registro de asistencia de la visita a las instalaciones","title":"Registro de asistencia de la visita a las instalaciones","description":"Registro de asistencia de la visita a las instalaciones","url":"http://si.nl.gob.mx/Acceso/DatosAbiertos/DocumentosPublicos/000004/SINL-CPE-033-2018/02. Invitación/Registro de asistencia de la visita a las instalaciones.pdf","datePublished":"2020-03-21T18:03:01.647-06:00","dateModified":"0001-01-01T00:00:00-06:00","format":"application/pdf","language":"es","x_section":"tender"},{"id":"779","documentType":"Resumen de convocatoria a la licitación pública","title":"Resumen de convocatoria a la licitación pública","description":"Resumen de convocatoria a la licitación pública","url":"http://si.nl.gob.mx/Acceso/DatosAbiertos/DocumentosPublicos/000004/SINL-CPE-033-2018/02. Invitación/Resumen de convocatoria a la licitación pública.pdf","datePublished":"2020-03-21T18:03:01.657-06:00","dateModified":"0001-01-01T00:00:00-06:00","format":"application/pdf","language":"es","x_section":"tender"}],"milestones":[{"id":"SINL-CPE-033-2018-14784","title":"CONVOCATORIA","type":"preProcurement","description":"CONVOCATORIA","code":"CONVOCATORIA","dueDate":"2018-08-23T08:00:00-05:00","dateMet":"2018-08-23T08:00:00-05:00","dateModified":"2018-08-23T08:00:00-05:00","status":"met"},{"id":"SINL-CPE-033-2018-14785","title":"VISITA A LA OBRA","type":"preProcurement","description":"VISITA A LA OBRA","code":"VISITA A LA OBRA","dueDate":"2018-08-23T12:00:00-05:00","dateMet":"2018-08-23T12:00:00-05:00","dateModified":"2018-08-23T12:00:00-05:00","status":"met"},{"id":"SINL-CPE-033-2018-14786","title":"JUNTA DE ACLARACIONES","type":"preProcurement","description":"JUNTA DE ACLARACIONES","code":"JUNTA DE ACLARACIONES","dueDate":"2018-08-23T10:00:00-05:00","dateMet":"2018-08-23T10:00:00-05:00","dateModified":"2018-08-23T10:00:00-05:00","status":"met"},{"id":"SINL-CPE-033-2018-14788","title":"APERTURA TÉCNICA","type":"assessment","description":"APERTURA TÉCNICA","code":"APERTURA TÉCNICA","dueDate":"2018-08-23T10:00:00-05:00","dateMet":"2018-08-23T10:00:00-05:00","dateModified":"2018-08-23T10:00:00-05:00","status":"met"},{"id":"SINL-CPE-033-2018-14789","title":"APERTURA ECONÓMICA","type":"assessment","description":"APERTURA ECONÓMICA","code":"APERTURA ECONÓMICA","dueDate":"2018-09-18T16:00:00-05:00","dateMet":"2018-09-18T16:00:00-05:00","dateModified":"2018-09-18T16:00:00-05:00","status":"met"},{"id":"SINL-CPE-033-2018-14790","title":"FALLO","type":"engagement","description":"FALLO","code":"FALLO","dueDate":"2018-09-21T15:30:00-05:00","dateMet":"2018-09-21T15:30:00-05:00","dateModified":"2018-09-21T15:30:00-05:00","status":"met"},{"id":"SINL-CPE-033-2018-14791","title":"FIRMA DEL CONTRATO","type":"approval","description":"FIRMA DEL CONTRATO","code":"FIRMA DEL CONTRATO","dueDate":"2018-08-23T10:00:00-05:00","dateMet":"2018-08-23T10:00:00-05:00","dateModified":"2018-08-23T10:00:00-05:00","status":"met"}]},"awards":[{"id":"SINL-CPE-033-2018","title":"Obra Exterior y Equipamiento del Hospital General de Montemorelos.","description":"Obra Exterior y Equipamiento del Hospital General de Montemorelos.","status":"active","date":"2018-09-28T00:00:00-05:00","value":{"amount":13821354.43,"currency":"MXN"},"suppliers":[{"id":"RFC-DCU801124B41","name":"DESARROLLO Y CONSTRUCCIONES URBANAS, S.A. DE C.V."}],"contractPeriod":{"startDate":"2018-10-19T00:00:00-05:00","endDate":"2019-04-16T00:00:00-05:00","maxExtentDate":"0001-01-01T00:00:00","durationInDays":179},"documents":[{"id":"780","documentType":"Fallo de licitaciones","title":"Fallo de licitaciones","description":"Fallo de licitaciones","url":"http://si.nl.gob.mx/Acceso/DatosAbiertos/DocumentosPublicos/000004/SINL-CPE-033-2018/03. Adjudicación/Fallo de licitaciones.pdf","datePublished":"2020-03-21T18:03:01.667-06:00","dateModified":"0001-01-01T00:00:00-06:00","format":"application/pdf","language":"es","x_section":"award"},{"id":"781","documentType":"Oferta Ganadora","title":"Oferta Ganadora","description":"Oferta Ganadora","url":"http://si.nl.gob.mx/Acceso/DatosAbiertos/DocumentosPublicos/000004/SINL-CPE-033-2018/03. Adjudicación/Oferta Ganadora.rar","datePublished":"2020-03-21T18:03:01.677-06:00","dateModified":"0001-01-01T00:00:00-06:00","format":"application/vnd.rar","language":"es","x_section":"award"},{"id":"979","documentType":"Resultado de las evaluaciones de la licitación","title":"Resultado de las evaluaciones de la licitación","description":"Resultado de las evaluaciones de la licitación","url":"http://si.nl.gob.mx/Acceso/DatosAbiertos/DocumentosPublicos/000004/SINL-CPE-033-2018/03. Adjudicación/Resultado de las evaluaciones de la licitación.pdf","datePublished":"2020-03-21T18:11:30.237-06:00","dateModified":"0001-01-01T00:00:00-06:00","format":"application/pdf","language":"es","x_section":"award"}]}],"contracts":[{"id":"1810001","awardID":"SINL-CPE-033-2018","title":"Obra Exterior y Equipamiento del Hospital General de Montemorelos.","description":"Obra Exterior y Equipamiento del Hospital General de Montemorelos.","status":"active","x_financial_advance":100.0,"x_physical_advance":100.0,"period":{"startDate":"2018-10-19T00:00:00-05:00","endDate":"2019-04-16T00:00:00-05:00","maxExtentDate":"0001-01-01T00:00:00-06:00","durationInDays":179},"value":{"amount":15238127.87,"currency":"MXN"},"x_estimatedPhysicalProgress":100.0,"x_observedPhysicalProgress":100.0,"items":[{"id":"000004381","description":"001 OBRA EXTERIOR GENERALIDADES","classification":{"scheme":"UNCEFACT","id":"000004381","description":"Catálogo de Conceptos Universal de la Secretaría de Infraestructura del Estado de Nuevo León","uri":"http://si.nl.gob.mx/CatalogoDeConceptosUniversal"},"quantity":1.0,"unit":{"scheme":"SINL-CU","id":"000000221","name":"LOTE","value":{"amount":1916417.36,"currency":"MXN"},"uri":"http://si.nl.gob.mx/CatalogoUnidades"}},{"id":"000000166","description":"002 INST. HIDRÁULICAS DRENAJE PLUVIAL","classification":{"scheme":"UNCEFACT","id":"000000166","description":"Catálogo de Conceptos Universal de la Secretaría de Infraestructura del Estado de Nuevo León","uri":"http://si.nl.gob.mx/CatalogoDeConceptosUniversal"},"quantity":1.0,"unit":{"scheme":"SINL-CU","id":"000000221","name":"LOTE","value":{"amount":274493.9662,"currency":"MXN"},"uri":"http://si.nl.gob.mx/CatalogoUnidades"}},{"id":"000006030","description":"003 OBRA EXTERIOR","classification":{"scheme":"UNCEFACT","id":"000006030","description":"Catálogo de Conceptos Universal de la Secretaría de Infraestructura del Estado de Nuevo León","uri":"http://si.nl.gob.mx/CatalogoDeConceptosUniversal"},"quantity":1.0,"unit":{"scheme":"SINL-CU","id":"000000221","name":"LOTE","value":{"amount":6862871.517,"currency":"MXN"},"uri":"http://si.nl.gob.mx/CatalogoUnidades"}},{"id":"000000920","description":"004 INST. ELECTRICAS, ALUMBRADO","classification":{"scheme":"UNCEFACT","id":"000000920","description":"Catálogo de Conceptos Universal de la Secretaría de Infraestructura del Estado de Nuevo León","uri":"http://si.nl.gob.mx/CatalogoDeConceptosUniversal"},"quantity":1.0,"unit":{"scheme":"SINL-CU","id":"000000221","name":"LOTE","value":{"amount":192242.34,"currency":"MXN"},"uri":"http://si.nl.gob.mx/CatalogoUnidades"}},{"id":"000008123","description":"005 RAMPA DE ACCESO PRELIMINARES","classification":{"scheme":"UNCEFACT","id":"000008123","description":"Catálogo de Conceptos Universal de la Secretaría de Infraestructura del Estado de Nuevo León","uri":"http://si.nl.gob.mx/CatalogoDeConceptosUniversal"},"quantity":1.0,"unit":{"scheme":"SINL-CU","id":"000000221","name":"LOTE","value":{"amount":347432.0438,"currency":"MXN"},"uri":"http://si.nl.gob.mx/CatalogoUnidades"}},{"id":"000002448","description":"006 PAVIMENTO EJE 100 Y 200","classification":{"scheme":"UNCEFACT","id":"000002448","description":"Catálogo de Conceptos Universal de la Secretaría de Infraestructura del Estado de Nuevo León","uri":"http://si.nl.gob.mx/CatalogoDeConceptosUniversal"},"quantity":1.0,"unit":{"scheme":"SINL-CU","id":"000000221","name":"LOTE","value":{"amount":1792795.8912,"currency":"MXN"},"uri":"http://si.nl.gob.mx/CatalogoUnidades"}},{"id":"000008182","description":"007 ESTRUCTURA DE PAVIMENTO ASFALTICO","classification":{"scheme":"UNCEFACT","id":"000008182","description":"Catálogo de Conceptos Universal de la Secretaría de Infraestructura del Estado de Nuevo León","uri":"http://si.nl.gob.mx/CatalogoDeConceptosUniversal"},"quantity":1.0,"unit":{"scheme":"SINL-CU","id":"000000221","name":"LOTE","value":{"amount":2959280.256,"currency":"MXN"},"uri":"http://si.nl.gob.mx/CatalogoUnidades"}},{"id":"000008590","description":"008 MURO DE CONTENCIÓN","classification":{"scheme":"UNCEFACT","id":"000008590","description":"Catálogo de Conceptos Universal de la Secretaría de Infraestructura del Estado de Nuevo León","uri":"http://si.nl.gob.mx/CatalogoDeConceptosUniversal"},"quantity":1.0,"unit":{"scheme":"SINL-CU","id":"000000221","name":"LOTE","value":{"amount":458704.6112,"currency":"MXN"},"uri":"http://si.nl.gob.mx/CatalogoUnidades"}},{"id":"000005400","description":"009 VARIOS","classification":{"scheme":"UNCEFACT","id":"000005400","description":"Catálogo de Conceptos Universal de la Secretaría de Infraestructura del Estado de Nuevo León","uri":"http://si.nl.gob.mx/CatalogoDeConceptosUniversal"},"quantity":1.0,"unit":{"scheme":"SINL-CU","id":"000000221","name":"LOTE","value":{"amount":1289589.4778,"currency":"MXN"},"uri":"http://si.nl.gob.mx/CatalogoUnidades"}},{"id":"000002401","description":"010 REFUERZO DE TALUD ESTRUCTURAL PRELIMINARES","classification":{"scheme":"UNCEFACT","id":"000002401","description":"Catálogo de Conceptos Universal de la Secretaría de Infraestructura del Estado de Nuevo León","uri":"http://si.nl.gob.mx/CatalogoDeConceptosUniversal"},"quantity":1.0,"unit":{"scheme":"SINL-CU","id":"000000221","name":"LOTE","value":{"amount":17270.64,"currency":"MXN"},"uri":"http://si.nl.gob.mx/CatalogoUnidades"}},{"id":"000008184","description":"011 ESRUCTURA DE REFUERZO DE TALUD","classification":{"scheme":"UNCEFACT","id":"000008184","description":"Catálogo de Conceptos Universal de la Secretaría de Infraestructura del Estado de Nuevo León","uri":"http://si.nl.gob.mx/CatalogoDeConceptosUniversal"},"quantity":1.0,"unit":{"scheme":"SINL-CU","id":"000000221","name":"LOTE","value":{"amount":621910.8,"currency":"MXN"},"uri":"http://si.nl.gob.mx/CatalogoUnidades"}},{"id":"000007380","description":"012 PANTALLA DE CONCRETO","classification":{"scheme":"UNCEFACT","id":"000007380","description":"Catálogo de Conceptos Universal de la Secretaría de Infraestructura del Estado de Nuevo León","uri":"http://si.nl.gob.mx/CatalogoDeConceptosUniversal"},"quantity":1.0,"unit":{"scheme":"SINL-CU","id":"000000221","name":"LOTE","value":{"amount":1822136.671,"currency":"MXN"},"uri":"http://si.nl.gob.mx/CatalogoUnidades"}},{"id":"000007670","description":"013 ESTRUCTURA DE DRENAJE","classification":{"scheme":"UNCEFACT","id":"000007670","description":"Catálogo de Conceptos Universal de la Secretaría de Infraestructura del Estado de Nuevo León","uri":"http://si.nl.gob.mx/CatalogoDeConceptosUniversal"},"quantity":1.0,"unit":{"scheme":"SINL-CU","id":"000000221","name":"LOTE","value":{"amount":162341.4,"currency":"MXN"},"uri":"http://si.nl.gob.mx/CatalogoUnidades"}},{"id":"000006598","description":"EXTRAS  001","classification":{"scheme":"UNCEFACT","id":"000006598","description":"Catálogo de Conceptos Universal de la Secretaría de Infraestructura del Estado de Nuevo León","uri":"http://si.nl.gob.mx/CatalogoDeConceptosUniversal"},"quantity":1.0,"unit":{"scheme":"SINL-CU","id":"000000221","name":"LOTE","value":{"amount":847797.8294,"currency":"MXN"},"uri":"http://si.nl.gob.mx/CatalogoUnidades"}},{"id":"000007312","description":"EXTRAS  002","classification":{"scheme":"UNCEFACT","id":"000007312","description":"Catálogo de Conceptos Universal de la Secretaría de Infraestructura del Estado de Nuevo León","uri":"http://si.nl.gob.mx/CatalogoDeConceptosUniversal"},"quantity":1.0,"unit":{"scheme":"SINL-CU","id":"000000221","name":"LOTE","value":{"amount":4950222.9823,"currency":"MXN"},"uri":"http://si.nl.gob.mx/CatalogoUnidades"}}],"dateSigned":"2018-10-02T00:00:00-05:00","documents":[{"id":"782","documentType":"Anexos de Contrato","title":"Anexos de Contrato","description":"Anexos de Contrato","url":"http://si.nl.gob.mx/Acceso/DatosAbiertos/DocumentosPublicos/000004/SINL-CPE-033-2018/04. Contratación/Anexos de Contrato.pdf","datePublished":"2020-03-21T18:03:01.693-06:00","dateModified":"0001-01-01T00:00:00-06:00","format":"application/pdf","language":"es","x_section":"contract"},{"id":"783","documentType":"Contrato firmado","title":"Contrato firmado","description":"Contrato firmado","url":"http://si.nl.gob.mx/Acceso/DatosAbiertos/DocumentosPublicos/000004/SINL-CPE-033-2018/04. Contratación/Contrato firmado.pdf","datePublished":"2020-03-21T18:03:01.71-06:00","dateModified":"0001-01-01T00:00:00-06:00","format":"application/pdf","language":"es","x_section":"contract"},{"id":"978","documentType":"Informe de solicitud de cancelación o de efectividad de las garantías","title":"Informe de solicitud de cancelación o de efectividad de las garantías","description":"Informe de solicitud de cancelación o de efectividad de las garantías","url":"http://si.nl.gob.mx/Acceso/DatosAbiertos/DocumentosPublicos/000004/SINL-CPE-033-2018/04. Contratación/Informe de solicitud de cancelación o de efectividad de las garantías.pdf","datePublished":"2020-03-21T18:10:31.947-06:00","dateModified":"0001-01-01T00:00:00-06:00","format":"application/pdf","language":"es","x_section":"contract"},{"id":"999","documentType":"Finiquito del contrato","title":"Finiquito del contrato","description":"Finiquito del contrato","datePublished":"0001-01-01T00:00:00-06:00","dateModified":"0001-01-01T00:00:00-06:00","format":"ND","language":"es","x_section":"contract"},{"id":"1002","documentType":"Finiquito del contrato","title":"Finiquito del contrato","description":"Finiquito del contrato","datePublished":"0001-01-01T00:00:00-06:00","dateModified":"0001-01-01T00:00:00-06:00","format":"ND","language":"es","x_section":"contract"},{"id":"784","documentType":"Convenios modificatorios","title":"Convenios modificatorios","description":"Convenios modificatorios","url":"http://si.nl.gob.mx/Acceso/DatosAbiertos/DocumentosPublicos/000004/SINL-CPE-033-2018/05. Ejecución/Convenios Modificatorios.pdf","datePublished":"2020-03-21T18:03:01.73-06:00","dateModified":"0001-01-01T00:00:00-06:00","format":"application/pdf","language":"es","x_section":"implementarion"},{"id":"785","documentType":"Lista de escalada de aprobaciones","title":"Lista de escalada de aprobaciones","description":"Lista de escalada de aprobaciones","url":"http://si.nl.gob.mx/Acceso/DatosAbiertos/DocumentosPublicos/000004/SINL-CPE-033-2018/05. Ejecución/Lista de escalada de aprobaciones.pdf","datePublished":"2020-03-21T18:03:01.753-06:00","dateModified":"0001-01-01T00:00:00-06:00","format":"application/pdf","language":"es","x_section":"implementarion"},{"id":"977","documentType":"Reportes de supervisión","title":"Reportes de supervisión","description":"Reportes de supervisión","url":"http://si.nl.gob.mx/Acceso/DatosAbiertos/DocumentosPublicos/000004/SINL-CPE-033-2018/05. Ejecución/Reportes de supervisión.pdf","datePublished":"2020-03-21T18:08:55.847-06:00","dateModified":"0001-01-01T00:00:00-06:00","format":"application/pdf","language":"es","x_section":"implementarion"},{"id":"982","documentType":"Informe ejecutivo de la ejecución del contrato (Reportes)","title":"Informe ejecutivo de la ejecución del contrato (Reportes)","description":"Informe ejecutivo de la ejecución del contrato (Reportes)","url":"http://si.nl.gob.mx/Acceso/DatosAbiertos/DocumentosPublicos/000004/SINL-CPE-033-2018/05. Ejecución/Informe ejecutivo de la ejecución del contrato (Reportes).pdf","datePublished":"2020-03-21T18:19:21.223-06:00","dateModified":"0001-01-01T00:00:00-06:00","format":"application/pdf","language":"es","x_section":"implementarion"},{"id":"983","documentType":"Informe ejecutivo de la ejecución del contrato (Reportes)","title":"Informe ejecutivo de la ejecución del contrato (Reportes)","description":"Informe ejecutivo de la ejecución del contrato (Reportes)","url":"http://si.nl.gob.mx/Acceso/DatosAbiertos/DocumentosPublicos/000004/SINL-CPE-033-2018/05. Ejecución/Informe ejecutivo de la ejecución del contrato (Reportes)_02.pdf","datePublished":"2020-03-21T18:19:21.237-06:00","dateModified":"0001-01-01T00:00:00-06:00","format":"application/pdf","language":"es","x_section":"implementarion"},{"id":"984","documentType":"Informe ejecutivo de la ejecución del contrato (Reportes)","title":"Informe ejecutivo de la ejecución del contrato (Reportes)","description":"Informe ejecutivo de la ejecución del contrato (Reportes)","url":"http://si.nl.gob.mx/Acceso/DatosAbiertos/DocumentosPublicos/000004/SINL-CPE-033-2018/05. Ejecución/Informe ejecutivo de la ejecución del contrato (Reportes)_03.pdf","datePublished":"2020-03-21T18:19:21.25-06:00","dateModified":"0001-01-01T00:00:00-06:00","format":"application/pdf","language":"es","x_section":"implementarion"},{"id":"1000","documentType":"Reportes de calidad","title":"Reportes de calidad","description":"Reportes de calidad","datePublished":"0001-01-01T00:00:00-06:00","dateModified":"0001-01-01T00:00:00-06:00","format":"ND","language":"es","x_section":"implementarion"},{"id":"1001","documentType":"Certificado de terminación (informe de conclusión)","title":"Certificado de terminación (informe de conclusión)","description":"Certificado de terminación (informe de conclusión)","datePublished":"0001-01-01T00:00:00-06:00","dateModified":"0001-01-01T00:00:00-06:00","format":"ND","language":"es","x_section":"implementarion"}],"implementation":{"transactions":[{"id":"EST-2018-10-213","date":"2018-10-29T12:15:22-06:00","value":{"amount":4146406.32,"currency":"MXN"},"payer":{"name":"SFYTGE","id":"RFC-GEN620601DTA"},"payee":{"name":"DESARROLLO Y CONSTRUCCIONES URBANAS, S.A. DE C.V.","id":"DCU801124B41"}},{"id":"EST-2019-02-688","date":"2019-02-05T10:04:54-06:00","value":{"amount":521633.56,"currency":"MXN"},"payer":{"name":"SFYTGE","id":"RFC-GEN620601DTA"},"payee":{"name":"DESARROLLO Y CONSTRUCCIONES URBANAS, S.A. DE C.V.","id":"DCU801124B41"}},{"id":"EST-2019-06-114","date":"2019-06-04T13:50:13-05:00","value":{"amount":688411.82,"currency":"MXN"},"payer":{"name":"SFYTGE","id":"RFC-GEN620601DTA"},"payee":{"name":"DESARROLLO Y CONSTRUCCIONES URBANAS, S.A. DE C.V.","id":"DCU801124B41"}},{"id":"EST-2019-08-394","date":"2019-08-21T13:03:53-05:00","value":{"amount":4221170.42,"currency":"MXN"},"payer":{"name":"SFYTGE","id":"RFC-GEN620601DTA"},"payee":{"name":"DESARROLLO Y CONSTRUCCIONES URBANAS, S.A. DE C.V.","id":"DCU801124B41"}},{"id":"EST-2020-02-985","date":"2020-02-05T13:38:17-06:00","value":{"amount":1075964.8,"currency":"MXN"},"payer":{"name":"SFYTGE","id":"RFC-GEN620601DTA"},"payee":{"name":"DESARROLLO Y CONSTRUCCIONES URBANAS, S.A. DE C.V.","id":"DCU801124B41"}},{"id":"EST-2019-02-697","date":"2019-02-11T12:27:54-06:00","value":{"amount":267696.92,"currency":"MXN"},"payer":{"name":"SFYTGE","id":"RFC-GEN620601DTA"},"payee":{"name":"DESARROLLO Y CONSTRUCCIONES URBANAS, S.A. DE C.V.","id":"DCU801124B41"}},{"id":"EST-2020-02-984","date":"2020-02-05T13:16:57-06:00","value":{"amount":-141923.87,"currency":"MXN"},"payer":{"name":"SFYTGE","id":"RFC-GEN620601DTA"},"payee":{"name":"DESARROLLO Y CONSTRUCCIONES URBANAS, S.A. DE C.V.","id":"DCU801124B41"}},{"id":"EST-2019-04-997","date":"2019-04-04T15:35:30-06:00","value":{"amount":1775936.8,"currency":"MXN"},"payer":{"name":"SFYTGE","id":"RFC-GEN620601DTA"},"payee":{"name":"DESARROLLO Y CONSTRUCCIONES URBANAS, S.A. DE C.V.","id":"DCU801124B41"}},{"id":"EST-2019-05-083","date":"2019-05-23T10:32:34-05:00","value":{"amount":2540907.21,"currency":"MXN"},"payer":{"name":"SFYTGE","id":"RFC-GEN620601DTA"},"payee":{"name":"DESARROLLO Y CONSTRUCCIONES URBANAS, S.A. DE C.V.","id":"DCU801124B41"}}],"documents":[]},"milestones":[],"contractAmendments":[{"id":"1810001-MT-201972","contractAmendmentType":"Monto y Tiempo","date":"2019-04-29T00:00:00-05:00","previousPeriod":{"startDate":"0001-01-01T00:00:00-06:00","endDate":"0001-01-01T00:00:00-06:00","maxExtentDate":"0001-01-01T00:00:00","durationInDays":0},"actualPeriod":{"startDate":"0001-01-01T00:00:00-06:00","endDate":"0001-01-01T00:00:00-06:00","maxExtentDate":"0001-01-01T00:00:00","durationInDays":0},"previousValue":{"amount":0.0,"currency":"MXN"},"actualValue":{"amount":0.0,"currency":"MXN"}},{"id":"1810001-UT-201972","contractAmendmentType":"Tiempo","date":"2019-01-18T00:00:00-06:00","previousPeriod":{"startDate":"0001-01-01T00:00:00-06:00","endDate":"0001-01-01T00:00:00-06:00","maxExtentDate":"0001-01-01T00:00:00","durationInDays":0},"actualPeriod":{"startDate":"0001-01-01T00:00:00-06:00","endDate":"0001-01-01T00:00:00-06:00","maxExtentDate":"0001-01-01T00:00:00","durationInDays":0},"previousValue":{"amount":0.0,"currency":"MXN"},"actualValue":{"amount":0.0,"currency":"MXN"}}]}],"language":"es"}}]}