{"uri":"http://si.nl.gob.mx/Acceso/DatosAbiertos/000006/LO-919009986-E12-2019/v001/RecordPackage-ocds-7wj9x5-LO-919009986-E12-2019-v001-contract.json","publisher":{"scheme":"GB-COH","uid":"","name":"Secretaría de Infraestructura del Estado de Nuevo León","uri":"http://si.nl.gob.mx"},"publishedDate":"2020-03-24T21:21:43.1126771-06:00","license":"https://datos.gob.mx/libreusomx","publicationPolicy":"http://si.nl.gob.mx","version":"1.1","packages":["https://raw.githubusercontent.com/INAImexico/ocds_requestForQuotes_extension/master/extension.json"],"records":[{"ocid":"ocds-7wj9x5-LO-919009986-E12-2019001","releases":[{"url":"http://si.nl.gob.mx/Acceso/DatosAbiertos/000006/LO-919009986-E12-2019/v001/Release-ocds-7wj9x5-LO-919009986-E12-2019-v001-contract.json","date":"2020-03-24T21:21:43.073-06:00","tag":["tender"]}],"compiledRelease":{"ocid":"ocds-7wj9x5-LO-919009986-E12-2019-v001","id":"ocds-7wj9x5-LO-919009986-E12-2019-v001-contract","date":"2020-03-24T21:21:43.0707884-06:00","tag":["planning","tender","award","contract"],"initiationType":"tender","parties":[{"name":"Mpio. Monterrey","id":"SIASI-000128","identifier":{"scheme":"SIASI","legalName":"SISTEMA INTEGRAL DE ADMINISTRACIÓN DE LA SECRETARÍA DE INFRAESTRUCTURA"},"address":{"streetAddress":"Washington","locality":"Monterrey","region":"Nuevo León","postalCode":"64010","countryName":"México"},"contactPoint":{"name":"Jesús Salvador Pérez Rodríguez","email":"salvador.perez @nuevoleon.gob.mx","telephone":"8120206730","url":"http://www.nl.gob.mx/dependencias"},"roles":["buyer"]},{"name":"SECRETARIA DE INFRAESTRUCTURA","id":"SIASI-000011","identifier":{"scheme":"SIASI","legalName":"SISTEMA INTEGRAL DE ADMINISTRACIÓN DE LA SECRETARÍA DE INFRAESTRUCTURA"},"address":{"streetAddress":"WASHIGTON 648 OTE","locality":"MONTERREY","region":"NUEVO LEÓN","postalCode":"64000","countryName":"MÉXICO"},"contactPoint":{"name":"HUMBERTO TORRES PADILLA","email":"salvador.perez @nuevoleon.gob.mx","telephone":"8120206730","url":"http://si.nl.gob.mx/"},"roles":["procuringEntity"]},{"name":"SECRETARIA DE FINANZAS Y TESORERIA GENERAL DEL ESTADO DE NUEVO LEON","id":"SIASI-000004","identifier":{"scheme":"SIASI","legalName":"SISTEMA INTEGRAL DE ADMINISTRACIÓN DE LA SECRETARÍA DE INFRAESTRUCTURA"},"address":{"streetAddress":"ESCOBEDO SUR PISO 3 333","locality":"MONTERREY","region":"NUEVO LEÓN","postalCode":"64000","countryName":"MÉXICO"},"contactPoint":{"name":"Jesús Salvador Pérez Rodríguez","email":"salvador.perez @nuevoleon.gob.mx","telephone":"8120206730","url":"http://www.nl.gob.mx/tesoreria"},"roles":["payer"]},{"name":"CONSTRUCCIONES CIMENTACIONES Y PILAS, S.A. DE C.V.","id":"RFC-CCP090119DR1","identifier":{"scheme":"RFC","id":"CCP090119DR1","legalName":"REGISTRO FEDERAL DE CONTRIBUYENTES"},"address":{"streetAddress":"RIO MISSISSIPI 259 2PB","locality":"SAN PEDRO GARZA GARCÍA","postalCode":"66220"},"contactPoint":{"name":"LEOPOLDO TADEO ZAMARRON MARTINEZ"},"roles":["tenderer","supplier"]},{"name":"CONSTRUCCIONES DYNAMO, S.A. DE C.V.","id":"RFC-CDY980323MA8","identifier":{"scheme":"RFC","id":"CDY980323MA8","legalName":"REGISTRO FEDERAL DE CONTRIBUYENTES"},"address":{"locality":"MONTERREY","postalCode":"64800"},"contactPoint":{"name":"CESAR EDUARDO GARCIA GUERRERO","telephone":"52 81 83550589 "},"roles":["tenderer"]},{"name":"CONSTRUCTORA Y URBANIZADORA JE-FE, S.A. DE C.V.","id":"RFC-CUJ971122D1A","identifier":{"scheme":"RFC","id":"CUJ971122D1A","legalName":"REGISTRO FEDERAL DE CONTRIBUYENTES"},"address":{"locality":"SAN NICOLÁS DE LOS GARZA","postalCode":"66464"},"contactPoint":{},"roles":["tenderer"]},{"name":"EXECUCION DE MEXICO SA DE CV","id":"RFC-EME020423QC1","identifier":{"scheme":"RFC","id":"EME020423QC1","legalName":"REGISTRO FEDERAL DE CONTRIBUYENTES"},"address":{},"contactPoint":{"telephone":"8181501600"},"roles":["tenderer"]},{"name":"FOJA INGENIEROS CONSTRUCTORES, S.A. DE C.V.","id":"RFC-FIC970214DD7","identifier":{"scheme":"RFC","id":"FIC970214DD7","legalName":"REGISTRO FEDERAL DE CONTRIBUYENTES"},"address":{"streetAddress":"Rio Grijalva  112 nte","locality":"SAN PEDRO GARZA GARCIA","postalCode":"66220"},"contactPoint":{"name":"FAUSTO IBARRA DE LA GARZA (HIJO)","telephone":"8378-1320"},"roles":["tenderer"]},{"name":"INGENIERIA Y CONSTRUCCIONES R.I. SA DE CV","id":"RFC-ICR081007SV5 ","identifier":{"scheme":"RFC","id":"ICR081007SV5 ","legalName":"REGISTRO FEDERAL DE CONTRIBUYENTES"},"address":{},"contactPoint":{"telephone":"868 500526"},"roles":["tenderer"]},{"name":"KAANS ADMINISTRACION, S.A. DE C.V.","id":"RFC-KAD1003298I6","identifier":{"scheme":"RFC","id":"KAD1003298I6","legalName":"REGISTRO FEDERAL DE CONTRIBUYENTES"},"address":{"streetAddress":"Santa Cristina  1317","locality":"GUADALUPE","postalCode":"67129"},"contactPoint":{"name":"LUIS ALBERTO MATA MARTINEZ","telephone":"38493182"},"roles":["tenderer"]},{"name":"KABATAS, S.A. DE C.V.","id":"RFC-KAB160516DN2","identifier":{"scheme":"RFC","id":"KAB160516DN2","legalName":"REGISTRO FEDERAL DE CONTRIBUYENTES"},"address":{"streetAddress":"VALLE DEL CHAMPAGNE  349","locality":"GUADALUPE","postalCode":"64174"},"contactPoint":{"name":"MAURICIO ALEJANDRO PARODI FLORES","telephone":"4423810778"},"roles":["tenderer"]},{"name":"ODEVISA, S.A. DE C.V.","id":"RFC-ODE050622SY5","identifier":{"scheme":"RFC","id":"ODE050622SY5","legalName":"REGISTRO FEDERAL DE CONTRIBUYENTES"},"address":{"streetAddress":"MISSISSIPPI  259-2","locality":"SAN PEDRO GARZA GARCIA","postalCode":"66220"},"contactPoint":{"name":"ARTURO ORTEGA JUAREZ","telephone":"8183628606"},"roles":["tenderer"]},{"name":"MONICA ELIZONDO ELIZONDO","id":"RFC-GENE180322A03","identifier":{"scheme":"RFC","id":"GENE180322A03","legalName":"REGISTRO FEDERAL DE CONTRIBUYENTES"},"address":{"streetAddress":"AV. LOS SOLES 111 3402","locality":"SAN PEDRO GARZA GARCÍA","postalCode":"66266"},"contactPoint":{"name":"MÓNICA ELIZONDO ELIZONDO"},"roles":["tenderer"]},{"name":"VIP DESARROLLO URBANO, S.A. DE C.V.","id":"RFC-VDU920917EK0","identifier":{"scheme":"RFC","id":"VDU920917EK0","legalName":"REGISTRO FEDERAL DE CONTRIBUYENTES"},"address":{"streetAddress":"OCCIDENTAL 265 L 9","locality":"REYNOSA","postalCode":"88630"},"contactPoint":{"name":"RAUL MARTINEZ VILLARREAL","telephone":"8182522144"},"roles":["tenderer"]}],"buyer":{"id":"SIASI-000128","name":"Mpio. Monterrey"},"planning":{"rationale":"3,933 habitantes al día","numberOfBeneficiaries":0,"budget":{"id":"20459","description":"FIES 2018","amount":{"amount":49921738.0,"currency":"MXN"},"project":"Corredor de movilidad urbana sustentable Monterrey-Guadalupe - Acera Sur","projectID":"PEI-0118/2019"},"documents":[{"id":"827","documentType":"Estudio de mercado","title":"Estudio de mercado","description":"Estudio de mercado","url":"http://si.nl.gob.mx/Acceso/DatosAbiertos/DocumentosPublicos/000006/LO-919009986-E12-2019/01. Planeación/Estudio de mercado.pdf","datePublished":"2020-03-21T18:03:03.537-06:00","dateModified":"0001-01-01T00:00:00-06:00","format":"application/pdf","language":"es","x_section":"planning"},{"id":"828","documentType":"Proyecto ejecutivo","title":"Proyecto ejecutivo","description":"Proyecto ejecutivo","url":"http://si.nl.gob.mx/Acceso/DatosAbiertos/DocumentosPublicos/000006/LO-919009986-E12-2019/01. Planeación/Proyecto ejecutivo.pdf","datePublished":"2020-03-21T18:03:03.55-06:00","dateModified":"0001-01-01T00:00:00-06:00","format":"application/pdf","language":"es","x_section":"planning"}]},"tender":{"id":"LO-919009986-E12-2019","title":"Corredor de movilidad urbana sustentable Monterrey-Guadalupe - Acera Sur","description":"Corredor de movilidad urbana sustentable Monterrey-Guadalupe - Acera Sur","status":"complete","procuringEntity":{"name":"SECRETARIA DE INFRAESTRUCTURA","id":"SIASI-000011"},"value":{"amount":49921738.0,"currency":"MXN"},"minValue":{"amount":0.0,"currency":"MXN"},"procurementMethod":"open","procurementMethodDetails":"Licitación Federal","procurementMethodRationale":"Justificación para el método de compra elegido","mainProcurementCategory":"goods","additionalProcurementCategories":["ND"],"awardCriteria":"priceOnly","awardCriteriaDetails":"Para la adjudicación del contrato LA DEPENDENCIA efectuará un análisis comparativo de las propuestas admitidas que no fueron desechadas en el aspecto legal, técnico o económico y elaborará un dictamen en el que se tomaran en cuenta los criterios generales de adjudicación expresados en la Convocatoria.","submissionMethod":["inPerson"],"submissionMethodDetails":"El representante del licitante deberá presentar en persona su oferta escrita en sobre cerrado","tenderPeriod":{"startDate":"2019-07-30T00:00:00-05:00","endDate":"2019-08-21T00:00:00-05:00","maxExtentDate":"2019-08-21T00:00:00-05:00","durationInDays":22},"enquiryPeriod":{"startDate":"2019-07-30T00:00:00-05:00","endDate":"2019-08-07T00:00:00-05:00","maxExtentDate":"2019-08-07T00:00:00-05:00","durationInDays":8},"hasEnquiries":true,"eligibilityCriteria":"El criterio establecido por el artículo 38 de la Ley de obras públicas y servicios relacionados con las mismas","awardPeriod":{"startDate":"2019-08-21T00:00:00-05:00","endDate":"2019-08-29T00:00:00-05:00","maxExtentDate":"2019-09-28T00:00:00-05:00","durationInDays":8},"contractPeriod":{"startDate":"2019-08-29T00:00:00-05:00","endDate":"2019-08-30T00:00:00-05:00","maxExtentDate":"2019-09-06T00:00:00-05:00","durationInDays":1},"numberOfTenderers":11,"tenderers":[{"name":"CONSTRUCCIONES CIMENTACIONES Y PILAS, S.A. DE C.V.","id":"RFC-CCP090119DR1"},{"name":"CONSTRUCCIONES DYNAMO, S.A. DE C.V.","id":"RFC-CDY980323MA8"},{"name":"CONSTRUCTORA Y URBANIZADORA JE-FE, S.A. DE C.V.","id":"RFC-CUJ971122D1A"},{"name":"EXECUCION DE MEXICO SA DE CV","id":"RFC-EME020423QC1"},{"name":"FOJA INGENIEROS CONSTRUCTORES, S.A. DE C.V.","id":"RFC-FIC970214DD7"},{"name":"INGENIERIA Y CONSTRUCCIONES R.I. SA DE CV","id":"RFC-ICR081007SV5 "},{"name":"KAANS ADMINISTRACION, S.A. DE C.V.","id":"RFC-KAD1003298I6"},{"name":"KABATAS, S.A. DE C.V.","id":"RFC-KAB160516DN2"},{"name":"ODEVISA, S.A. DE C.V.","id":"RFC-ODE050622SY5"},{"name":"MONICA ELIZONDO ELIZONDO","id":"RFC-GENE180322A03"},{"name":"VIP DESARROLLO URBANO, S.A. DE C.V.","id":"RFC-VDU920917EK0"}],"documents":[{"id":"829","documentType":"Acta de juntas de aclaraciones a las preguntas de los licitantes","title":"Acta de juntas de aclaraciones a las preguntas de los licitantes","description":"Acta de juntas de aclaraciones a las preguntas de los licitantes","url":"http://si.nl.gob.mx/Acceso/DatosAbiertos/DocumentosPublicos/000006/LO-919009986-E12-2019/02. Invitación/Acta de juntas de aclaraciones a las preguntas de los licitantes.pdf","datePublished":"2020-03-21T18:03:03.567-06:00","dateModified":"0001-01-01T00:00:00-06:00","format":"application/pdf","language":"es","x_section":"tender"},{"id":"830","documentType":"Acta de juntas de aclaraciones a las preguntas de los licitantes","title":"Acta de juntas de aclaraciones a las preguntas de los licitantes","description":"Acta de juntas de aclaraciones a las preguntas de los licitantes","url":"http://si.nl.gob.mx/Acceso/DatosAbiertos/DocumentosPublicos/000006/LO-919009986-E12-2019/02. Invitación/Acta de juntas de aclaraciones a las preguntas de los licitantes_01.pdf","datePublished":"2020-03-21T18:03:03.58-06:00","dateModified":"0001-01-01T00:00:00-06:00","format":"application/pdf","language":"es","x_section":"tender"},{"id":"831","documentType":"Acta de juntas de aclaraciones a las preguntas de los licitantes","title":"Acta de juntas de aclaraciones a las preguntas de los licitantes","description":"Acta de juntas de aclaraciones a las preguntas de los licitantes","url":"http://si.nl.gob.mx/Acceso/DatosAbiertos/DocumentosPublicos/000006/LO-919009986-E12-2019/02. Invitación/Acta de juntas de aclaraciones a las preguntas de los licitantes_02.pdf","datePublished":"2020-03-21T18:03:03.593-06:00","dateModified":"0001-01-01T00:00:00-06:00","format":"application/pdf","language":"es","x_section":"tender"},{"id":"832","documentType":"Acta de juntas de aclaraciones a las preguntas de los licitantes","title":"Acta de juntas de aclaraciones a las preguntas de los licitantes","description":"Acta de juntas de aclaraciones a las preguntas de los licitantes","url":"http://si.nl.gob.mx/Acceso/DatosAbiertos/DocumentosPublicos/000006/LO-919009986-E12-2019/02. Invitación/Acta de juntas de aclaraciones a las preguntas de los licitantes_03.pdf","datePublished":"2020-03-21T18:03:03.61-06:00","dateModified":"0001-01-01T00:00:00-06:00","format":"application/pdf","language":"es","x_section":"tender"},{"id":"833","documentType":"Acta de presentación y apertura de propuestas de licitaciones","title":"Acta de presentación y apertura de propuestas de licitaciones","description":"Acta de presentación y apertura de propuestas de licitaciones","url":"http://si.nl.gob.mx/Acceso/DatosAbiertos/DocumentosPublicos/000006/LO-919009986-E12-2019/02. Invitación/Acta de presentación y apertura de propuestas de licitaciones.pdf","datePublished":"2020-03-21T18:03:03.62-06:00","dateModified":"0001-01-01T00:00:00-06:00","format":"application/pdf","language":"es","x_section":"tender"},{"id":"834","documentType":"Anexos de Convocatoria","title":"Anexos de Convocatoria","description":"Anexos de Convocatoria","url":"http://si.nl.gob.mx/Acceso/DatosAbiertos/DocumentosPublicos/000006/LO-919009986-E12-2019/02. Invitación/Anexos de Convocatoria.zip","datePublished":"2020-03-21T18:03:03.63-06:00","dateModified":"0001-01-01T00:00:00-06:00","format":"application/zip","language":"es","x_section":"tender"},{"id":"835","documentType":"Convocatoria de licitaciones","title":"Convocatoria de licitaciones","description":"Convocatoria de licitaciones","url":"http://si.nl.gob.mx/Acceso/DatosAbiertos/DocumentosPublicos/000006/LO-919009986-E12-2019/02. Invitación/Convocatoria de licitaciones.pdf","datePublished":"2020-03-21T18:03:03.64-06:00","dateModified":"0001-01-01T00:00:00-06:00","format":"application/pdf","language":"es","x_section":"tender"},{"id":"836","documentType":"Pre-bases de licitaciones","title":"Pre-bases de licitaciones","description":"Pre-bases de licitaciones","url":"http://si.nl.gob.mx/Acceso/DatosAbiertos/DocumentosPublicos/000006/LO-919009986-E12-2019/02. Invitación/Pre-bases de licitaciones.pdf","datePublished":"2020-03-21T18:03:03.653-06:00","dateModified":"0001-01-01T00:00:00-06:00","format":"application/pdf","language":"es","x_section":"tender"},{"id":"837","documentType":"Registro de asistencia de la visita a las instalaciones","title":"Registro de asistencia de la visita a las instalaciones","description":"Registro de asistencia de la visita a las instalaciones","url":"http://si.nl.gob.mx/Acceso/DatosAbiertos/DocumentosPublicos/000006/LO-919009986-E12-2019/02. Invitación/Registro de asistencia de la visita a las instalaciones.pdf","datePublished":"2020-03-21T18:03:03.663-06:00","dateModified":"0001-01-01T00:00:00-06:00","format":"application/pdf","language":"es","x_section":"tender"},{"id":"838","documentType":"Resumen de convocatoria a la licitación pública","title":"Resumen de convocatoria a la licitación pública","description":"Resumen de convocatoria a la licitación pública","url":"http://si.nl.gob.mx/Acceso/DatosAbiertos/DocumentosPublicos/000006/LO-919009986-E12-2019/02. Invitación/Resumen de convocatoria a la licitación pública.pdf","datePublished":"2020-03-21T18:03:03.677-06:00","dateModified":"0001-01-01T00:00:00-06:00","format":"application/pdf","language":"es","x_section":"tender"}],"milestones":[{"id":"LO-919009986-E12-2019-15861","title":"CONVOCATORIA","type":"preProcurement","description":"CONVOCATORIA","code":"CONVOCATORIA","dueDate":"2019-07-24T08:00:00-05:00","dateMet":"2019-07-24T08:00:00-05:00","dateModified":"2019-07-24T08:00:00-05:00","status":"met"},{"id":"LO-919009986-E12-2019-15862","title":"VISITA A LA OBRA","type":"preProcurement","description":"VISITA A LA OBRA","code":"VISITA A LA OBRA","dueDate":"2019-07-24T08:00:00-05:00","dateMet":"2019-07-24T08:00:00-05:00","dateModified":"2019-07-24T08:00:00-05:00","status":"met"},{"id":"LO-919009986-E12-2019-15863","title":"JUNTA DE ACLARACIONES","type":"preProcurement","description":"JUNTA DE ACLARACIONES","code":"JUNTA DE ACLARACIONES","dueDate":"2019-07-24T10:00:00-05:00","dateMet":"2019-07-24T10:00:00-05:00","dateModified":"2019-07-24T10:00:00-05:00","status":"met"},{"id":"LO-919009986-E12-2019-15864","title":"APERTURA","type":"assessment","description":"APERTURA","code":"APERTURA","dueDate":"2019-08-13T10:00:00-05:00","dateMet":"2019-08-13T10:00:00-05:00","dateModified":"2019-08-13T10:00:00-05:00","status":"met"},{"id":"LO-919009986-E12-2019-15867","title":"FALLO","type":"engagement","description":"FALLO","code":"FALLO","dueDate":"2019-08-28T16:00:00-05:00","dateMet":"2019-08-28T16:00:00-05:00","dateModified":"2019-08-28T16:00:00-05:00","status":"met"},{"id":"LO-919009986-E12-2019-15868","title":"FIRMA DEL CONTRATO","type":"approval","description":"FIRMA DEL CONTRATO","code":"FIRMA DEL CONTRATO","dueDate":"2019-08-29T11:00:00-05:00","dateMet":"2019-08-29T11:00:00-05:00","dateModified":"2019-08-29T11:00:00-05:00","status":"met"}]},"awards":[{"id":"LO-919009986-E12-2019","title":"Corredor de movilidad urbana sustentable Monterrey-Guadalupe - Acera Sur","description":"Corredor de movilidad urbana sustentable Monterrey-Guadalupe - Acera Sur","status":"active","date":"2019-08-29T00:00:00-05:00","value":{"amount":15667370.48,"currency":"MXN"},"suppliers":[{"id":"RFC-CCP090119DR1","name":"CONSTRUCCIONES CIMENTACIONES Y PILAS, S.A. DE C.V."}],"contractPeriod":{"startDate":"2019-09-16T00:00:00-05:00","endDate":"2019-12-20T00:00:00-06:00","maxExtentDate":"0001-01-01T00:00:00","durationInDays":95},"documents":[{"id":"839","documentType":"Fallo de licitaciones","title":"Fallo de licitaciones","description":"Fallo de licitaciones","url":"http://si.nl.gob.mx/Acceso/DatosAbiertos/DocumentosPublicos/000006/LO-919009986-E12-2019/03. Adjudicación/Fallo de licitaciones.pdf","datePublished":"2020-03-21T18:03:03.687-06:00","dateModified":"0001-01-01T00:00:00-06:00","format":"application/pdf","language":"es","x_section":"award"},{"id":"840","documentType":"Fallo de licitaciones","title":"Fallo de licitaciones","description":"Fallo de licitaciones","url":"http://si.nl.gob.mx/Acceso/DatosAbiertos/DocumentosPublicos/000006/LO-919009986-E12-2019/03. Adjudicación/Fallo de licitaciones_01.pdf","datePublished":"2020-03-21T18:03:03.703-06:00","dateModified":"0001-01-01T00:00:00-06:00","format":"application/pdf","language":"es","x_section":"award"},{"id":"841","documentType":"Oferta Ganadora","title":"Oferta Ganadora","description":"Oferta Ganadora","url":"http://si.nl.gob.mx/Acceso/DatosAbiertos/DocumentosPublicos/000006/LO-919009986-E12-2019/03. Adjudicación/Oferta Ganadora.rar","datePublished":"2020-03-21T18:03:03.727-06:00","dateModified":"0001-01-01T00:00:00-06:00","format":"application/vnd.rar","language":"es","x_section":"award"},{"id":"842","documentType":"Resultado de las evaluaciones de la licitación","title":"Resultado de las evaluaciones de la licitación","description":"Resultado de las evaluaciones de la licitación","url":"http://si.nl.gob.mx/Acceso/DatosAbiertos/DocumentosPublicos/000006/LO-919009986-E12-2019/03. Adjudicación/Resultado de las evaluaciones de la licitación.pdf","datePublished":"2020-03-21T18:03:03.743-06:00","dateModified":"0001-01-01T00:00:00-06:00","format":"application/pdf","language":"es","x_section":"award"}]}],"contracts":[{"id":"1908008","awardID":"LO-919009986-E12-2019","title":"Corredor de movilidad urbana sustentable Monterrey-Guadalupe - Acera Sur","description":"Corredor de movilidad urbana sustentable Monterrey-Guadalupe - Acera Sur","status":"active","x_financial_advance":100.0,"x_physical_advance":100.0,"period":{"startDate":"2019-09-16T00:00:00-05:00","endDate":"2019-12-20T00:00:00-06:00","maxExtentDate":"0001-01-01T00:00:00-06:00","durationInDays":95},"value":{"amount":18218739.74,"currency":"MXN"},"x_estimatedPhysicalProgress":100.0,"x_observedPhysicalProgress":100.0,"items":[{"id":"000000544","description":"002 DEMOLICIONES","classification":{"scheme":"UNCEFACT","id":"000000544","description":"Catálogo de Conceptos Universal de la Secretaría de Infraestructura del Estado de Nuevo León","uri":"http://si.nl.gob.mx/CatalogoDeConceptosUniversal"},"quantity":1.0,"unit":{"scheme":"SINL-CU","id":"000000221","name":"LOTE","value":{"amount":2162955.4916,"currency":"MXN"},"uri":"http://si.nl.gob.mx/CatalogoUnidades"}},{"id":"000004838","description":"004 TERRACERIAS","classification":{"scheme":"UNCEFACT","id":"000004838","description":"Catálogo de Conceptos Universal de la Secretaría de Infraestructura del Estado de Nuevo León","uri":"http://si.nl.gob.mx/CatalogoDeConceptosUniversal"},"quantity":1.0,"unit":{"scheme":"SINL-CU","id":"000000221","name":"LOTE","value":{"amount":915613.672,"currency":"MXN"},"uri":"http://si.nl.gob.mx/CatalogoUnidades"}},{"id":"000008731","description":"005 ALBAÑILERIAS","classification":{"scheme":"UNCEFACT","id":"000008731","description":"Catálogo de Conceptos Universal de la Secretaría de Infraestructura del Estado de Nuevo León","uri":"http://si.nl.gob.mx/CatalogoDeConceptosUniversal"},"quantity":1.0,"unit":{"scheme":"SINL-CU","id":"000000221","name":"LOTE","value":{"amount":3427269.1887,"currency":"MXN"},"uri":"http://si.nl.gob.mx/CatalogoUnidades"}},{"id":"000008015","description":"009 MOBILIARIO","classification":{"scheme":"UNCEFACT","id":"000008015","description":"Catálogo de Conceptos Universal de la Secretaría de Infraestructura del Estado de Nuevo León","uri":"http://si.nl.gob.mx/CatalogoDeConceptosUniversal"},"quantity":1.0,"unit":{"scheme":"SINL-CU","id":"000000221","name":"LOTE","value":{"amount":2151154.45,"currency":"MXN"},"uri":"http://si.nl.gob.mx/CatalogoUnidades"}},{"id":"000006598","description":"EXTRAS  001","classification":{"scheme":"UNCEFACT","id":"000006598","description":"Catálogo de Conceptos Universal de la Secretaría de Infraestructura del Estado de Nuevo León","uri":"http://si.nl.gob.mx/CatalogoDeConceptosUniversal"},"quantity":1.0,"unit":{"scheme":"SINL-CU","id":"000000221","name":"LOTE","value":{"amount":1619796.6928,"currency":"MXN"},"uri":"http://si.nl.gob.mx/CatalogoUnidades"}}],"dateSigned":"2019-08-30T00:00:00-05:00","documents":[{"id":"843","documentType":"Anexos de Contrato","title":"Anexos de Contrato","description":"Anexos de Contrato","url":"http://si.nl.gob.mx/Acceso/DatosAbiertos/DocumentosPublicos/000006/LO-919009986-E12-2019/04. Contratación/Anexos de Contrato.pdf","datePublished":"2020-03-21T18:03:03.76-06:00","dateModified":"0001-01-01T00:00:00-06:00","format":"application/pdf","language":"es","x_section":"contract"},{"id":"844","documentType":"Anexos de Contrato","title":"Anexos de Contrato","description":"Anexos de Contrato","url":"http://si.nl.gob.mx/Acceso/DatosAbiertos/DocumentosPublicos/000006/LO-919009986-E12-2019/04. Contratación/Anexos de Contrato_01.pdf","datePublished":"2020-03-21T18:03:03.777-06:00","dateModified":"0001-01-01T00:00:00-06:00","format":"application/pdf","language":"es","x_section":"contract"},{"id":"845","documentType":"Contrato firmado","title":"Contrato firmado","description":"Contrato firmado","url":"http://si.nl.gob.mx/Acceso/DatosAbiertos/DocumentosPublicos/000006/LO-919009986-E12-2019/04. Contratación/Contrato firmado.pdf","datePublished":"2020-03-21T18:03:03.79-06:00","dateModified":"0001-01-01T00:00:00-06:00","format":"application/pdf","language":"es","x_section":"contract"},{"id":"1018","documentType":"Finiquito del contrato","title":"Finiquito del contrato","description":"Finiquito del contrato","datePublished":"0001-01-01T00:00:00-06:00","dateModified":"0001-01-01T00:00:00-06:00","format":"ND","language":"es","x_section":"contract"},{"id":"1021","documentType":"Finiquito del contrato","title":"Finiquito del contrato","description":"Finiquito del contrato","datePublished":"0001-01-01T00:00:00-06:00","dateModified":"0001-01-01T00:00:00-06:00","format":"ND","language":"es","x_section":"contract"},{"id":"846","documentType":"Informe ejecutivo de la ejecución del contrato (Reportes)","title":"Informe ejecutivo de la ejecución del contrato (Reportes)","description":"Informe ejecutivo de la ejecución del contrato (Reportes)","url":"http://si.nl.gob.mx/Acceso/DatosAbiertos/DocumentosPublicos/000006/LO-919009986-E12-2019/05. Ejecución/Informe ejecutivo de la ejecución del contrato (Reportes).pdf","datePublished":"2020-03-21T18:03:03.807-06:00","dateModified":"0001-01-01T00:00:00-06:00","format":"application/pdf","language":"es","x_section":"implementarion"},{"id":"847","documentType":"Informe ejecutivo de la ejecución del contrato (Reportes)","title":"Informe ejecutivo de la ejecución del contrato (Reportes)","description":"Informe ejecutivo de la ejecución del contrato (Reportes)","url":"http://si.nl.gob.mx/Acceso/DatosAbiertos/DocumentosPublicos/000006/LO-919009986-E12-2019/05. Ejecución/Informe ejecutivo de la ejecución del contrato (Reportes)_01.pdf","datePublished":"2020-03-21T18:03:03.86-06:00","dateModified":"0001-01-01T00:00:00-06:00","format":"application/pdf","language":"es","x_section":"implementarion"},{"id":"848","documentType":"Informe ejecutivo de la ejecución del contrato (Reportes)","title":"Informe ejecutivo de la ejecución del contrato (Reportes)","description":"Informe ejecutivo de la ejecución del contrato (Reportes)","url":"http://si.nl.gob.mx/Acceso/DatosAbiertos/DocumentosPublicos/000006/LO-919009986-E12-2019/05. Ejecución/Informe ejecutivo de la ejecución del contrato (Reportes)_02.pdf","datePublished":"2020-03-21T18:03:03.873-06:00","dateModified":"0001-01-01T00:00:00-06:00","format":"application/pdf","language":"es","x_section":"implementarion"},{"id":"849","documentType":"Lista de escalada de aprobaciones","title":"Lista de escalada de aprobaciones","description":"Lista de escalada de aprobaciones","url":"http://si.nl.gob.mx/Acceso/DatosAbiertos/DocumentosPublicos/000006/LO-919009986-E12-2019/05. Ejecución/Lista de escalada de aprobaciones.pdf","datePublished":"2020-03-21T18:03:03.883-06:00","dateModified":"0001-01-01T00:00:00-06:00","format":"application/pdf","language":"es","x_section":"implementarion"},{"id":"850","documentType":"Reportes de supervisión","title":"Reportes de supervisión","description":"Reportes de supervisión","url":"http://si.nl.gob.mx/Acceso/DatosAbiertos/DocumentosPublicos/000006/LO-919009986-E12-2019/05. Ejecución/Reportes de supervisión.pdf","datePublished":"2020-03-21T18:03:03.897-06:00","dateModified":"0001-01-01T00:00:00-06:00","format":"application/pdf","language":"es","x_section":"implementarion"},{"id":"851","documentType":"Reportes de supervisión","title":"Reportes de supervisión","description":"Reportes de supervisión","url":"http://si.nl.gob.mx/Acceso/DatosAbiertos/DocumentosPublicos/000006/LO-919009986-E12-2019/05. Ejecución/Reportes de supervisión_01.pdf","datePublished":"2020-03-21T18:03:03.907-06:00","dateModified":"0001-01-01T00:00:00-06:00","format":"application/pdf","language":"es","x_section":"implementarion"},{"id":"1019","documentType":"Reportes de calidad","title":"Reportes de calidad","description":"Reportes de calidad","datePublished":"0001-01-01T00:00:00-06:00","dateModified":"0001-01-01T00:00:00-06:00","format":"ND","language":"es","x_section":"implementarion"},{"id":"1020","documentType":"Certificado de terminación (informe de conclusión)","title":"Certificado de terminación (informe de conclusión)","description":"Certificado de terminación (informe de conclusión)","datePublished":"0001-01-01T00:00:00-06:00","dateModified":"0001-01-01T00:00:00-06:00","format":"ND","language":"es","x_section":"implementarion"},{"id":"1022","documentType":"Convenios modificatorios","title":"Convenios modificatorios","description":"Convenios modificatorios","datePublished":"0001-01-01T00:00:00-06:00","dateModified":"0001-01-01T00:00:00-06:00","format":"ND","language":"es","x_section":"implementarion"}],"implementation":{"transactions":[{"id":"EST-2019-09-450","date":"2019-09-11T16:21:51-05:00","value":{"amount":4700211.15,"currency":"MXN"},"payer":{"name":"SFYTGE","id":"RFC-GEN620601DTA"},"payee":{"name":"CONSTRUCCIONES CIMENTACIONES Y PILAS, S.A. DE C.V.","id":"CCP090119DR1"}},{"id":"EST-2019-10-544","date":"2019-10-17T13:07:59-05:00","value":{"amount":154230.61,"currency":"MXN"},"payer":{"name":"SFYTGE","id":"RFC-GEN620601DTA"},"payee":{"name":"CONSTRUCCIONES CIMENTACIONES Y PILAS, S.A. DE C.V.","id":"CCP090119DR1"}},{"id":"EST-2019-12-903","date":"2019-12-26T15:18:03-06:00","value":{"amount":4062783.63,"currency":"MXN"},"payer":{"name":"SFYTGE","id":"RFC-GEN620601DTA"},"payee":{"name":"CONSTRUCCIONES CIMENTACIONES Y PILAS, S.A. DE C.V.","id":"CCP090119DR1"}},{"id":"EST-2019-12-905","date":"2019-12-26T15:37:30-06:00","value":{"amount":1878964.16,"currency":"MXN"},"payer":{"name":"SFYTGE","id":"RFC-GEN620601DTA"},"payee":{"name":"CONSTRUCCIONES CIMENTACIONES Y PILAS, S.A. DE C.V.","id":"CCP090119DR1"}},{"id":"EST-2019-10-592","date":"2019-10-30T10:17:19-06:00","value":{"amount":586727.29,"currency":"MXN"},"payer":{"name":"SFYTGE","id":"RFC-GEN620601DTA"},"payee":{"name":"CONSTRUCCIONES CIMENTACIONES Y PILAS, S.A. DE C.V.","id":"CCP090119DR1"}},{"id":"EST-2019-11-616","date":"2019-11-08T16:27:14-06:00","value":{"amount":2171362.66,"currency":"MXN"},"payer":{"name":"SFYTGE","id":"RFC-GEN620601DTA"},"payee":{"name":"CONSTRUCCIONES CIMENTACIONES Y PILAS, S.A. DE C.V.","id":"CCP090119DR1"}},{"id":"EST-2019-11-675","date":"2019-11-22T09:57:08-06:00","value":{"amount":1254787.06,"currency":"MXN"},"payer":{"name":"SFYTGE","id":"RFC-GEN620601DTA"},"payee":{"name":"CONSTRUCCIONES CIMENTACIONES Y PILAS, S.A. DE C.V.","id":"CCP090119DR1"}},{"id":"EST-2019-11-695","date":"2019-11-26T12:06:50-06:00","value":{"amount":862206.7,"currency":"MXN"},"payer":{"name":"SFYTGE","id":"RFC-GEN620601DTA"},"payee":{"name":"CONSTRUCCIONES CIMENTACIONES Y PILAS, S.A. DE C.V.","id":"CCP090119DR1"}},{"id":"EST-2019-12-764","date":"2019-12-11T10:00:35-06:00","value":{"amount":1391068.25,"currency":"MXN"},"payer":{"name":"SFYTGE","id":"RFC-GEN620601DTA"},"payee":{"name":"CONSTRUCCIONES CIMENTACIONES Y PILAS, S.A. DE C.V.","id":"CCP090119DR1"}},{"id":"EST-2019-12-904","date":"2019-12-26T15:28:19-06:00","value":{"amount":1156398.25,"currency":"MXN"},"payer":{"name":"SFYTGE","id":"RFC-GEN620601DTA"},"payee":{"name":"CONSTRUCCIONES CIMENTACIONES Y PILAS, S.A. DE C.V.","id":"CCP090119DR1"}}],"documents":[]},"milestones":[]}],"language":"es"}}]}