{"uri":"http://si.nl.gob.mx/Acceso/DatosAbiertos/000004/LO-919009986-E43-2013/v001/RecordPackage-ocds-7wj9x5-LO-919009986-E43-2013-v001-contract.json","publisher":{"scheme":"GB-COH","uid":"","name":"Secretaría de Infraestructura del Estado de Nuevo León","uri":"http://si.nl.gob.mx"},"publishedDate":"2020-03-24T21:19:50.4654643-06:00","license":"https://datos.gob.mx/libreusomx","publicationPolicy":"http://si.nl.gob.mx","version":"1.1","packages":["https://raw.githubusercontent.com/INAImexico/ocds_requestForQuotes_extension/master/extension.json"],"records":[{"ocid":"ocds-7wj9x5-LO-919009986-E43-2013001","releases":[{"url":"http://si.nl.gob.mx/Acceso/DatosAbiertos/000004/LO-919009986-E43-2013/v001/Release-ocds-7wj9x5-LO-919009986-E43-2013-v001-contract.json","date":"2020-03-24T21:19:50.147-06:00","tag":["tender"]}],"compiledRelease":{"ocid":"ocds-7wj9x5-LO-919009986-E43-2013-v001","id":"ocds-7wj9x5-LO-919009986-E43-2013-v001-contract","date":"2020-03-24T21:19:50.1468555-06:00","tag":["planning","tender","award","contract"],"initiationType":"tender","parties":[{"name":"Secretaría de Salud","id":"SIASI-000009","identifier":{"scheme":"SIASI","legalName":"SISTEMA INTEGRAL DE ADMINISTRACIÓN DE LA SECRETARÍA DE INFRAESTRUCTURA"},"address":{"streetAddress":"Washington","locality":"Monterrey","region":"Nuevo León","postalCode":"64010","countryName":"México"},"contactPoint":{"name":"Jesús Salvador Pérez Rodríguez","email":"salvador.perez @nuevoleon.gob.mx","telephone":"8120206730","url":"http://www.nl.gob.mx/dependencias"},"roles":["buyer"]},{"name":"SECRETARIA DE INFRAESTRUCTURA","id":"SIASI-000011","identifier":{"scheme":"SIASI","legalName":"SISTEMA INTEGRAL DE ADMINISTRACIÓN DE LA SECRETARÍA DE INFRAESTRUCTURA"},"address":{"streetAddress":"WASHIGTON 648 OTE","locality":"MONTERREY","region":"NUEVO LEÓN","postalCode":"64000","countryName":"MÉXICO"},"contactPoint":{"name":"HUMBERTO TORRES PADILLA","email":"salvador.perez @nuevoleon.gob.mx","telephone":"8120206730","url":"http://si.nl.gob.mx/"},"roles":["procuringEntity"]},{"name":"SECRETARIA DE FINANZAS Y TESORERIA GENERAL DEL ESTADO DE NUEVO LEON","id":"SIASI-000004","identifier":{"scheme":"SIASI","legalName":"SISTEMA INTEGRAL DE ADMINISTRACIÓN DE LA SECRETARÍA DE INFRAESTRUCTURA"},"address":{"streetAddress":"ESCOBEDO SUR PISO 3 333","locality":"MONTERREY","region":"NUEVO LEÓN","postalCode":"64000","countryName":"MÉXICO"},"contactPoint":{"name":"Jesús Salvador Pérez Rodríguez","email":"salvador.perez @nuevoleon.gob.mx","telephone":"8120206730","url":"http://www.nl.gob.mx/tesoreria"},"roles":["payer"]},{"name":"ARQUITECTURA CONSTRUCTIVA SAENZ, S.A. DE C.V.","id":"RFC-SIN DATO-30741242-4136-47F0-BBA3-EA7651560C42","identifier":{"scheme":"RFC","id":"SIN DATO-30741242-4136-47F0-BBA3-EA7651560C42","legalName":"REGISTRO FEDERAL DE CONTRIBUYENTES"},"address":{"locality":"SAN PEDRO GARZA GARCÍA","postalCode":"66267"},"contactPoint":{"telephone":"+52 (81) 1477-7464"},"roles":["tenderer","supplier"]}],"buyer":{"id":"SIASI-000009","name":"Secretaría de Salud"},"planning":{"rationale":"246 mil 549 Habitantes","numberOfBeneficiaries":0,"budget":{"id":"","amount":{"amount":0.0,"currency":"MXN"},"project":"Construcción de Primera Etapa para el Proyecto de Infraestructura Social para la Sustitución por Obra Nueva del Hospital General de Montemorelos, Nuevo León "}},"tender":{"id":"LO-919009986-E43-2013","title":"Construcción de Primera Etapa para el Proyecto de Infraestructura Social para la Sustitución por Obra Nueva del Hospital General de Montemorelos, Nuevo León ","description":"Construcción de Primera Etapa para el Proyecto de Infraestructura Social para la Sustitución por Obra Nueva del Hospital General de Montemorelos, Nuevo León ","status":"complete","procuringEntity":{"name":"SECRETARIA DE INFRAESTRUCTURA","id":"SIASI-000011"},"value":{"amount":0.0,"currency":"MXN"},"minValue":{"amount":0.0,"currency":"MXN"},"procurementMethod":"open","procurementMethodDetails":"Licitación Federal","procurementMethodRationale":"Justificación para el método de compra elegido","mainProcurementCategory":"goods","additionalProcurementCategories":["ND"],"awardCriteria":"priceOnly","awardCriteriaDetails":"Para la adjudicación del contrato LA DEPENDENCIA efectuará un análisis comparativo de las propuestas admitidas que no fueron desechadas en el aspecto legal, técnico o económico y elaborará un dictamen en el que se tomaran en cuenta los criterios generales de adjudicación expresados en la Convocatoria.","submissionMethod":["inPerson"],"submissionMethodDetails":"El representante del licitante deberá presentar en persona su oferta escrita en sobre cerrado","tenderPeriod":{"startDate":"2013-09-19T00:00:00-05:00","endDate":"2013-10-04T00:00:00-05:00","maxExtentDate":"2013-10-04T00:00:00-05:00","durationInDays":15},"enquiryPeriod":{"startDate":"2013-09-19T00:00:00-05:00","endDate":"2013-09-26T00:00:00-05:00","maxExtentDate":"2013-09-26T00:00:00-05:00","durationInDays":7},"hasEnquiries":true,"eligibilityCriteria":"El criterio establecido por el artículo 38 de la Ley de obras públicas y servicios relacionados con las mismas","awardPeriod":{"startDate":"2013-10-04T00:00:00-05:00","endDate":"2013-10-07T00:00:00-05:00","maxExtentDate":"2013-11-06T00:00:00-06:00","durationInDays":3},"contractPeriod":{"startDate":"2013-10-07T00:00:00-05:00","endDate":"2013-10-08T00:00:00-05:00","maxExtentDate":"2013-10-15T00:00:00-05:00","durationInDays":1},"numberOfTenderers":1,"tenderers":[{"name":"ARQUITECTURA CONSTRUCTIVA SAENZ, S.A. DE C.V.","id":"RFC-SIN DATO-2047FD64-99D2-459C-BDF6-ECE8F0C9B7D6"}],"milestones":[{"id":"LO-919009986-E43-2013-16283","title":"PRE BASES","type":"preProcurement","description":"PRE BASES","code":"PRE BASES","dueDate":"2020-03-17T15:30:00-06:00","dateMet":"2020-03-17T15:30:00-06:00","dateModified":"2020-03-17T15:30:00-06:00","status":"met"},{"id":"LO-919009986-E43-2013-16284","title":"CONVOCATORIA","type":"preProcurement","description":"CONVOCATORIA","code":"CONVOCATORIA","dueDate":"2020-03-17T08:00:00-06:00","dateMet":"2020-03-17T08:00:00-06:00","dateModified":"2020-03-17T08:00:00-06:00","status":"met"},{"id":"LO-919009986-E43-2013-16285","title":"VISITA A LA OBRA","type":"preProcurement","description":"VISITA A LA OBRA","code":"VISITA A LA OBRA","dueDate":"2020-03-17T09:00:00-06:00","dateMet":"2020-03-17T09:00:00-06:00","dateModified":"2020-03-17T09:00:00-06:00","status":"met"},{"id":"LO-919009986-E43-2013-16286","title":"JUNTA DE ACLARACIONES","type":"preProcurement","description":"JUNTA DE ACLARACIONES","code":"JUNTA DE ACLARACIONES","dueDate":"2020-03-17T14:00:00-06:00","dateMet":"2020-03-17T14:00:00-06:00","dateModified":"2020-03-17T14:00:00-06:00","status":"met"},{"id":"LO-919009986-E43-2013-16287","title":"APERTURA","type":"assessment","description":"APERTURA","code":"APERTURA","dueDate":"2020-03-17T09:00:00-06:00","dateMet":"2020-03-17T09:00:00-06:00","dateModified":"2020-03-17T09:00:00-06:00","status":"met"},{"id":"LO-919009986-E43-2013-16290","title":"FALLO","type":"engagement","description":"FALLO","code":"FALLO","dueDate":"2020-03-17T17:30:00-06:00","dateMet":"2020-03-17T17:30:00-06:00","dateModified":"2020-03-17T17:30:00-06:00","status":"met"},{"id":"LO-919009986-E43-2013-16291","title":"FIRMA DEL CONTRATO","type":"approval","description":"FIRMA DEL CONTRATO","code":"FIRMA DEL CONTRATO","dueDate":"2020-03-17T10:00:00-06:00","dateMet":"2020-03-17T10:00:00-06:00","dateModified":"2020-03-17T10:00:00-06:00","status":"met"}]},"awards":[{"id":"LO-919009986-E43-2013","title":"Construcción de Primera Etapa para el Proyecto de Infraestructura Social para la Sustitución por Obra Nueva del Hospital General de Montemorelos, Nuevo León ","description":"Construcción de Primera Etapa para el Proyecto de Infraestructura Social para la Sustitución por Obra Nueva del Hospital General de Montemorelos, Nuevo León ","status":"active","date":"2013-10-07T00:00:00-05:00","value":{"amount":68998838.97,"currency":"MXN"},"suppliers":[{"id":"RFC-SIN DATO-CD59CB52-9A03-4090-B1FE-CBE7BC77EB56","name":"ARQUITECTURA CONSTRUCTIVA SAENZ, S.A. DE C.V."}],"contractPeriod":{"startDate":"2020-03-17T00:00:00-06:00","endDate":"2020-03-17T00:00:00-06:00","maxExtentDate":"0001-01-01T00:00:00","durationInDays":0}}],"contracts":[{"id":"1310006","awardID":"LO-919009986-E43-2013","title":"Construcción de Primera Etapa para el Proyecto de Infraestructura Social para la Sustitución por Obra Nueva del Hospital General de Montemorelos, Nuevo León ","description":"Construcción de Primera Etapa para el Proyecto de Infraestructura Social para la Sustitución por Obra Nueva del Hospital General de Montemorelos, Nuevo León ","status":"terminated","x_financial_advance":100.0,"x_physical_advance":100.0,"period":{"startDate":"2020-03-17T00:00:00-06:00","endDate":"2020-03-17T00:00:00-06:00","maxExtentDate":"0001-01-01T00:00:00-06:00","durationInDays":0},"value":{"amount":74262516.86,"currency":"MXN"},"x_estimatedPhysicalProgress":100.0,"x_observedPhysicalProgress":100.0,"items":[{"id":"000004729","description":"001 PRELIMINARES","classification":{"scheme":"UNCEFACT","id":"000004729","description":"Catálogo de Conceptos Universal de la Secretaría de Infraestructura del Estado de Nuevo León","uri":"http://si.nl.gob.mx/CatalogoDeConceptosUniversal"},"quantity":1.0,"unit":{"scheme":"SINL-CU","id":"000000221","name":"LOTE","value":{"amount":13200858.923,"currency":"MXN"},"uri":"http://si.nl.gob.mx/CatalogoUnidades"}},{"id":"000000554","description":"002 INSTALACION ELECTRICA","classification":{"scheme":"UNCEFACT","id":"000000554","description":"Catálogo de Conceptos Universal de la Secretaría de Infraestructura del Estado de Nuevo León","uri":"http://si.nl.gob.mx/CatalogoDeConceptosUniversal"},"quantity":1.0,"unit":{"scheme":"SINL-CU","id":"000000221","name":"LOTE","value":{"amount":1090537.5731,"currency":"MXN"},"uri":"http://si.nl.gob.mx/CatalogoUnidades"}},{"id":"000003600","description":"003 INSTALACION SANITARIA","classification":{"scheme":"UNCEFACT","id":"000003600","description":"Catálogo de Conceptos Universal de la Secretaría de Infraestructura del Estado de Nuevo León","uri":"http://si.nl.gob.mx/CatalogoDeConceptosUniversal"},"quantity":1.0,"unit":{"scheme":"SINL-CU","id":"000000221","name":"LOTE","value":{"amount":1421427.786,"currency":"MXN"},"uri":"http://si.nl.gob.mx/CatalogoUnidades"}},{"id":"000006905","description":"004 INSTALACION HIDRAULICA","classification":{"scheme":"UNCEFACT","id":"000006905","description":"Catálogo de Conceptos Universal de la Secretaría de Infraestructura del Estado de Nuevo León","uri":"http://si.nl.gob.mx/CatalogoDeConceptosUniversal"},"quantity":1.0,"unit":{"scheme":"SINL-CU","id":"000000221","name":"LOTE","value":{"amount":182755.9361,"currency":"MXN"},"uri":"http://si.nl.gob.mx/CatalogoUnidades"}},{"id":"000003699","description":"005 CIMENTACION","classification":{"scheme":"UNCEFACT","id":"000003699","description":"Catálogo de Conceptos Universal de la Secretaría de Infraestructura del Estado de Nuevo León","uri":"http://si.nl.gob.mx/CatalogoDeConceptosUniversal"},"quantity":1.0,"unit":{"scheme":"SINL-CU","id":"000000221","name":"LOTE","value":{"amount":44136478.5558,"currency":"MXN"},"uri":"http://si.nl.gob.mx/CatalogoUnidades"}},{"id":"000008281","description":"006 SUPERESTRUCTURA","classification":{"scheme":"UNCEFACT","id":"000008281","description":"Catálogo de Conceptos Universal de la Secretaría de Infraestructura del Estado de Nuevo León","uri":"http://si.nl.gob.mx/CatalogoDeConceptosUniversal"},"quantity":1.0,"unit":{"scheme":"SINL-CU","id":"000000221","name":"LOTE","value":{"amount":36337767.6527,"currency":"MXN"},"uri":"http://si.nl.gob.mx/CatalogoUnidades"}},{"id":"000000400","description":"007 VARIOS","classification":{"scheme":"UNCEFACT","id":"000000400","description":"Catálogo de Conceptos Universal de la Secretaría de Infraestructura del Estado de Nuevo León","uri":"http://si.nl.gob.mx/CatalogoDeConceptosUniversal"},"quantity":1.0,"unit":{"scheme":"SINL-CU","id":"000000221","name":"LOTE","value":{"amount":175463.2756,"currency":"MXN"},"uri":"http://si.nl.gob.mx/CatalogoUnidades"}},{"id":"000003181","description":"EXTRAS 001","classification":{"scheme":"UNCEFACT","id":"000003181","description":"Catálogo de Conceptos Universal de la Secretaría de Infraestructura del Estado de Nuevo León","uri":"http://si.nl.gob.mx/CatalogoDeConceptosUniversal"},"quantity":1.0,"unit":{"scheme":"SINL-CU","id":"000000221","name":"LOTE","value":{"amount":7902181.074,"currency":"MXN"},"uri":"http://si.nl.gob.mx/CatalogoUnidades"}},{"id":"000003910","description":"EXTRAS 002","classification":{"scheme":"UNCEFACT","id":"000003910","description":"Catálogo de Conceptos Universal de la Secretaría de Infraestructura del Estado de Nuevo León","uri":"http://si.nl.gob.mx/CatalogoDeConceptosUniversal"},"quantity":1.0,"unit":{"scheme":"SINL-CU","id":"000000221","name":"LOTE","value":{"amount":11789881.1799,"currency":"MXN"},"uri":"http://si.nl.gob.mx/CatalogoUnidades"}},{"id":"000000751","description":"EXTRAS 003","classification":{"scheme":"UNCEFACT","id":"000000751","description":"Catálogo de Conceptos Universal de la Secretaría de Infraestructura del Estado de Nuevo León","uri":"http://si.nl.gob.mx/CatalogoDeConceptosUniversal"},"quantity":1.0,"unit":{"scheme":"SINL-CU","id":"000000221","name":"LOTE","value":{"amount":7264500.6278,"currency":"MXN"},"uri":"http://si.nl.gob.mx/CatalogoUnidades"}},{"id":"000001331","description":"EXTRAS 004","classification":{"scheme":"UNCEFACT","id":"000001331","description":"Catálogo de Conceptos Universal de la Secretaría de Infraestructura del Estado de Nuevo León","uri":"http://si.nl.gob.mx/CatalogoDeConceptosUniversal"},"quantity":1.0,"unit":{"scheme":"SINL-CU","id":"000000221","name":"LOTE","value":{"amount":2721808.1314,"currency":"MXN"},"uri":"http://si.nl.gob.mx/CatalogoUnidades"}},{"id":"000006040","description":"EXTRAS 005","classification":{"scheme":"UNCEFACT","id":"000006040","description":"Catálogo de Conceptos Universal de la Secretaría de Infraestructura del Estado de Nuevo León","uri":"http://si.nl.gob.mx/CatalogoDeConceptosUniversal"},"quantity":1.0,"unit":{"scheme":"SINL-CU","id":"000000221","name":"LOTE","value":{"amount":496925.6116,"currency":"MXN"},"uri":"http://si.nl.gob.mx/CatalogoUnidades"}}],"dateSigned":"2020-03-17T00:00:00-06:00","documents":[{"id":"989","documentType":"Reportes de supervisión","title":"Reportes de supervisión","description":"Reportes de supervisión","datePublished":"0001-01-01T00:00:00-06:00","dateModified":"0001-01-01T00:00:00-06:00","format":"ND","language":"es","x_section":"implementarion"}],"implementation":{"transactions":[{"id":"EST-2013-10-703","date":"2013-10-14T13:17:54-05:00","value":{"amount":20699651.69,"currency":"MXN"},"payer":{"name":"SFYTGE","id":"RFC-GEN620601DTA"},"payee":{"name":"ARQUITECTURA CONSTRUCTIVA SAENZ, S.A. DE C.V.","id":"SIN DATO-AE275DCC-A228-4E2B-B17D-F41455D0E762"}},{"id":"EST-2014-04-706","date":"2014-04-02T11:59:26-06:00","value":{"amount":3612571.83,"currency":"MXN"},"payer":{"name":"SFYTGE","id":"RFC-GEN620601DTA"},"payee":{"name":"ARQUITECTURA CONSTRUCTIVA SAENZ, S.A. DE C.V.","id":"SIN DATO-8DEDF311-4145-4D20-8400-FFA8BF35B5D7"}},{"id":"EST-2014-04-710","date":"2014-04-02T14:24:55-06:00","value":{"amount":6416571.03,"currency":"MXN"},"payer":{"name":"SFYTGE","id":"RFC-GEN620601DTA"},"payee":{"name":"ARQUITECTURA CONSTRUCTIVA SAENZ, S.A. DE C.V.","id":"SIN DATO-AA89391E-9DCC-4BE7-96A6-6783E248C1AE"}},{"id":"EST-2014-04-808","date":"2014-04-30T10:27:52-05:00","value":{"amount":271145.58,"currency":"MXN"},"payer":{"name":"SFYTGE","id":"RFC-GEN620601DTA"},"payee":{"name":"ARQUITECTURA CONSTRUCTIVA SAENZ, S.A. DE C.V.","id":"SIN DATO-5E1045A8-ECB5-45A9-8528-84191EC3E00E"}},{"id":"EST-2014-04-809","date":"2014-04-30T10:30:29-05:00","value":{"amount":57208.62,"currency":"MXN"},"payer":{"name":"SFYTGE","id":"RFC-GEN620601DTA"},"payee":{"name":"ARQUITECTURA CONSTRUCTIVA SAENZ, S.A. DE C.V.","id":"SIN DATO-CBE2EADA-F71B-4023-AF2D-59F1157BDCD0"}},{"id":"EST-2014-04-811","date":"2014-04-30T13:23:06-05:00","value":{"amount":4010346.15,"currency":"MXN"},"payer":{"name":"SFYTGE","id":"RFC-GEN620601DTA"},"payee":{"name":"ARQUITECTURA CONSTRUCTIVA SAENZ, S.A. DE C.V.","id":"SIN DATO-861B0F1D-385F-442E-807B-EFF78DC0B48B"}},{"id":"EST-2014-07-195","date":"2014-07-08T13:56:10-05:00","value":{"amount":5595368.99,"currency":"MXN"},"payer":{"name":"SFYTGE","id":"RFC-GEN620601DTA"},"payee":{"name":"ARQUITECTURA CONSTRUCTIVA SAENZ, S.A. DE C.V.","id":"SIN DATO-BF3D364E-3C78-47BB-A028-42B6853C09E4"}},{"id":"EST-2014-08-425","date":"2014-08-14T11:31:34-05:00","value":{"amount":270594.28,"currency":"MXN"},"payer":{"name":"SFYTGE","id":"RFC-GEN620601DTA"},"payee":{"name":"ARQUITECTURA CONSTRUCTIVA SAENZ, S.A. DE C.V.","id":"SIN DATO-ED884E78-F549-416E-8C57-7377FED54C92"}},{"id":"EST-2014-11-002","date":"2014-11-14T12:50:38-06:00","value":{"amount":23310.01,"currency":"MXN"},"payer":{"name":"SFYTGE","id":"RFC-GEN620601DTA"},"payee":{"name":"ARQUITECTURA CONSTRUCTIVA SAENZ, S.A. DE C.V.","id":"SIN DATO-C874A024-AC31-436C-AD3C-22FF525DD38A"}},{"id":"EST-2014-11-014","date":"2014-11-18T11:52:09-06:00","value":{"amount":3157297.43,"currency":"MXN"},"payer":{"name":"SFYTGE","id":"RFC-GEN620601DTA"},"payee":{"name":"ARQUITECTURA CONSTRUCTIVA SAENZ, S.A. DE C.V.","id":"SIN DATO-0E88B787-FAEC-451D-A684-2AD93664DCBF"}},{"id":"EST-2015-05-727","date":"2015-05-19T10:56:42-05:00","value":{"amount":218487.87,"currency":"MXN"},"payer":{"name":"SFYTGE","id":"RFC-GEN620601DTA"},"payee":{"name":"ARQUITECTURA CONSTRUCTIVA SAENZ, S.A. DE C.V.","id":"SIN DATO-5994BCF8-9D8A-4260-B6A8-4F26EE4213EE"}},{"id":"EST-2015-05-730","date":"2015-05-19T11:12:38-05:00","value":{"amount":156140.38,"currency":"MXN"},"payer":{"name":"SFYTGE","id":"RFC-GEN620601DTA"},"payee":{"name":"ARQUITECTURA CONSTRUCTIVA SAENZ, S.A. DE C.V.","id":"SIN DATO-E5F30AEF-1A98-405D-9B0F-D38D372196AA"}},{"id":"EST-2014-04-812","date":"2014-04-30T13:32:02-05:00","value":{"amount":4573524.72,"currency":"MXN"},"payer":{"name":"SFYTGE","id":"RFC-GEN620601DTA"},"payee":{"name":"ARQUITECTURA CONSTRUCTIVA SAENZ, S.A. DE C.V.","id":"SIN DATO-2114C905-06A1-4700-8CE1-9D48E1042A6A"}},{"id":"EST-2014-04-814","date":"2014-04-30T13:42:15-05:00","value":{"amount":2906216.39,"currency":"MXN"},"payer":{"name":"SFYTGE","id":"RFC-GEN620601DTA"},"payee":{"name":"ARQUITECTURA CONSTRUCTIVA SAENZ, S.A. DE C.V.","id":"SIN DATO-D969491F-19E8-476A-AD5C-01AAB18803DF"}},{"id":"EST-2014-08-417","date":"2014-08-13T13:28:01-05:00","value":{"amount":195152.18,"currency":"MXN"},"payer":{"name":"SFYTGE","id":"RFC-GEN620601DTA"},"payee":{"name":"ARQUITECTURA CONSTRUCTIVA SAENZ, S.A. DE C.V.","id":"SIN DATO-53F62A1C-C144-4781-961D-99F7473BC7F3"}},{"id":"EST-2014-08-424","date":"2014-08-14T11:26:28-05:00","value":{"amount":29427.56,"currency":"MXN"},"payer":{"name":"SFYTGE","id":"RFC-GEN620601DTA"},"payee":{"name":"ARQUITECTURA CONSTRUCTIVA SAENZ, S.A. DE C.V.","id":"SIN DATO-36780397-6FA4-41D2-93D3-E1B8C508DBC7"}},{"id":"EST-2014-08-426","date":"2014-08-14T11:35:45-05:00","value":{"amount":26822.52,"currency":"MXN"},"payer":{"name":"SFYTGE","id":"RFC-GEN620601DTA"},"payee":{"name":"ARQUITECTURA CONSTRUCTIVA SAENZ, S.A. DE C.V.","id":"SIN DATO-5F2FAC45-BA2A-4E29-9BF1-19E6BB2C7544"}},{"id":"EST-2014-08-430","date":"2014-08-14T11:59:55-05:00","value":{"amount":173869.63,"currency":"MXN"},"payer":{"name":"SFYTGE","id":"RFC-GEN620601DTA"},"payee":{"name":"ARQUITECTURA CONSTRUCTIVA SAENZ, S.A. DE C.V.","id":"SIN DATO-E27378FC-1A21-4CA6-9261-5DEEB514B6F4"}},{"id":"EST-2014-11-003","date":"2014-11-14T13:40:09-06:00","value":{"amount":158522.89,"currency":"MXN"},"payer":{"name":"SFYTGE","id":"RFC-GEN620601DTA"},"payee":{"name":"ARQUITECTURA CONSTRUCTIVA SAENZ, S.A. DE C.V.","id":"SIN DATO-0A807F80-F5EF-4231-A6DB-38A13844F08B"}},{"id":"EST-2015-05-728","date":"2015-05-19T11:03:53-05:00","value":{"amount":38906.54,"currency":"MXN"},"payer":{"name":"SFYTGE","id":"RFC-GEN620601DTA"},"payee":{"name":"ARQUITECTURA CONSTRUCTIVA SAENZ, S.A. DE C.V.","id":"SIN DATO-C59BA55F-7B01-4BC1-B36E-C92DE7BD789D"}},{"id":"EST-2015-05-737","date":"2015-05-19T11:54:55-05:00","value":{"amount":420293.33,"currency":"MXN"},"payer":{"name":"SFYTGE","id":"RFC-GEN620601DTA"},"payee":{"name":"ARQUITECTURA CONSTRUCTIVA SAENZ, S.A. DE C.V.","id":"SIN DATO-D97B8757-B597-4674-A5D2-705AC7321922"}},{"id":"EST-2014-05-941","date":"2014-05-20T11:13:22-05:00","value":{"amount":402598.45,"currency":"MXN"},"payer":{"name":"SFYTGE","id":"RFC-GEN620601DTA"},"payee":{"name":"ARQUITECTURA CONSTRUCTIVA SAENZ, S.A. DE C.V.","id":"SIN DATO-571B9720-4D6A-44DE-9A15-D31787B5B5B7"}},{"id":"EST-2014-05-942","date":"2014-05-20T11:18:11-05:00","value":{"amount":2983535.34,"currency":"MXN"},"payer":{"name":"SFYTGE","id":"RFC-GEN620601DTA"},"payee":{"name":"ARQUITECTURA CONSTRUCTIVA SAENZ, S.A. DE C.V.","id":"SIN DATO-34470EF1-E816-4503-AEF6-19414703ECF3"}},{"id":"EST-2014-08-427","date":"2014-08-14T11:39:32-05:00","value":{"amount":128916.46,"currency":"MXN"},"payer":{"name":"SFYTGE","id":"RFC-GEN620601DTA"},"payee":{"name":"ARQUITECTURA CONSTRUCTIVA SAENZ, S.A. DE C.V.","id":"SIN DATO-FBC269B2-42A5-40C5-8A5D-2C1732CBFFB3"}},{"id":"EST-2014-08-428","date":"2014-08-14T11:44:28-05:00","value":{"amount":240795.79,"currency":"MXN"},"payer":{"name":"SFYTGE","id":"RFC-GEN620601DTA"},"payee":{"name":"ARQUITECTURA CONSTRUCTIVA SAENZ, S.A. DE C.V.","id":"SIN DATO-117B8676-8A42-4028-AB41-F9B45DDB01D8"}},{"id":"EST-2014-09-682","date":"2014-09-26T10:37:10-05:00","value":{"amount":80737.69,"currency":"MXN"},"payer":{"name":"SFYTGE","id":"RFC-GEN620601DTA"},"payee":{"name":"ARQUITECTURA CONSTRUCTIVA SAENZ, S.A. DE C.V.","id":"SIN DATO-2300641F-2E9B-4E8C-9D67-FD969CC117DF"}},{"id":"EST-2014-11-001","date":"2014-11-14T12:29:49-06:00","value":{"amount":6098.68,"currency":"MXN"},"payer":{"name":"SFYTGE","id":"RFC-GEN620601DTA"},"payee":{"name":"ARQUITECTURA CONSTRUCTIVA SAENZ, S.A. DE C.V.","id":"SIN DATO-6CDB9677-EA83-4E64-BC71-E2E3F37DB76F"}},{"id":"EST-2014-11-005","date":"2014-11-14T14:19:40-06:00","value":{"amount":40242.82,"currency":"MXN"},"payer":{"name":"SFYTGE","id":"RFC-GEN620601DTA"},"payee":{"name":"ARQUITECTURA CONSTRUCTIVA SAENZ, S.A. DE C.V.","id":"SIN DATO-0AC6397A-EBDA-4C0D-A23F-782C0B21EBD2"}},{"id":"EST-2015-05-729","date":"2015-05-19T11:09:10-05:00","value":{"amount":4440.18,"currency":"MXN"},"payer":{"name":"SFYTGE","id":"RFC-GEN620601DTA"},"payee":{"name":"ARQUITECTURA CONSTRUCTIVA SAENZ, S.A. DE C.V.","id":"SIN DATO-3F9E03F4-EF6A-4C80-9887-C623C70AC9FD"}},{"id":"EST-2014-06-080","date":"2014-06-10T09:56:30-05:00","value":{"amount":2061200.98,"currency":"MXN"},"payer":{"name":"SFYTGE","id":"RFC-GEN620601DTA"},"payee":{"name":"ARQUITECTURA CONSTRUCTIVA SAENZ, S.A. DE C.V.","id":"SIN DATO-C44CB64E-F8B5-4339-AEF7-BDC6C215FD17"}},{"id":"EST-2014-08-415","date":"2014-08-13T13:16:53-05:00","value":{"amount":139053.77,"currency":"MXN"},"payer":{"name":"SFYTGE","id":"RFC-GEN620601DTA"},"payee":{"name":"ARQUITECTURA CONSTRUCTIVA SAENZ, S.A. DE C.V.","id":"SIN DATO-2CAE41B7-4510-4BEA-B427-97B5BD9B1F4D"}},{"id":"EST-2014-08-429","date":"2014-08-14T11:50:52-05:00","value":{"amount":28746.82,"currency":"MXN"},"payer":{"name":"SFYTGE","id":"RFC-GEN620601DTA"},"payee":{"name":"ARQUITECTURA CONSTRUCTIVA SAENZ, S.A. DE C.V.","id":"SIN DATO-37BB6315-3C19-4462-A7A7-A5F7F5714241"}},{"id":"EST-2014-08-431","date":"2014-08-14T12:03:20-05:00","value":{"amount":214888.41,"currency":"MXN"},"payer":{"name":"SFYTGE","id":"RFC-GEN620601DTA"},"payee":{"name":"ARQUITECTURA CONSTRUCTIVA SAENZ, S.A. DE C.V.","id":"SIN DATO-415D3092-C86C-43EE-B563-3D529BD24E9A"}},{"id":"EST-2014-11-004","date":"2014-11-14T14:03:47-06:00","value":{"amount":111860.83,"currency":"MXN"},"payer":{"name":"SFYTGE","id":"RFC-GEN620601DTA"},"payee":{"name":"ARQUITECTURA CONSTRUCTIVA SAENZ, S.A. DE C.V.","id":"SIN DATO-2A646161-9714-40B1-A746-37676D9C72A4"}},{"id":"EST-2014-11-012","date":"2014-11-18T10:29:19-06:00","value":{"amount":27515.63,"currency":"MXN"},"payer":{"name":"SFYTGE","id":"RFC-GEN620601DTA"},"payee":{"name":"ARQUITECTURA CONSTRUCTIVA SAENZ, S.A. DE C.V.","id":"SIN DATO-4A7A908B-254E-4CB8-A392-7581E2D8AC07"}},{"id":"EST-2014-11-013","date":"2014-11-18T11:32:19-06:00","value":{"amount":1343513.43,"currency":"MXN"},"payer":{"name":"SFYTGE","id":"RFC-GEN620601DTA"},"payee":{"name":"ARQUITECTURA CONSTRUCTIVA SAENZ, S.A. DE C.V.","id":"SIN DATO-1883352D-3CF2-4A89-B8DC-4D9FD910D105"}},{"id":"EST-2015-05-736","date":"2015-05-19T11:50:39-05:00","value":{"amount":11111.01,"currency":"MXN"},"payer":{"name":"SFYTGE","id":"RFC-GEN620601DTA"},"payee":{"name":"ARQUITECTURA CONSTRUCTIVA SAENZ, S.A. DE C.V.","id":"SIN DATO-E0C2EBA1-B9E9-4B21-B8C2-D247C811A2DF"}},{"id":"EST-2014-07-163","date":"2014-07-07T12:10:27-05:00","value":{"amount":2493832.96,"currency":"MXN"},"payer":{"name":"SFYTGE","id":"RFC-GEN620601DTA"},"payee":{"name":"ARQUITECTURA CONSTRUCTIVA SAENZ, S.A. DE C.V.","id":"SIN DATO-34D1B7E2-6C4C-41D2-BB37-5C84A089583B"}},{"id":"EST-2014-08-416","date":"2014-08-13T13:21:47-05:00","value":{"amount":1799825.05,"currency":"MXN"},"payer":{"name":"SFYTGE","id":"RFC-GEN620601DTA"},"payee":{"name":"ARQUITECTURA CONSTRUCTIVA SAENZ, S.A. DE C.V.","id":"SIN DATO-F5FB9ED4-B48F-4EF6-96F1-EF1957BBEC18"}},{"id":"EST-2014-09-679","date":"2014-09-26T10:28:39-05:00","value":{"amount":541544.4,"currency":"MXN"},"payer":{"name":"SFYTGE","id":"RFC-GEN620601DTA"},"payee":{"name":"ARQUITECTURA CONSTRUCTIVA SAENZ, S.A. DE C.V.","id":"SIN DATO-E25C101A-83D3-4FE8-ADE0-2C63FBC5D007"}},{"id":"EST-2014-09-680","date":"2014-09-26T10:33:41-05:00","value":{"amount":195131.36,"currency":"MXN"},"payer":{"name":"SFYTGE","id":"RFC-GEN620601DTA"},"payee":{"name":"ARQUITECTURA CONSTRUCTIVA SAENZ, S.A. DE C.V.","id":"SIN DATO-09C4BF37-D6E5-4046-8E53-78C3EB37F46F"}},{"id":"EST-2015-05-735","date":"2015-05-19T11:43:50-05:00","value":{"amount":16594.45,"currency":"MXN"},"payer":{"name":"SFYTGE","id":"RFC-GEN620601DTA"},"payee":{"name":"ARQUITECTURA CONSTRUCTIVA SAENZ, S.A. DE C.V.","id":"SIN DATO-B6D11A30-E13D-4BE9-A4FF-FE6587874A85"}},{"id":"EST-2014-08-432","date":"2014-08-14T13:13:32-05:00","value":{"amount":3844725.01,"currency":"MXN"},"payer":{"name":"SFYTGE","id":"RFC-GEN620601DTA"},"payee":{"name":"ARQUITECTURA CONSTRUCTIVA SAENZ, S.A. DE C.V.","id":"SIN DATO-03E7460A-BF82-4447-A4F1-0F6C05C0A9C9"}},{"id":"EST-2014-11-007","date":"2014-11-14T15:57:53-06:00","value":{"amount":272275.42,"currency":"MXN"},"payer":{"name":"SFYTGE","id":"RFC-GEN620601DTA"},"payee":{"name":"ARQUITECTURA CONSTRUCTIVA SAENZ, S.A. DE C.V.","id":"SIN DATO-56257549-9B96-4F27-B78E-E346799038B8"}},{"id":"EST-2014-11-010","date":"2014-11-18T08:24:55-06:00","value":{"amount":303349.69,"currency":"MXN"},"payer":{"name":"SFYTGE","id":"RFC-GEN620601DTA"},"payee":{"name":"ARQUITECTURA CONSTRUCTIVA SAENZ, S.A. DE C.V.","id":"SIN DATO-C1EAE291-B479-43BC-8423-0535FAE758C5"}},{"id":"EST-2014-11-011","date":"2014-11-18T09:51:26-06:00","value":{"amount":584192.04,"currency":"MXN"},"payer":{"name":"SFYTGE","id":"RFC-GEN620601DTA"},"payee":{"name":"ARQUITECTURA CONSTRUCTIVA SAENZ, S.A. DE C.V.","id":"SIN DATO-B3843B93-D5CF-41A8-8111-8652D5A09A66"}},{"id":"EST-2014-09-654","date":"2014-09-23T11:29:16-05:00","value":{"amount":1904723.06,"currency":"MXN"},"payer":{"name":"SFYTGE","id":"RFC-GEN620601DTA"},"payee":{"name":"ARQUITECTURA CONSTRUCTIVA SAENZ, S.A. DE C.V.","id":"SIN DATO-F4417D84-D3A2-41D4-B754-29226D132053"}},{"id":"EST-2015-05-732","date":"2015-05-19T11:26:47-05:00","value":{"amount":11395.31,"currency":"MXN"},"payer":{"name":"SFYTGE","id":"RFC-GEN620601DTA"},"payee":{"name":"ARQUITECTURA CONSTRUCTIVA SAENZ, S.A. DE C.V.","id":"SIN DATO-4B58B74A-8704-498A-9DED-47379B3242A9"}},{"id":"EST-2015-05-733","date":"2015-05-19T11:33:17-05:00","value":{"amount":17134.31,"currency":"MXN"},"payer":{"name":"SFYTGE","id":"RFC-GEN620601DTA"},"payee":{"name":"ARQUITECTURA CONSTRUCTIVA SAENZ, S.A. DE C.V.","id":"SIN DATO-0813C6FC-C7A8-44B1-A58F-B672A670962C"}},{"id":"EST-2015-05-734","date":"2015-05-19T11:41:05-05:00","value":{"amount":5308.4,"currency":"MXN"},"payer":{"name":"SFYTGE","id":"RFC-GEN620601DTA"},"payee":{"name":"ARQUITECTURA CONSTRUCTIVA SAENZ, S.A. DE C.V.","id":"SIN DATO-DFE8E651-4499-4942-9BD1-710D0711DA2C"}},{"id":"EST-2014-11-006","date":"2014-11-14T14:39:40-06:00","value":{"amount":1211121.94,"currency":"MXN"},"payer":{"name":"SFYTGE","id":"RFC-GEN620601DTA"},"payee":{"name":"ARQUITECTURA CONSTRUCTIVA SAENZ, S.A. DE C.V.","id":"SIN DATO-E814CCF9-EC7D-41E1-B26E-EEDFE3A4BEF1"}},{"id":"EST-2015-05-731","date":"2015-05-19T11:22:21-05:00","value":{"amount":201381.88,"currency":"MXN"},"payer":{"name":"SFYTGE","id":"RFC-GEN620601DTA"},"payee":{"name":"ARQUITECTURA CONSTRUCTIVA SAENZ, S.A. DE C.V.","id":"SIN DATO-0E10FE24-C51D-4D33-9212-5EC67C0AD294"}},{"id":"EST-2015-06-842","date":"2015-06-15T10:13:48-05:00","value":{"amount":23295.72,"currency":"MXN"},"payer":{"name":"SFYTGE","id":"RFC-GEN620601DTA"},"payee":{"name":"ARQUITECTURA CONSTRUCTIVA SAENZ, S.A. DE C.V.","id":"SIN DATO-7953DAD2-0ED6-484D-A41E-59D7AD04546A"}}],"documents":[]},"milestones":[]}],"language":"es"}}]}