{"uri":"http://si.nl.gob.mx/Acceso/DatosAbiertos/000007/ SINL-CPE-007-2019/v001/RecordPackage-ocds-7wj9x5- SINL-CPE-007-2019-v001-contract.json","publisher":{"scheme":"GB-COH","uid":"","name":"Secretaría de Infraestructura del Estado de Nuevo León","uri":"http://si.nl.gob.mx"},"publishedDate":"2020-03-24T21:21:53.5511472-06:00","license":"https://datos.gob.mx/libreusomx","publicationPolicy":"http://si.nl.gob.mx","version":"1.1","packages":["https://raw.githubusercontent.com/INAImexico/ocds_requestForQuotes_extension/master/extension.json"],"records":[{"ocid":"ocds-7wj9x5- SINL-CPE-007-2019001","releases":[{"url":"http://si.nl.gob.mx/Acceso/DatosAbiertos/000007/ SINL-CPE-007-2019/v001/Release-ocds-7wj9x5- SINL-CPE-007-2019-v001-contract.json","date":"2020-03-24T21:21:53.52-06:00","tag":["tender"]}],"compiledRelease":{"ocid":"ocds-7wj9x5- SINL-CPE-007-2019-v001","id":"ocds-7wj9x5- SINL-CPE-007-2019-v001-contract","date":"2020-03-24T21:21:53.519232-06:00","tag":["planning","tender","award","contract"],"initiationType":"tender","parties":[{"name":"Secretaría de Salud","id":"SIASI-000009","identifier":{"scheme":"SIASI","legalName":"SISTEMA INTEGRAL DE ADMINISTRACIÓN DE LA SECRETARÍA DE INFRAESTRUCTURA"},"address":{"streetAddress":"Washington","locality":"Monterrey","region":"Nuevo León","postalCode":"64010","countryName":"México"},"contactPoint":{"name":"Jesús Salvador Pérez Rodríguez","email":"salvador.perez @nuevoleon.gob.mx","telephone":"8120206730","url":"http://www.nl.gob.mx/dependencias"},"roles":["buyer"]},{"name":"SECRETARIA DE INFRAESTRUCTURA","id":"SIASI-000011","identifier":{"scheme":"SIASI","legalName":"SISTEMA INTEGRAL DE ADMINISTRACIÓN DE LA SECRETARÍA DE INFRAESTRUCTURA"},"address":{"streetAddress":"WASHIGTON 648 OTE","locality":"MONTERREY","region":"NUEVO LEÓN","postalCode":"64000","countryName":"MÉXICO"},"contactPoint":{"name":"HUMBERTO TORRES PADILLA","email":"salvador.perez @nuevoleon.gob.mx","telephone":"8120206730","url":"http://si.nl.gob.mx/"},"roles":["procuringEntity"]},{"name":"SECRETARIA DE FINANZAS Y TESORERIA GENERAL DEL ESTADO DE NUEVO LEON","id":"SIASI-000004","identifier":{"scheme":"SIASI","legalName":"SISTEMA INTEGRAL DE ADMINISTRACIÓN DE LA SECRETARÍA DE INFRAESTRUCTURA"},"address":{"streetAddress":"ESCOBEDO SUR PISO 3 333","locality":"MONTERREY","region":"NUEVO LEÓN","postalCode":"64000","countryName":"MÉXICO"},"contactPoint":{"name":"Jesús Salvador Pérez Rodríguez","email":"salvador.perez @nuevoleon.gob.mx","telephone":"8120206730","url":"http://www.nl.gob.mx/tesoreria"},"roles":["payer"]},{"name":"BUFETTE DE OBRAS SERVICIOS Y SUMINISTROS, S.A. DE C.V.","id":"RFC-BOS920528KI9","identifier":{"scheme":"RFC","id":"BOS920528KI9","legalName":"REGISTRO FEDERAL DE CONTRIBUYENTES"},"address":{"locality":"MONTERREY","postalCode":"64540"},"contactPoint":{"name":"JORGE ALEJANDRO ALVARADO GUERRERO","telephone":"8184763051"},"roles":["tenderer"]},{"name":"CONSTRUCCIONES DYNAMO, S.A. DE C.V.","id":"RFC-CDY980323MA8","identifier":{"scheme":"RFC","id":"CDY980323MA8","legalName":"REGISTRO FEDERAL DE CONTRIBUYENTES"},"address":{"locality":"MONTERREY","postalCode":"64800"},"contactPoint":{"name":"CESAR EDUARDO GARCIA GUERRERO","telephone":"52 81 83550589 "},"roles":["tenderer"]},{"name":"CONSTRUCTORA Y URBANIZADORA REGIOMONTANA, S.A. DE C.V.","id":"RFC-CUR950920ER0","identifier":{"scheme":"RFC","id":"CUR950920ER0","legalName":"REGISTRO FEDERAL DE CONTRIBUYENTES"},"address":{"streetAddress":"PROLONGACION ALFONSO REYES 2612 24","locality":"MONTERREY","postalCode":"64750"},"contactPoint":{"name":"JULIAN AGUSTIN ALONSO MARIN","telephone":"8110990847"},"roles":["tenderer","supplier"]},{"name":"VIAS Y DESARROLLOS, S.A. DE C.V.","id":"RFC-VDE970512PX0","identifier":{"scheme":"RFC","id":"VDE970512PX0","legalName":"REGISTRO FEDERAL DE CONTRIBUYENTES"},"address":{"streetAddress":"SIMON DE HERRERA Y LEYVA  216","locality":"MONTERREY","postalCode":"64380"},"contactPoint":{"name":"ESTEBAN PEREZ CANEDO","telephone":"8113148529"},"roles":["tenderer"]}],"buyer":{"id":"SIASI-000009","name":"Secretaría de Salud"},"planning":{"rationale":"50,000","numberOfBeneficiaries":0,"budget":{"id":"20461","description":"FISE 2019","amount":{"amount":50695000.0,"currency":"MXN"},"project":"Adecuación de Centro de Salud de Servicios Ampliados para convertirlo en una Unidad de Especialidades Médicas en Cirugías Ambulatorias, en el municipio de Juárez, N.L.","projectID":"PEI-0151/2018 BIS"}},"tender":{"id":" SINL-CPE-007-2019","title":"Adecuación de Centro de Salud con Servicios Ampliados para convertirlo en Hospital General de Juárez","description":"Adecuación de Centro de Salud de Servicios Ampliados para convertirlo en Hospital General de Juárez \r\n","status":"complete","procuringEntity":{"name":"SECRETARIA DE INFRAESTRUCTURA","id":"SIASI-000011"},"value":{"amount":86329270.33,"currency":"MXN"},"minValue":{"amount":0.0,"currency":"MXN"},"procurementMethod":"open","procurementMethodDetails":"Licitación Estatal","procurementMethodRationale":"Justificación para el método de compra elegido","mainProcurementCategory":"goods","additionalProcurementCategories":["ND"],"awardCriteria":"ratedCriteria","awardCriteriaDetails":"Para la adjudicación del contrato LA DEPENDENCIA efectuará un análisis comparativo de las propuestas admitidas que no fueron desechadas en el aspecto legal, técnico o económico y elaborará un dictamen en el que se tomaran en cuenta los criterios generales de adjudicación expresados en la Convocatoria.","submissionMethod":["inPerson"],"submissionMethodDetails":"El representante del licitante deberá presentar en persona su oferta escrita en sobre cerrado","tenderPeriod":{"startDate":"2019-05-22T00:00:00-05:00","endDate":"2019-05-22T00:00:00-05:00","maxExtentDate":"2019-05-22T00:00:00-05:00","durationInDays":0},"enquiryPeriod":{"startDate":"2019-05-22T00:00:00-05:00","endDate":"2019-06-10T00:00:00-05:00","maxExtentDate":"2019-06-10T00:00:00-05:00","durationInDays":19},"hasEnquiries":true,"eligibilityCriteria":"El criterio establecido por los artículos 54 y 55 de la Ley de obras públicas para el estado y municipios de Nuevo León","awardPeriod":{"startDate":"2019-07-16T00:00:00-05:00","endDate":"2019-07-16T00:00:00-05:00","maxExtentDate":"2019-08-15T00:00:00-05:00","durationInDays":0},"contractPeriod":{"startDate":"2019-07-16T00:00:00-05:00","endDate":"2019-07-18T00:00:00-05:00","maxExtentDate":"2019-07-25T00:00:00-05:00","durationInDays":2},"numberOfTenderers":4,"tenderers":[{"name":"BUFETTE DE OBRAS SERVICIOS Y SUMINISTROS, S.A. DE C.V.","id":"RFC-BOS920528KI9"},{"name":"CONSTRUCCIONES DYNAMO, S.A. DE C.V.","id":"RFC-CDY980323MA8"},{"name":"CONSTRUCTORA Y URBANIZADORA REGIOMONTANA, S.A. DE C.V.","id":"RFC-CUR950920ER0"},{"name":"VIAS Y DESARROLLOS, S.A. DE C.V.","id":"RFC-VDE970512PX0"}],"milestones":[{"id":" SINL-CPE-007-2019-15716","title":"PRE BASES","type":"preProcurement","description":"PRE BASES","code":"PRE BASES","dueDate":"2019-05-22T08:00:00-05:00","dateMet":"2019-05-22T08:00:00-05:00","dateModified":"2019-05-22T08:00:00-05:00","status":"met"},{"id":" SINL-CPE-007-2019-15717","title":"CONVOCATORIA","type":"preProcurement","description":"CONVOCATORIA","code":"CONVOCATORIA","dueDate":"2019-05-22T08:00:00-05:00","dateMet":"2019-05-22T08:00:00-05:00","dateModified":"2019-05-22T08:00:00-05:00","status":"met"},{"id":" SINL-CPE-007-2019-15718","title":"VISITA A LA OBRA","type":"preProcurement","description":"VISITA A LA OBRA","code":"VISITA A LA OBRA","dueDate":"2019-05-22T08:00:00-05:00","dateMet":"2019-05-22T08:00:00-05:00","dateModified":"2019-05-22T08:00:00-05:00","status":"met"},{"id":" SINL-CPE-007-2019-15719","title":"JUNTA DE ACLARACIONES","type":"preProcurement","description":"JUNTA DE ACLARACIONES","code":"JUNTA DE ACLARACIONES","dueDate":"2019-06-10T11:00:00-05:00","dateMet":"2019-06-10T11:00:00-05:00","dateModified":"2019-06-10T11:00:00-05:00","status":"met"},{"id":" SINL-CPE-007-2019-15721","title":"APERTURA TÉCNICA","type":"assessment","description":"APERTURA TÉCNICA","code":"APERTURA TÉCNICA","dueDate":"2019-06-17T14:00:00-05:00","dateMet":"2019-06-17T14:00:00-05:00","dateModified":"2019-06-17T14:00:00-05:00","status":"met"},{"id":" SINL-CPE-007-2019-15722","title":"APERTURA ECONÓMICA","type":"assessment","description":"APERTURA ECONÓMICA","code":"APERTURA ECONÓMICA","dueDate":"2019-06-17T10:00:00-05:00","dateMet":"2019-06-17T10:00:00-05:00","dateModified":"2019-06-17T10:00:00-05:00","status":"met"},{"id":" SINL-CPE-007-2019-15723","title":"FALLO","type":"engagement","description":"FALLO","code":"FALLO","dueDate":"2019-07-15T16:00:00-05:00","dateMet":"2019-07-15T16:00:00-05:00","dateModified":"2019-07-15T16:00:00-05:00","status":"met"},{"id":" SINL-CPE-007-2019-15724","title":"FIRMA DEL CONTRATO","type":"approval","description":"FIRMA DEL CONTRATO","code":"FIRMA DEL CONTRATO","dueDate":"2019-07-16T11:00:00-05:00","dateMet":"2019-07-16T11:00:00-05:00","dateModified":"2019-07-16T11:00:00-05:00","status":"met"}]},"awards":[{"id":" SINL-CPE-007-2019","title":"Adecuación de Centro de Salud con Servicios Ampliados para convertirlo en Hospital General de Juárez","description":"Adecuación de Centro de Salud de Servicios Ampliados para convertirlo en Hospital General de Juárez \r\n","status":"active","date":"2019-07-16T00:00:00-05:00","value":{"amount":49863819.81,"currency":"MXN"},"suppliers":[{"id":"RFC-CUR950920ER0","name":"CONSTRUCTORA Y URBANIZADORA REGIOMONTANA, S.A. DE C.V."}],"contractPeriod":{"startDate":"2019-07-31T00:00:00-05:00","endDate":"2019-12-20T00:00:00-06:00","maxExtentDate":"0001-01-01T00:00:00","durationInDays":142}}],"contracts":[{"id":"1907002","awardID":" SINL-CPE-007-2019","title":"Adecuación de Centro de Salud con Servicios Ampliados para convertirlo en Hospital General de Juárez","description":"Adecuación de Centro de Salud de Servicios Ampliados para convertirlo en Hospital General de Juárez \r\n","status":"active","x_financial_advance":100.0,"x_physical_advance":100.0,"period":{"startDate":"2019-07-31T00:00:00-05:00","endDate":"2019-12-20T00:00:00-06:00","maxExtentDate":"0001-01-01T00:00:00-06:00","durationInDays":142},"value":{"amount":49837041.14,"currency":"MXN"},"x_estimatedPhysicalProgress":100.0,"x_observedPhysicalProgress":100.0,"items":[{"id":"000001069","description":"013 VARIOS","classification":{"scheme":"UNCEFACT","id":"000001069","description":"Catálogo de Conceptos Universal de la Secretaría de Infraestructura del Estado de Nuevo León","uri":"http://si.nl.gob.mx/CatalogoDeConceptosUniversal"},"quantity":1.0,"unit":{"scheme":"SINL-CU","id":"000000221","name":"LOTE","value":{"amount":52050.0,"currency":"MXN"},"uri":"http://si.nl.gob.mx/CatalogoUnidades"}}],"dateSigned":"2019-07-17T00:00:00-05:00","documents":[{"id":"1028","documentType":"Finiquito del contrato","title":"Finiquito del contrato","description":"Finiquito del contrato","datePublished":"0001-01-01T00:00:00-06:00","dateModified":"0001-01-01T00:00:00-06:00","format":"ND","language":"es","x_section":"contract"},{"id":"1031","documentType":"Finiquito del contrato","title":"Finiquito del contrato","description":"Finiquito del contrato","datePublished":"0001-01-01T00:00:00-06:00","dateModified":"0001-01-01T00:00:00-06:00","format":"ND","language":"es","x_section":"contract"},{"id":"1029","documentType":"Reportes de calidad","title":"Reportes de calidad","description":"Reportes de calidad","datePublished":"0001-01-01T00:00:00-06:00","dateModified":"0001-01-01T00:00:00-06:00","format":"ND","language":"es","x_section":"implementarion"},{"id":"1030","documentType":"Certificado de terminación (informe de conclusión)","title":"Certificado de terminación (informe de conclusión)","description":"Certificado de terminación (informe de conclusión)","datePublished":"0001-01-01T00:00:00-06:00","dateModified":"0001-01-01T00:00:00-06:00","format":"ND","language":"es","x_section":"implementarion"},{"id":"1032","documentType":"Convenios modificatorios","title":"Convenios modificatorios","description":"Convenios modificatorios","datePublished":"0001-01-01T00:00:00-06:00","dateModified":"0001-01-01T00:00:00-06:00","format":"ND","language":"es","x_section":"implementarion"}],"implementation":{"transactions":[{"id":"EST-2019-08-344","date":"2019-08-08T11:54:21-05:00","value":{"amount":14959145.95,"currency":"MXN"},"payer":{"name":"SFYTGE","id":"RFC-GEN620601DTA"},"payee":{"name":"CONSTRUCTORA Y URBANIZADORA REGIOMONTANA, S.A. DE C.V.","id":"CUR950920ER0"}},{"id":"EST-2019-09-462","date":"2019-09-17T11:35:43-05:00","value":{"amount":5755305.12,"currency":"MXN"},"payer":{"name":"SFYTGE","id":"RFC-GEN620601DTA"},"payee":{"name":"CONSTRUCTORA Y URBANIZADORA REGIOMONTANA, S.A. DE C.V.","id":"CUR950920ER0"}},{"id":"EST-2019-12-878","date":"2019-12-20T18:01:19-06:00","value":{"amount":2589364.96,"currency":"MXN"},"payer":{"name":"SFYTGE","id":"RFC-GEN620601DTA"},"payee":{"name":"CONSTRUCTORA Y URBANIZADORA REGIOMONTANA, S.A. DE C.V.","id":"CUR950920ER0"}},{"id":"EST-2019-09-494","date":"2019-09-27T14:06:25-05:00","value":{"amount":542479.7,"currency":"MXN"},"payer":{"name":"SFYTGE","id":"RFC-GEN620601DTA"},"payee":{"name":"CONSTRUCTORA Y URBANIZADORA REGIOMONTANA, S.A. DE C.V.","id":"CUR950920ER0"}},{"id":"EST-2019-10-554","date":"2019-10-23T10:27:32-05:00","value":{"amount":1541371.35,"currency":"MXN"},"payer":{"name":"SFYTGE","id":"RFC-GEN620601DTA"},"payee":{"name":"CONSTRUCTORA Y URBANIZADORA REGIOMONTANA, S.A. DE C.V.","id":"CUR950920ER0"}},{"id":"EST-2019-10-588","date":"2019-10-29T12:16:26-06:00","value":{"amount":3024564.09,"currency":"MXN"},"payer":{"name":"SFYTGE","id":"RFC-GEN620601DTA"},"payee":{"name":"CONSTRUCTORA Y URBANIZADORA REGIOMONTANA, S.A. DE C.V.","id":"CUR950920ER0"}},{"id":"EST-2019-11-621","date":"2019-11-11T16:29:59-06:00","value":{"amount":1492828.51,"currency":"MXN"},"payer":{"name":"SFYTGE","id":"RFC-GEN620601DTA"},"payee":{"name":"CONSTRUCTORA Y URBANIZADORA REGIOMONTANA, S.A. DE C.V.","id":"CUR950920ER0"}},{"id":"EST-2019-11-683","date":"2019-11-22T14:58:20-06:00","value":{"amount":1056253.42,"currency":"MXN"},"payer":{"name":"SFYTGE","id":"RFC-GEN620601DTA"},"payee":{"name":"CONSTRUCTORA Y URBANIZADORA REGIOMONTANA, S.A. DE C.V.","id":"CUR950920ER0"}},{"id":"EST-2019-12-793","date":"2019-12-12T10:04:08-06:00","value":{"amount":6427235.14,"currency":"MXN"},"payer":{"name":"SFYTGE","id":"RFC-GEN620601DTA"},"payee":{"name":"CONSTRUCTORA Y URBANIZADORA REGIOMONTANA, S.A. DE C.V.","id":"CUR950920ER0"}},{"id":"EST-2019-12-849","date":"2019-12-19T16:38:56-06:00","value":{"amount":1126470.27,"currency":"MXN"},"payer":{"name":"SFYTGE","id":"RFC-GEN620601DTA"},"payee":{"name":"CONSTRUCTORA Y URBANIZADORA REGIOMONTANA, S.A. DE C.V.","id":"CUR950920ER0"}},{"id":"EST-2019-12-850","date":"2019-12-19T16:50:39-06:00","value":{"amount":7323384.64,"currency":"MXN"},"payer":{"name":"SFYTGE","id":"RFC-GEN620601DTA"},"payee":{"name":"CONSTRUCTORA Y URBANIZADORA REGIOMONTANA, S.A. DE C.V.","id":"CUR950920ER0"}},{"id":"EST-2019-12-851","date":"2019-12-20T17:58:14-06:00","value":{"amount":3974589.53,"currency":"MXN"},"payer":{"name":"SFYTGE","id":"RFC-GEN620601DTA"},"payee":{"name":"CONSTRUCTORA Y URBANIZADORA REGIOMONTANA, S.A. DE C.V.","id":"CUR950920ER0"}}],"documents":[]},"milestones":[]}],"language":"es"}}]}