{"uri":"http://si.nl.gob.mx/Acceso/DatosAbiertos/000006/LO-919009986-E16-2019/v001/RecordPackage-ocds-7wj9x5-LO-919009986-E16-2019-v001-contract.json","publisher":{"scheme":"GB-COH","uid":"","name":"Secretaría de Infraestructura del Estado de Nuevo León","uri":"http://si.nl.gob.mx"},"publishedDate":"2020-03-24T21:21:39.9467311-06:00","license":"https://datos.gob.mx/libreusomx","publicationPolicy":"http://si.nl.gob.mx","version":"1.1","packages":["https://raw.githubusercontent.com/INAImexico/ocds_requestForQuotes_extension/master/extension.json"],"records":[{"ocid":"ocds-7wj9x5-LO-919009986-E16-2019001","releases":[{"url":"http://si.nl.gob.mx/Acceso/DatosAbiertos/000006/LO-919009986-E16-2019/v001/Release-ocds-7wj9x5-LO-919009986-E16-2019-v001-contract.json","date":"2020-03-24T21:21:39.913-06:00","tag":["tender"]}],"compiledRelease":{"ocid":"ocds-7wj9x5-LO-919009986-E16-2019-v001","id":"ocds-7wj9x5-LO-919009986-E16-2019-v001-contract","date":"2020-03-24T21:21:39.9118015-06:00","tag":["planning","tender","award","contract"],"initiationType":"tender","parties":[{"name":"Mpio. Monterrey","id":"SIASI-000128","identifier":{"scheme":"SIASI","legalName":"SISTEMA INTEGRAL DE ADMINISTRACIÓN DE LA SECRETARÍA DE INFRAESTRUCTURA"},"address":{"streetAddress":"Washington","locality":"Monterrey","region":"Nuevo León","postalCode":"64010","countryName":"México"},"contactPoint":{"name":"Jesús Salvador Pérez Rodríguez","email":"salvador.perez @nuevoleon.gob.mx","telephone":"8120206730","url":"http://www.nl.gob.mx/dependencias"},"roles":["buyer"]},{"name":"SECRETARIA DE INFRAESTRUCTURA","id":"SIASI-000011","identifier":{"scheme":"SIASI","legalName":"SISTEMA INTEGRAL DE ADMINISTRACIÓN DE LA SECRETARÍA DE INFRAESTRUCTURA"},"address":{"streetAddress":"WASHIGTON 648 OTE","locality":"MONTERREY","region":"NUEVO LEÓN","postalCode":"64000","countryName":"MÉXICO"},"contactPoint":{"name":"HUMBERTO TORRES PADILLA","email":"salvador.perez @nuevoleon.gob.mx","telephone":"8120206730","url":"http://si.nl.gob.mx/"},"roles":["procuringEntity"]},{"name":"SECRETARIA DE FINANZAS Y TESORERIA GENERAL DEL ESTADO DE NUEVO LEON","id":"SIASI-000004","identifier":{"scheme":"SIASI","legalName":"SISTEMA INTEGRAL DE ADMINISTRACIÓN DE LA SECRETARÍA DE INFRAESTRUCTURA"},"address":{"streetAddress":"ESCOBEDO SUR PISO 3 333","locality":"MONTERREY","region":"NUEVO LEÓN","postalCode":"64000","countryName":"MÉXICO"},"contactPoint":{"name":"Jesús Salvador Pérez Rodríguez","email":"salvador.perez @nuevoleon.gob.mx","telephone":"8120206730","url":"http://www.nl.gob.mx/tesoreria"},"roles":["payer"]},{"name":"CONSTRUCCIONES DYNAMO, S.A. DE C.V.","id":"RFC-CDY980323MA8","identifier":{"scheme":"RFC","id":"CDY980323MA8","legalName":"REGISTRO FEDERAL DE CONTRIBUYENTES"},"address":{"locality":"MONTERREY","postalCode":"64800"},"contactPoint":{"name":"CESAR EDUARDO GARCIA GUERRERO","telephone":"52 81 83550589 "},"roles":["tenderer"]},{"name":"CONSTRUCCIONES GV DE MONTERREY, S.A. DE C.V.","id":"RFC-CGM900131F64","identifier":{"scheme":"RFC","id":"CGM900131F64","legalName":"REGISTRO FEDERAL DE CONTRIBUYENTES"},"address":{"streetAddress":"VALLE DE OAXACA  2581","locality":"GUADALUPE","postalCode":"67140"},"contactPoint":{"name":"SERGIO EDUARDO GONZALEZ FLORES","telephone":"83598578"},"roles":["tenderer"]},{"name":"CONSTRUCCIONES Y MAQUINARIA GUTIERREZ, S.A. DE C.V.","id":"RFC-CMG031001D26","identifier":{"scheme":"RFC","id":"CMG031001D26","legalName":"REGISTRO FEDERAL DE CONTRIBUYENTES"},"address":{"locality":"MONTERREY","postalCode":"64460"},"contactPoint":{},"roles":["tenderer"]},{"name":"EXECUCION DE MEXICO SA DE CV","id":"RFC-EME020423QC1","identifier":{"scheme":"RFC","id":"EME020423QC1","legalName":"REGISTRO FEDERAL DE CONTRIBUYENTES"},"address":{},"contactPoint":{"telephone":"8181501600"},"roles":["tenderer","supplier"]},{"name":"INGENIERIA Y CONSTRUCCIONES R.I. SA DE CV","id":"RFC-ICR081007SV5 ","identifier":{"scheme":"RFC","id":"ICR081007SV5 ","legalName":"REGISTRO FEDERAL DE CONTRIBUYENTES"},"address":{},"contactPoint":{"telephone":"868 500526"},"roles":["tenderer"]},{"name":"KAANS ADMINISTRACION, S.A. DE C.V.","id":"RFC-KAD1003298I6","identifier":{"scheme":"RFC","id":"KAD1003298I6","legalName":"REGISTRO FEDERAL DE CONTRIBUYENTES"},"address":{"streetAddress":"Santa Cristina  1317","locality":"GUADALUPE","postalCode":"67129"},"contactPoint":{"name":"LUIS ALBERTO MATA MARTINEZ","telephone":"38493182"},"roles":["tenderer"]},{"name":"VIP DESARROLLO URBANO, S.A. DE C.V.","id":"RFC-VDU920917EK0","identifier":{"scheme":"RFC","id":"VDU920917EK0","legalName":"REGISTRO FEDERAL DE CONTRIBUYENTES"},"address":{"streetAddress":"OCCIDENTAL 265 L 9","locality":"REYNOSA","postalCode":"88630"},"contactPoint":{"name":"RAUL MARTINEZ VILLARREAL","telephone":"8182522144"},"roles":["tenderer"]},{"name":"CARTER CONSTRUCCIONES Y EQUIPOS SA DE CV","id":"RFC-CCE980114US1","identifier":{"scheme":"RFC","id":"CCE980114US1","legalName":"REGISTRO FEDERAL DE CONTRIBUYENTES"},"address":{"streetAddress":"TAMASOPO 102 A","locality":"MONTERREY","postalCode":"64460"},"contactPoint":{"telephone":"8115227000"},"roles":["tenderer"]},{"name":"URBANIZACIONES AGV, S.A. DE C.V.","id":"RFC-UAG010828F33","identifier":{"scheme":"RFC","id":"UAG010828F33","legalName":"REGISTRO FEDERAL DE CONTRIBUYENTES"},"address":{"locality":"Guadalupe","postalCode":"67140"},"contactPoint":{"telephone":"8183540025"},"roles":["tenderer"]}],"buyer":{"id":"SIASI-000128","name":"Mpio. Monterrey"},"planning":{"rationale":"3,933 habitantes al día","numberOfBeneficiaries":0,"budget":{"id":"20458","description":"FIES 2018","amount":{"amount":49921738.0,"currency":"MXN"},"project":"Corredor de movilidad urbana sustentable Monterrey-Guadalupe - Acera Norte","projectID":"PEI-0118/2019"},"documents":[{"id":"881","documentType":"Estudio de mercado","title":"Estudio de mercado","description":"Estudio de mercado","url":"http://si.nl.gob.mx/Acceso/DatosAbiertos/DocumentosPublicos/000006/LO-919009986-E16-2019/01. Planeación/Estudio de mercado.pdf","datePublished":"2020-03-21T18:03:04.373-06:00","dateModified":"0001-01-01T00:00:00-06:00","format":"application/pdf","language":"es","x_section":"planning"},{"id":"882","documentType":"Proyecto ejecutivo","title":"Proyecto ejecutivo","description":"Proyecto ejecutivo","url":"http://si.nl.gob.mx/Acceso/DatosAbiertos/DocumentosPublicos/000006/LO-919009986-E16-2019/01. Planeación/Proyecto ejecutivo.pdf","datePublished":"2020-03-21T18:03:04.387-06:00","dateModified":"0001-01-01T00:00:00-06:00","format":"application/pdf","language":"es","x_section":"planning"}]},"tender":{"id":"LO-919009986-E16-2019","title":"Corredor de movilidad urbana sustentable Monterrey-Guadalupe - Acera Norte","description":"Corredor de movilidad urbana sustentable Monterrey-Guadalupe - Acera Norte","status":"complete","procuringEntity":{"name":"SECRETARIA DE INFRAESTRUCTURA","id":"SIASI-000011"},"value":{"amount":49921738.0,"currency":"MXN"},"minValue":{"amount":0.0,"currency":"MXN"},"procurementMethod":"open","procurementMethodDetails":"Licitación Federal","procurementMethodRationale":"Justificación para el método de compra elegido","mainProcurementCategory":"goods","additionalProcurementCategories":["ND"],"awardCriteria":"priceOnly","awardCriteriaDetails":"Para la adjudicación del contrato LA DEPENDENCIA efectuará un análisis comparativo de las propuestas admitidas que no fueron desechadas en el aspecto legal, técnico o económico y elaborará un dictamen en el que se tomaran en cuenta los criterios generales de adjudicación expresados en la Convocatoria.","submissionMethod":["inPerson"],"submissionMethodDetails":"El representante del licitante deberá presentar en persona su oferta escrita en sobre cerrado","tenderPeriod":{"startDate":"2019-08-08T00:00:00-05:00","endDate":"2019-08-27T00:00:00-05:00","maxExtentDate":"2019-08-27T00:00:00-05:00","durationInDays":19},"enquiryPeriod":{"startDate":"2019-08-08T00:00:00-05:00","endDate":"2019-08-19T00:00:00-05:00","maxExtentDate":"2019-08-19T00:00:00-05:00","durationInDays":11},"hasEnquiries":true,"eligibilityCriteria":"El criterio establecido por el artículo 38 de la Ley de obras públicas y servicios relacionados con las mismas","awardPeriod":{"startDate":"2019-08-27T00:00:00-05:00","endDate":"2019-09-03T00:00:00-05:00","maxExtentDate":"2019-10-03T00:00:00-05:00","durationInDays":7},"contractPeriod":{"startDate":"2019-09-03T00:00:00-05:00","endDate":"2019-09-05T00:00:00-05:00","maxExtentDate":"2019-09-12T00:00:00-05:00","durationInDays":2},"numberOfTenderers":9,"tenderers":[{"name":"CONSTRUCCIONES DYNAMO, S.A. DE C.V.","id":"RFC-CDY980323MA8"},{"name":"CONSTRUCCIONES GV DE MONTERREY, S.A. DE C.V.","id":"RFC-CGM900131F64"},{"name":"CONSTRUCCIONES Y MAQUINARIA GUTIERREZ, S.A. DE C.V.","id":"RFC-CMG031001D26"},{"name":"EXECUCION DE MEXICO SA DE CV","id":"RFC-EME020423QC1"},{"name":"INGENIERIA Y CONSTRUCCIONES R.I. SA DE CV","id":"RFC-ICR081007SV5 "},{"name":"KAANS ADMINISTRACION, S.A. DE C.V.","id":"RFC-KAD1003298I6"},{"name":"VIP DESARROLLO URBANO, S.A. DE C.V.","id":"RFC-VDU920917EK0"},{"name":"CARTER CONSTRUCCIONES Y EQUIPOS SA DE CV","id":"RFC-CCE980114US1"},{"name":"URBANIZACIONES AGV, S.A. DE C.V.","id":"RFC-UAG010828F33"}],"documents":[{"id":"883","documentType":"Acta de juntas de aclaraciones a las preguntas de los licitantes","title":"Acta de juntas de aclaraciones a las preguntas de los licitantes","description":"Acta de juntas de aclaraciones a las preguntas de los licitantes","url":"http://si.nl.gob.mx/Acceso/DatosAbiertos/DocumentosPublicos/000006/LO-919009986-E16-2019/02. Invitación/Acta de juntas de aclaraciones a las preguntas de los licitantes.pdf","datePublished":"2020-03-21T18:03:04.397-06:00","dateModified":"0001-01-01T00:00:00-06:00","format":"application/pdf","language":"es","x_section":"tender"},{"id":"884","documentType":"Acta de juntas de aclaraciones a las preguntas de los licitantes","title":"Acta de juntas de aclaraciones a las preguntas de los licitantes","description":"Acta de juntas de aclaraciones a las preguntas de los licitantes","url":"http://si.nl.gob.mx/Acceso/DatosAbiertos/DocumentosPublicos/000006/LO-919009986-E16-2019/02. Invitación/Acta de juntas de aclaraciones a las preguntas de los licitantes_01.pdf","datePublished":"2020-03-21T18:03:04.407-06:00","dateModified":"0001-01-01T00:00:00-06:00","format":"application/pdf","language":"es","x_section":"tender"},{"id":"885","documentType":"Acta de presentación y apertura de propuestas de licitaciones","title":"Acta de presentación y apertura de propuestas de licitaciones","description":"Acta de presentación y apertura de propuestas de licitaciones","url":"http://si.nl.gob.mx/Acceso/DatosAbiertos/DocumentosPublicos/000006/LO-919009986-E16-2019/02. Invitación/Acta de presentación y apertura de propuestas de licitaciones.pdf","datePublished":"2020-03-21T18:03:04.42-06:00","dateModified":"0001-01-01T00:00:00-06:00","format":"application/pdf","language":"es","x_section":"tender"},{"id":"886","documentType":"Anexos de Convocatoria","title":"Anexos de Convocatoria","description":"Anexos de Convocatoria","url":"http://si.nl.gob.mx/Acceso/DatosAbiertos/DocumentosPublicos/000006/LO-919009986-E16-2019/02. Invitación/Anexos de Convocatoria.zip","datePublished":"2020-03-21T18:03:04.43-06:00","dateModified":"0001-01-01T00:00:00-06:00","format":"application/zip","language":"es","x_section":"tender"},{"id":"887","documentType":"Convocatoria de licitaciones","title":"Convocatoria de licitaciones","description":"Convocatoria de licitaciones","url":"http://si.nl.gob.mx/Acceso/DatosAbiertos/DocumentosPublicos/000006/LO-919009986-E16-2019/02. Invitación/Convocatoria de licitaciones.pdf","datePublished":"2020-03-21T18:03:04.447-06:00","dateModified":"0001-01-01T00:00:00-06:00","format":"application/pdf","language":"es","x_section":"tender"},{"id":"888","documentType":"Pre-bases de licitaciones","title":"Pre-bases de licitaciones","description":"Pre-bases de licitaciones","url":"http://si.nl.gob.mx/Acceso/DatosAbiertos/DocumentosPublicos/000006/LO-919009986-E16-2019/02. Invitación/Pre-bases de licitaciones.pdf","datePublished":"2020-03-21T18:03:04.46-06:00","dateModified":"0001-01-01T00:00:00-06:00","format":"application/pdf","language":"es","x_section":"tender"},{"id":"889","documentType":"Registro de asistencia de la visita a las instalaciones","title":"Registro de asistencia de la visita a las instalaciones","description":"Registro de asistencia de la visita a las instalaciones","url":"http://si.nl.gob.mx/Acceso/DatosAbiertos/DocumentosPublicos/000006/LO-919009986-E16-2019/02. Invitación/Registro de asistencia de la visita a las instalaciones.pdf","datePublished":"2020-03-21T18:03:04.477-06:00","dateModified":"0001-01-01T00:00:00-06:00","format":"application/pdf","language":"es","x_section":"tender"},{"id":"890","documentType":"Resumen de convocatoria a la licitación pública","title":"Resumen de convocatoria a la licitación pública","description":"Resumen de convocatoria a la licitación pública","url":"http://si.nl.gob.mx/Acceso/DatosAbiertos/DocumentosPublicos/000006/LO-919009986-E16-2019/02. Invitación/Resumen de convocatoria a la licitación pública.pdf","datePublished":"2020-03-21T18:03:04.493-06:00","dateModified":"0001-01-01T00:00:00-06:00","format":"application/pdf","language":"es","x_section":"tender"}],"milestones":[{"id":"LO-919009986-E16-2019-15834","title":"CONVOCATORIA","type":"preProcurement","description":"CONVOCATORIA","code":"CONVOCATORIA","dueDate":"2019-07-24T08:00:00-05:00","dateMet":"2019-07-24T08:00:00-05:00","dateModified":"2019-07-24T08:00:00-05:00","status":"met"},{"id":"LO-919009986-E16-2019-15835","title":"VISITA A LA OBRA","type":"preProcurement","description":"VISITA A LA OBRA","code":"VISITA A LA OBRA","dueDate":"2019-07-24T08:00:00-05:00","dateMet":"2019-07-24T08:00:00-05:00","dateModified":"2019-07-24T08:00:00-05:00","status":"met"},{"id":"LO-919009986-E16-2019-15836","title":"JUNTA DE ACLARACIONES","type":"preProcurement","description":"JUNTA DE ACLARACIONES","code":"JUNTA DE ACLARACIONES","dueDate":"2019-08-16T10:00:00-05:00","dateMet":"2019-08-16T10:00:00-05:00","dateModified":"2019-08-16T10:00:00-05:00","status":"met"},{"id":"LO-919009986-E16-2019-15837","title":"APERTURA","type":"assessment","description":"APERTURA","code":"APERTURA","dueDate":"2019-08-19T10:00:00-05:00","dateMet":"2019-08-19T10:00:00-05:00","dateModified":"2019-08-19T10:00:00-05:00","status":"met"},{"id":"LO-919009986-E16-2019-15840","title":"FALLO","type":"engagement","description":"FALLO","code":"FALLO","dueDate":"2019-08-19T13:00:00-05:00","dateMet":"2019-08-19T13:00:00-05:00","dateModified":"2019-08-19T13:00:00-05:00","status":"met"},{"id":"LO-919009986-E16-2019-15841","title":"FIRMA DEL CONTRATO","type":"approval","description":"FIRMA DEL CONTRATO","code":"FIRMA DEL CONTRATO","dueDate":"2019-09-03T12:00:00-05:00","dateMet":"2019-09-03T12:00:00-05:00","dateModified":"2019-09-03T12:00:00-05:00","status":"met"}]},"awards":[{"id":"LO-919009986-E16-2019","title":"Corredor de movilidad urbana sustentable Monterrey-Guadalupe - Acera Norte","description":"Corredor de movilidad urbana sustentable Monterrey-Guadalupe - Acera Norte","status":"active","date":"2019-09-03T00:00:00-05:00","value":{"amount":23997316.82,"currency":"MXN"},"suppliers":[{"id":"RFC-EME020423QC1","name":"EXECUCION DE MEXICO SA DE CV"}],"contractPeriod":{"startDate":"2019-09-22T00:00:00-05:00","endDate":"2019-12-20T00:00:00-06:00","maxExtentDate":"0001-01-01T00:00:00","durationInDays":89},"documents":[{"id":"891","documentType":"Fallo de licitaciones","title":"Fallo de licitaciones","description":"Fallo de licitaciones","url":"http://si.nl.gob.mx/Acceso/DatosAbiertos/DocumentosPublicos/000006/LO-919009986-E16-2019/03. Adjudicación/Fallo de licitaciones.pdf","datePublished":"2020-03-21T18:03:04.51-06:00","dateModified":"0001-01-01T00:00:00-06:00","format":"application/pdf","language":"es","x_section":"award"},{"id":"892","documentType":"Oferta Ganadora","title":"Oferta Ganadora","description":"Oferta Ganadora","url":"http://si.nl.gob.mx/Acceso/DatosAbiertos/DocumentosPublicos/000006/LO-919009986-E16-2019/03. Adjudicación/Oferta Ganadora.rar","datePublished":"2020-03-21T18:03:04.527-06:00","dateModified":"0001-01-01T00:00:00-06:00","format":"application/vnd.rar","language":"es","x_section":"award"},{"id":"893","documentType":"Resultado de las evaluaciones de la licitación","title":"Resultado de las evaluaciones de la licitación","description":"Resultado de las evaluaciones de la licitación","url":"http://si.nl.gob.mx/Acceso/DatosAbiertos/DocumentosPublicos/000006/LO-919009986-E16-2019/03. Adjudicación/Resultado de las evaluaciones de la licitación.pdf","datePublished":"2020-03-21T18:03:04.543-06:00","dateModified":"0001-01-01T00:00:00-06:00","format":"application/pdf","language":"es","x_section":"award"}]}],"contracts":[{"id":"1909003","awardID":"LO-919009986-E16-2019","title":"Corredor de movilidad urbana sustentable Monterrey-Guadalupe - Acera Norte","description":"Corredor de movilidad urbana sustentable Monterrey-Guadalupe - Acera Norte","status":"active","x_financial_advance":100.0,"x_physical_advance":100.0,"period":{"startDate":"2019-09-22T00:00:00-05:00","endDate":"2019-12-20T00:00:00-06:00","maxExtentDate":"0001-01-01T00:00:00-06:00","durationInDays":89},"value":{"amount":24273317.61,"currency":"MXN"},"x_estimatedPhysicalProgress":100.0,"x_observedPhysicalProgress":100.0,"items":[{"id":"000004729","description":"001 PRELIMINARES","classification":{"scheme":"UNCEFACT","id":"000004729","description":"Catálogo de Conceptos Universal de la Secretaría de Infraestructura del Estado de Nuevo León","uri":"http://si.nl.gob.mx/CatalogoDeConceptosUniversal"},"quantity":1.0,"unit":{"scheme":"SINL-CU","id":"000000221","name":"LOTE","value":{"amount":101289.7645,"currency":"MXN"},"uri":"http://si.nl.gob.mx/CatalogoUnidades"}},{"id":"000000544","description":"002 DEMOLICIONES","classification":{"scheme":"UNCEFACT","id":"000000544","description":"Catálogo de Conceptos Universal de la Secretaría de Infraestructura del Estado de Nuevo León","uri":"http://si.nl.gob.mx/CatalogoDeConceptosUniversal"},"quantity":1.0,"unit":{"scheme":"SINL-CU","id":"000000221","name":"LOTE","value":{"amount":2194772.7834,"currency":"MXN"},"uri":"http://si.nl.gob.mx/CatalogoUnidades"}},{"id":"000004838","description":"004 TERRACERIAS","classification":{"scheme":"UNCEFACT","id":"000004838","description":"Catálogo de Conceptos Universal de la Secretaría de Infraestructura del Estado de Nuevo León","uri":"http://si.nl.gob.mx/CatalogoDeConceptosUniversal"},"quantity":1.0,"unit":{"scheme":"SINL-CU","id":"000000221","name":"LOTE","value":{"amount":541787.178,"currency":"MXN"},"uri":"http://si.nl.gob.mx/CatalogoUnidades"}},{"id":"000008731","description":"005 ALBAÑILERIAS","classification":{"scheme":"UNCEFACT","id":"000008731","description":"Catálogo de Conceptos Universal de la Secretaría de Infraestructura del Estado de Nuevo León","uri":"http://si.nl.gob.mx/CatalogoDeConceptosUniversal"},"quantity":1.0,"unit":{"scheme":"SINL-CU","id":"000000221","name":"LOTE","value":{"amount":3492735.187,"currency":"MXN"},"uri":"http://si.nl.gob.mx/CatalogoUnidades"}},{"id":"000008015","description":"009 MOBILIARIO","classification":{"scheme":"UNCEFACT","id":"000008015","description":"Catálogo de Conceptos Universal de la Secretaría de Infraestructura del Estado de Nuevo León","uri":"http://si.nl.gob.mx/CatalogoDeConceptosUniversal"},"quantity":1.0,"unit":{"scheme":"SINL-CU","id":"000000221","name":"LOTE","value":{"amount":1314551.6,"currency":"MXN"},"uri":"http://si.nl.gob.mx/CatalogoUnidades"}},{"id":"000006598","description":"EXTRAS  001","classification":{"scheme":"UNCEFACT","id":"000006598","description":"Catálogo de Conceptos Universal de la Secretaría de Infraestructura del Estado de Nuevo León","uri":"http://si.nl.gob.mx/CatalogoDeConceptosUniversal"},"quantity":1.0,"unit":{"scheme":"SINL-CU","id":"000000221","name":"LOTE","value":{"amount":4109204.7812,"currency":"MXN"},"uri":"http://si.nl.gob.mx/CatalogoUnidades"}}],"dateSigned":"2019-09-04T00:00:00-05:00","documents":[{"id":"894","documentType":"Anexos de Contrato","title":"Anexos de Contrato","description":"Anexos de Contrato","url":"http://si.nl.gob.mx/Acceso/DatosAbiertos/DocumentosPublicos/000006/LO-919009986-E16-2019/04. Contratación/Anexos de Contrato.pdf","datePublished":"2020-03-21T18:03:04.573-06:00","dateModified":"0001-01-01T00:00:00-06:00","format":"application/pdf","language":"es","x_section":"contract"},{"id":"895","documentType":"Contrato firmado","title":"Contrato firmado","description":"Contrato firmado","url":"http://si.nl.gob.mx/Acceso/DatosAbiertos/DocumentosPublicos/000006/LO-919009986-E16-2019/04. Contratación/Contrato firmado.pdf","datePublished":"2020-03-21T18:03:04.6-06:00","dateModified":"0001-01-01T00:00:00-06:00","format":"application/pdf","language":"es","x_section":"contract"},{"id":"1023","documentType":"Finiquito del contrato","title":"Finiquito del contrato","description":"Finiquito del contrato","datePublished":"0001-01-01T00:00:00-06:00","dateModified":"0001-01-01T00:00:00-06:00","format":"ND","language":"es","x_section":"contract"},{"id":"1025","documentType":"Finiquito del contrato","title":"Finiquito del contrato","description":"Finiquito del contrato","datePublished":"0001-01-01T00:00:00-06:00","dateModified":"0001-01-01T00:00:00-06:00","format":"ND","language":"es","x_section":"contract"},{"id":"896","documentType":"Certificado de terminación (informe de conclusión)","title":"Certificado de terminación (informe de conclusión)","description":"Certificado de terminación (informe de conclusión)","url":"http://si.nl.gob.mx/Acceso/DatosAbiertos/DocumentosPublicos/000006/LO-919009986-E16-2019/05. Ejecución/Certificado de terminación (informe de conclusión).pdf","datePublished":"2020-03-21T18:03:04.69-06:00","dateModified":"0001-01-01T00:00:00-06:00","format":"application/pdf","language":"es","x_section":"implementarion"},{"id":"897","documentType":"Informe ejecutivo de la ejecución del contrato (Reportes)","title":"Informe ejecutivo de la ejecución del contrato (Reportes)","description":"Informe ejecutivo de la ejecución del contrato (Reportes)","url":"http://si.nl.gob.mx/Acceso/DatosAbiertos/DocumentosPublicos/000006/LO-919009986-E16-2019/05. Ejecución/Informe ejecutivo de la ejecución del contrato (Reportes).pdf","datePublished":"2020-03-21T18:03:04.71-06:00","dateModified":"0001-01-01T00:00:00-06:00","format":"application/pdf","language":"es","x_section":"implementarion"},{"id":"898","documentType":"Informe ejecutivo de la ejecución del contrato (Reportes)","title":"Informe ejecutivo de la ejecución del contrato (Reportes)","description":"Informe ejecutivo de la ejecución del contrato (Reportes)","url":"http://si.nl.gob.mx/Acceso/DatosAbiertos/DocumentosPublicos/000006/LO-919009986-E16-2019/05. Ejecución/Informe ejecutivo de la ejecución del contrato (Reportes)_01.pdf","datePublished":"2020-03-21T18:03:04.727-06:00","dateModified":"0001-01-01T00:00:00-06:00","format":"application/pdf","language":"es","x_section":"implementarion"},{"id":"899","documentType":"Informe ejecutivo de la ejecución del contrato (Reportes)","title":"Informe ejecutivo de la ejecución del contrato (Reportes)","description":"Informe ejecutivo de la ejecución del contrato (Reportes)","url":"http://si.nl.gob.mx/Acceso/DatosAbiertos/DocumentosPublicos/000006/LO-919009986-E16-2019/05. Ejecución/Informe ejecutivo de la ejecución del contrato (Reportes)_02.pdf","datePublished":"2020-03-21T18:03:04.74-06:00","dateModified":"0001-01-01T00:00:00-06:00","format":"application/pdf","language":"es","x_section":"implementarion"},{"id":"900","documentType":"Lista de escalada de aprobaciones","title":"Lista de escalada de aprobaciones","description":"Lista de escalada de aprobaciones","url":"http://si.nl.gob.mx/Acceso/DatosAbiertos/DocumentosPublicos/000006/LO-919009986-E16-2019/05. Ejecución/Lista de escalada de aprobaciones.pdf","datePublished":"2020-03-21T18:03:04.757-06:00","dateModified":"0001-01-01T00:00:00-06:00","format":"application/pdf","language":"es","x_section":"implementarion"},{"id":"901","documentType":"Reportes de supervisión","title":"Reportes de supervisión","description":"Reportes de supervisión","url":"http://si.nl.gob.mx/Acceso/DatosAbiertos/DocumentosPublicos/000006/LO-919009986-E16-2019/05. Ejecución/Reportes de supervisión.pdf","datePublished":"2020-03-21T18:03:04.787-06:00","dateModified":"0001-01-01T00:00:00-06:00","format":"application/pdf","language":"es","x_section":"implementarion"},{"id":"1024","documentType":"Reportes de calidad","title":"Reportes de calidad","description":"Reportes de calidad","datePublished":"0001-01-01T00:00:00-06:00","dateModified":"0001-01-01T00:00:00-06:00","format":"ND","language":"es","x_section":"implementarion"},{"id":"1026","documentType":"Convenios modificatorios","title":"Convenios modificatorios","description":"Convenios modificatorios","datePublished":"0001-01-01T00:00:00-06:00","dateModified":"0001-01-01T00:00:00-06:00","format":"ND","language":"es","x_section":"implementarion"}],"implementation":{"transactions":[{"id":"EST-2019-09-446","date":"2019-09-11T10:49:06-05:00","value":{"amount":7199195.04,"currency":"MXN"},"payer":{"name":"SFYTGE","id":"RFC-GEN620601DTA"},"payee":{"name":"EXECUCION DE MEXICO SA DE CV","id":"EME020423QC1"}},{"id":"EST-2019-10-558","date":"2019-10-23T11:57:55-05:00","value":{"amount":484054.0,"currency":"MXN"},"payer":{"name":"SFYTGE","id":"RFC-GEN620601DTA"},"payee":{"name":"EXECUCION DE MEXICO SA DE CV","id":"EME020423QC1"}},{"id":"EST-2019-12-757","date":"2019-12-10T12:29:29-06:00","value":{"amount":3753740.42,"currency":"MXN"},"payer":{"name":"SFYTGE","id":"RFC-GEN620601DTA"},"payee":{"name":"EXECUCION DE MEXICO SA DE CV","id":"EME020423QC1"}},{"id":"EST-2019-12-901","date":"2019-12-26T14:58:43-06:00","value":{"amount":1682539.17,"currency":"MXN"},"payer":{"name":"SFYTGE","id":"RFC-GEN620601DTA"},"payee":{"name":"EXECUCION DE MEXICO SA DE CV","id":"EME020423QC1"}},{"id":"EST-2019-10-579","date":"2019-10-25T11:22:00-05:00","value":{"amount":1320368.63,"currency":"MXN"},"payer":{"name":"SFYTGE","id":"RFC-GEN620601DTA"},"payee":{"name":"EXECUCION DE MEXICO SA DE CV","id":"EME020423QC1"}},{"id":"EST-2019-12-900","date":"2019-12-26T14:53:30-06:00","value":{"amount":954952.64,"currency":"MXN"},"payer":{"name":"SFYTGE","id":"RFC-GEN620601DTA"},"payee":{"name":"EXECUCION DE MEXICO SA DE CV","id":"EME020423QC1"}},{"id":"EST-2019-12-902","date":"2019-12-26T15:05:39-06:00","value":{"amount":1350421.32,"currency":"MXN"},"payer":{"name":"SFYTGE","id":"RFC-GEN620601DTA"},"payee":{"name":"EXECUCION DE MEXICO SA DE CV","id":"EME020423QC1"}},{"id":"EST-2019-11-610","date":"2019-11-06T09:23:48-06:00","value":{"amount":3416783.99,"currency":"MXN"},"payer":{"name":"SFYTGE","id":"RFC-GEN620601DTA"},"payee":{"name":"EXECUCION DE MEXICO SA DE CV","id":"EME020423QC1"}},{"id":"EST-2019-12-923","date":"2019-12-27T16:33:47-06:00","value":{"amount":375385.7,"currency":"MXN"},"payer":{"name":"SFYTGE","id":"RFC-GEN620601DTA"},"payee":{"name":"EXECUCION DE MEXICO SA DE CV","id":"EME020423QC1"}},{"id":"EST-2019-12-925","date":"2019-12-27T16:57:07-06:00","value":{"amount":168116.36,"currency":"MXN"},"payer":{"name":"SFYTGE","id":"RFC-GEN620601DTA"},"payee":{"name":"EXECUCION DE MEXICO SA DE CV","id":"EME020423QC1"}},{"id":"EST-2019-11-635","date":"2019-11-14T12:19:08-06:00","value":{"amount":1899779.31,"currency":"MXN"},"payer":{"name":"SFYTGE","id":"RFC-GEN620601DTA"},"payee":{"name":"EXECUCION DE MEXICO SA DE CV","id":"EME020423QC1"}},{"id":"EST-2019-11-715","date":"2019-11-28T13:44:57-06:00","value":{"amount":1137030.95,"currency":"MXN"},"payer":{"name":"SFYTGE","id":"RFC-GEN620601DTA"},"payee":{"name":"EXECUCION DE MEXICO SA DE CV","id":"EME020423QC1"}},{"id":"EST-2019-12-745","date":"2019-12-05T14:44:07-06:00","value":{"amount":84487.63,"currency":"MXN"},"payer":{"name":"SFYTGE","id":"RFC-GEN620601DTA"},"payee":{"name":"EXECUCION DE MEXICO SA DE CV","id":"EME020423QC1"}},{"id":"EST-2019-12-899","date":"2019-12-26T14:45:05-06:00","value":{"amount":442079.98,"currency":"MXN"},"payer":{"name":"SFYTGE","id":"RFC-GEN620601DTA"},"payee":{"name":"EXECUCION DE MEXICO SA DE CV","id":"EME020423QC1"}},{"id":"EST-2019-12-921","date":"2019-12-27T15:45:52-06:00","value":{"amount":4382.47,"currency":"MXN"},"payer":{"name":"SFYTGE","id":"RFC-GEN620601DTA"},"payee":{"name":"EXECUCION DE MEXICO SA DE CV","id":"EME020423QC1"}},{"id":"EST-2019-12-922","date":"2019-12-27T16:22:12-06:00","value":{"amount":-2087512.8,"currency":"MXN"},"payer":{"name":"SFYTGE","id":"RFC-GEN620601DTA"},"payee":{"name":"EXECUCION DE MEXICO SA DE CV","id":"EME020423QC1"}},{"id":"EST-2019-12-924","date":"2019-12-27T16:45:31-06:00","value":{"amount":-656950.71,"currency":"MXN"},"payer":{"name":"SFYTGE","id":"RFC-GEN620601DTA"},"payee":{"name":"EXECUCION DE MEXICO SA DE CV","id":"EME020423QC1"}}],"documents":[]},"milestones":[]}],"language":"es"}}]}