{"uri":"http://si.nl.gob.mx/Acceso/DatosAbiertos/000001/SINL-CPE-018-2017/v001/RecordPackage-ocds-7wj9x5-SINL-CPE-018-2017-v001-contract.json","publisher":{"scheme":"GB-COH","uid":"","name":"Secretaría de Infraestructura del Estado de Nuevo León","uri":"http://si.nl.gob.mx"},"publishedDate":"2020-03-24T21:16:22.6502208-06:00","license":"https://datos.gob.mx/libreusomx","publicationPolicy":"http://si.nl.gob.mx","version":"1.1","packages":["https://raw.githubusercontent.com/INAImexico/ocds_requestForQuotes_extension/master/extension.json"],"records":[{"ocid":"ocds-7wj9x5-SINL-CPE-018-2017001","releases":[{"url":"http://si.nl.gob.mx/Acceso/DatosAbiertos/000001/SINL-CPE-018-2017/v001/Release-ocds-7wj9x5-SINL-CPE-018-2017-v001-contract.json","date":"2020-03-24T21:16:22.47-06:00","tag":["tender"]}],"compiledRelease":{"ocid":"ocds-7wj9x5-SINL-CPE-018-2017-v001","id":"ocds-7wj9x5-SINL-CPE-018-2017-v001-contract","date":"2020-03-24T21:16:22.3136311-06:00","tag":["planning","tender","award","contract"],"initiationType":"tender","parties":[{"name":"Secretaría de Infraestructura","id":"SIASI-000011","identifier":{"scheme":"SIASI","legalName":"SISTEMA INTEGRAL DE ADMINISTRACIÓN DE LA SECRETARÍA DE INFRAESTRUCTURA"},"address":{"streetAddress":"Washington","locality":"Monterrey","region":"Nuevo León","postalCode":"64010","countryName":"México"},"contactPoint":{"name":"HUMBERTO TORRES PADILLA","email":"humberto.torres@nuevoleon.gob.mx","telephone":"8120206730","url":"http://si.nl.gob.mx"},"roles":["buyer"]},{"name":"SECRETARIA DE INFRAESTRUCTURA","id":"SIASI-000011","identifier":{"scheme":"SIASI","legalName":"SISTEMA INTEGRAL DE ADMINISTRACIÓN DE LA SECRETARÍA DE INFRAESTRUCTURA"},"address":{"streetAddress":"WASHIGTON 648 OTE","locality":"MONTERREY","region":"NUEVO LEÓN","postalCode":"64000","countryName":"MÉXICO"},"contactPoint":{"name":"HUMBERTO TORRES PADILLA","email":"salvador.perez @nuevoleon.gob.mx","telephone":"8120206730","url":"http://si.nl.gob.mx/"},"roles":["procuringEntity"]},{"name":"SECRETARIA DE FINANZAS Y TESORERIA GENERAL DEL ESTADO DE NUEVO LEON","id":"SIASI-000004","identifier":{"scheme":"SIASI","legalName":"SISTEMA INTEGRAL DE ADMINISTRACIÓN DE LA SECRETARÍA DE INFRAESTRUCTURA"},"address":{"streetAddress":"ESCOBEDO SUR PISO 3 333","locality":"MONTERREY","region":"NUEVO LEÓN","postalCode":"64000","countryName":"MÉXICO"},"contactPoint":{"name":"Jesús Salvador Pérez Rodríguez","email":"salvador.perez @nuevoleon.gob.mx","telephone":"8120206730","url":"http://www.nl.gob.mx/tesoreria"},"roles":["payer"]},{"name":"CONSTRUCCIONES MALDONADO OVIEDO Y ASOCIADOS, S.A. DE C.V.","id":"RFC-CMO040217HK2","identifier":{"scheme":"RFC","id":"CMO040217HK2","legalName":"REGISTRO FEDERAL DE CONTRIBUYENTES"},"address":{"locality":"GALEANA","postalCode":"67850"},"contactPoint":{"name":"ING, REANULFO OVIEDO RODRIGUEZ","telephone":"(826)2131023"},"roles":["tenderer","supplier"]},{"name":"COTELSA, S.A. DE C.V.","id":"RFC-COT930531J32","identifier":{"scheme":"RFC","id":"COT930531J32","legalName":"REGISTRO FEDERAL DE CONTRIBUYENTES"},"address":{"streetAddress":"PRIV. XILOFACTOS 101 82","locality":"MONTERREY","postalCode":"64270"},"contactPoint":{"name":"FERNANDO TREVIÑO LOERA","telephone":"8183111619"},"roles":["tenderer"]}],"buyer":{"id":"SIASI-000011","name":"Secretaría de Infraestructura"},"planning":{"rationale":"400","numberOfBeneficiaries":0,"budget":{"id":"10174","description":"Estatales 2017","amount":{"amount":18000000.0,"currency":"MXN"},"project":"Construcción de una Esfera Cultural","projectID":"PEI-0011/2017"},"documents":[{"id":"646","documentType":"Estudio de mercado","title":"Estudio de mercado","description":"Estudio de mercado","url":"http://si.nl.gob.mx/Acceso/DatosAbiertos/DocumentosPublicos/000001/SINL-CPE-018-2017/01. Planeación/Estudio de mercado.pdf","datePublished":"2020-03-21T18:02:58.35-06:00","dateModified":"0001-01-01T00:00:00-06:00","format":"application/pdf","language":"es","x_section":"planning"},{"id":"647","documentType":"Proyecto ejecutivo","title":"Proyecto ejecutivo","description":"Proyecto ejecutivo","url":"http://si.nl.gob.mx/Acceso/DatosAbiertos/DocumentosPublicos/000001/SINL-CPE-018-2017/01. Planeación/Proyecto ejecutivo.pdf","datePublished":"2020-03-21T18:02:58.357-06:00","dateModified":"0001-01-01T00:00:00-06:00","format":"application/pdf","language":"es","x_section":"planning"}]},"tender":{"id":"SINL-CPE-018-2017","title":"Construcción de una Esfera Cultural","description":"Construcción de una Esfera Cultural, Municipio de Galeana, Nuevo León","status":"complete","procuringEntity":{"name":"SECRETARIA DE INFRAESTRUCTURA","id":"SIASI-000011"},"value":{"amount":18000000.0,"currency":"MXN"},"minValue":{"amount":0.0,"currency":"MXN"},"procurementMethod":"open","procurementMethodDetails":"Licitación Estatal","procurementMethodRationale":"Justificación para el método de compra elegido","mainProcurementCategory":"goods","additionalProcurementCategories":["ND"],"awardCriteria":"ratedCriteria","awardCriteriaDetails":"Para la adjudicación del contrato LA DEPENDENCIA efectuará un análisis comparativo de las propuestas admitidas que no fueron desechadas en el aspecto legal, técnico o económico y elaborará un dictamen en el que se tomaran en cuenta los criterios generales de adjudicación expresados en la Convocatoria.","submissionMethod":["inPerson"],"submissionMethodDetails":"El representante del licitante deberá presentar en persona su oferta escrita en sobre cerrado","tenderPeriod":{"startDate":"2017-02-24T00:00:00-06:00","endDate":"2017-03-15T00:00:00-06:00","maxExtentDate":"2017-03-15T00:00:00-06:00","durationInDays":19},"enquiryPeriod":{"startDate":"2017-02-24T00:00:00-06:00","endDate":"2017-03-07T00:00:00-06:00","maxExtentDate":"2017-03-07T00:00:00-06:00","durationInDays":11},"hasEnquiries":true,"eligibilityCriteria":"El criterio establecido por los artículos 54 y 55 de la Ley de obras públicas para el estado y municipios de Nuevo León","awardPeriod":{"startDate":"2017-03-15T00:00:00-06:00","endDate":"2017-04-10T00:00:00-05:00","maxExtentDate":"2017-05-10T00:00:00-05:00","durationInDays":26},"contractPeriod":{"startDate":"2017-04-10T00:00:00-05:00","endDate":"2017-04-11T00:00:00-05:00","maxExtentDate":"2017-04-18T00:00:00-05:00","durationInDays":1},"numberOfTenderers":2,"tenderers":[{"name":"CONSTRUCCIONES MALDONADO OVIEDO Y ASOCIADOS, S.A. DE C.V.","id":"RFC-CMO040217HK2"},{"name":"COTELSA, S.A. DE C.V.","id":"RFC-COT930531J32"}],"documents":[{"id":"648","documentType":"Acta de juntas de aclaraciones a las preguntas de los licitantes","title":"Acta de juntas de aclaraciones a las preguntas de los licitantes","description":"Acta de juntas de aclaraciones a las preguntas de los licitantes","url":"http://si.nl.gob.mx/Acceso/DatosAbiertos/DocumentosPublicos/000001/SINL-CPE-018-2017/02. Invitación/Acta de juntas de aclaraciones a las preguntas de los licitantes.pdf","datePublished":"2020-03-21T18:02:58.367-06:00","dateModified":"0001-01-01T00:00:00-06:00","format":"application/pdf","language":"es","x_section":"tender"},{"id":"649","documentType":"Acta de presentación y apertura de propuestas de licitaciones","title":"Acta de presentación y apertura de propuestas de licitaciones","description":"Acta de presentación y apertura de propuestas de licitaciones","url":"http://si.nl.gob.mx/Acceso/DatosAbiertos/DocumentosPublicos/000001/SINL-CPE-018-2017/02. Invitación/Acta de presentación y apertura de propuestas de licitaciones.pdf","datePublished":"2020-03-21T18:02:58.377-06:00","dateModified":"0001-01-01T00:00:00-06:00","format":"application/pdf","language":"es","x_section":"tender"},{"id":"650","documentType":"Anexos de Convocatoria","title":"Anexos de Convocatoria","description":"Anexos de Convocatoria","url":"http://si.nl.gob.mx/Acceso/DatosAbiertos/DocumentosPublicos/000001/SINL-CPE-018-2017/02. Invitación/Anexos de Convocatoria.rar","datePublished":"2020-03-21T18:02:58.383-06:00","dateModified":"0001-01-01T00:00:00-06:00","format":"application/vnd.rar","language":"es","x_section":"tender"},{"id":"651","documentType":"Convocatoria de licitaciones","title":"Convocatoria de licitaciones","description":"Convocatoria de licitaciones","url":"http://si.nl.gob.mx/Acceso/DatosAbiertos/DocumentosPublicos/000001/SINL-CPE-018-2017/02. Invitación/Convocatoria de licitaciones.pdf","datePublished":"2020-03-21T18:02:58.393-06:00","dateModified":"0001-01-01T00:00:00-06:00","format":"application/pdf","language":"es","x_section":"tender"},{"id":"652","documentType":"Registro de asistencia de la visita a las instalaciones","title":"Registro de asistencia de la visita a las instalaciones","description":"Registro de asistencia de la visita a las instalaciones","url":"http://si.nl.gob.mx/Acceso/DatosAbiertos/DocumentosPublicos/000001/SINL-CPE-018-2017/02. Invitación/Registro de asistencia de la visita a las instalaciones.pdf","datePublished":"2020-03-21T18:02:58.403-06:00","dateModified":"0001-01-01T00:00:00-06:00","format":"application/pdf","language":"es","x_section":"tender"},{"id":"653","documentType":"Resumen de convocatoria a la licitación pública","title":"Resumen de convocatoria a la licitación pública","description":"Resumen de convocatoria a la licitación pública","url":"http://si.nl.gob.mx/Acceso/DatosAbiertos/DocumentosPublicos/000001/SINL-CPE-018-2017/02. Invitación/Resumen de convocatoria a la licitación pública.pdf","datePublished":"2020-03-21T18:02:58.413-06:00","dateModified":"0001-01-01T00:00:00-06:00","format":"application/pdf","language":"es","x_section":"tender"}],"milestones":[{"id":"SINL-CPE-018-2017-13041","title":"PRE BASES","type":"preProcurement","description":"PRE BASES","code":"PRE BASES","dueDate":"2017-02-21T13:43:00-06:00","dateMet":"2017-02-21T13:43:00-06:00","dateModified":"2017-02-21T13:43:00-06:00","status":"met"},{"id":"SINL-CPE-018-2017-13042","title":"CONVOCATORIA","type":"preProcurement","description":"CONVOCATORIA","code":"CONVOCATORIA","dueDate":"2017-02-24T12:00:00-06:00","dateMet":"2017-02-24T12:00:00-06:00","dateModified":"2017-02-24T12:00:00-06:00","status":"met"},{"id":"SINL-CPE-018-2017-13043","title":"VISITA A LA OBRA","type":"preProcurement","description":"VISITA A LA OBRA","code":"VISITA A LA OBRA","dueDate":"2017-03-06T08:00:00-06:00","dateMet":"2017-03-06T08:00:00-06:00","dateModified":"2017-03-06T08:00:00-06:00","status":"met"},{"id":"SINL-CPE-018-2017-13044","title":"JUNTA DE ACLARACIONES","type":"preProcurement","description":"JUNTA DE ACLARACIONES","code":"JUNTA DE ACLARACIONES","dueDate":"2017-03-07T11:00:00-06:00","dateMet":"2017-03-07T11:00:00-06:00","dateModified":"2017-03-07T11:00:00-06:00","status":"met"},{"id":"SINL-CPE-018-2017-13045","title":"APERTURA","type":"assessment","description":"APERTURA","code":"APERTURA","dueDate":"2017-03-15T12:00:00-06:00","dateMet":"2017-03-15T12:00:00-06:00","dateModified":"2017-03-15T12:00:00-06:00","status":"met"},{"id":"SINL-CPE-018-2017-13048","title":"FALLO","type":"engagement","description":"FALLO","code":"FALLO","dueDate":"2017-04-10T12:00:00-05:00","dateMet":"2017-04-10T12:00:00-05:00","dateModified":"2017-04-10T12:00:00-05:00","status":"met"},{"id":"SINL-CPE-018-2017-13049","title":"FIRMA DEL CONTRATO","type":"approval","description":"FIRMA DEL CONTRATO","code":"FIRMA DEL CONTRATO","dueDate":"2017-04-11T12:00:00-05:00","dateMet":"2017-04-11T12:00:00-05:00","dateModified":"2017-04-11T12:00:00-05:00","status":"met"}]},"awards":[{"id":"SINL-CPE-018-2017","title":"Construcción de una Esfera Cultural","description":"Construcción de una Esfera Cultural, Municipio de Galeana, Nuevo León","status":"active","date":"2017-04-10T00:00:00-05:00","value":{"amount":16368076.24,"currency":"MXN"},"suppliers":[{"id":"RFC-CMO040217HK2","name":"CONSTRUCCIONES MALDONADO OVIEDO Y ASOCIADOS, S.A. DE C.V."}],"contractPeriod":{"startDate":"2017-05-08T00:00:00-05:00","endDate":"2017-10-04T00:00:00-05:00","maxExtentDate":"0001-01-01T00:00:00","durationInDays":149},"documents":[{"id":"654","documentType":"Fallo de licitaciones","title":"Fallo de licitaciones","description":"Fallo de licitaciones","url":"http://si.nl.gob.mx/Acceso/DatosAbiertos/DocumentosPublicos/000001/SINL-CPE-018-2017/03. Adjudicación/Fallo de Licitaciones.pdf","datePublished":"2020-03-21T18:02:58.423-06:00","dateModified":"0001-01-01T00:00:00-06:00","format":"application/pdf","language":"es","x_section":"award"},{"id":"655","documentType":"Oferta Ganadora","title":"Oferta Ganadora","description":"Oferta Ganadora","url":"http://si.nl.gob.mx/Acceso/DatosAbiertos/DocumentosPublicos/000001/SINL-CPE-018-2017/03. Adjudicación/Oferta Ganadora.rar","datePublished":"2020-03-21T18:02:58.433-06:00","dateModified":"0001-01-01T00:00:00-06:00","format":"application/vnd.rar","language":"es","x_section":"award"},{"id":"656","documentType":"Resultado de las evaluaciones de la licitación","title":"Resultado de las evaluaciones de la licitación","description":"Resultado de las evaluaciones de la licitación","url":"http://si.nl.gob.mx/Acceso/DatosAbiertos/DocumentosPublicos/000001/SINL-CPE-018-2017/03. Adjudicación/Resultado de las evaluaciones de la licitación.pdf","datePublished":"2020-03-21T18:02:58.443-06:00","dateModified":"0001-01-01T00:00:00-06:00","format":"application/pdf","language":"es","x_section":"award"}]}],"contracts":[{"id":"1704001","awardID":"SINL-CPE-018-2017","title":"Construcción de una Esfera Cultural","description":"Construcción de una Esfera Cultural, Municipio de Galeana, Nuevo León","status":"terminated","x_financial_advance":100.0,"x_physical_advance":100.0,"period":{"startDate":"2017-05-08T00:00:00-05:00","endDate":"2017-10-04T00:00:00-05:00","maxExtentDate":"2018-05-31T00:00:00-05:00","durationInDays":388},"value":{"amount":20459221.17,"currency":"MXN"},"x_estimatedPhysicalProgress":100.0,"x_observedPhysicalProgress":100.0,"items":[{"id":"000004729","description":"001 PRELIMINARES","classification":{"scheme":"UNCEFACT","id":"000004729","description":"Catálogo de Conceptos Universal de la Secretaría de Infraestructura del Estado de Nuevo León","uri":"http://si.nl.gob.mx/CatalogoDeConceptosUniversal"},"quantity":1.0,"unit":{"scheme":"SINL-CU","id":"000000221","name":"LOTE","value":{"amount":123120.7442,"currency":"MXN"},"uri":"http://si.nl.gob.mx/CatalogoUnidades"}},{"id":"000002068","description":"002 TERRACERÍAS","classification":{"scheme":"UNCEFACT","id":"000002068","description":"Catálogo de Conceptos Universal de la Secretaría de Infraestructura del Estado de Nuevo León","uri":"http://si.nl.gob.mx/CatalogoDeConceptosUniversal"},"quantity":1.0,"unit":{"scheme":"SINL-CU","id":"000000221","name":"LOTE","value":{"amount":1331943.5851,"currency":"MXN"},"uri":"http://si.nl.gob.mx/CatalogoUnidades"}},{"id":"000001222","description":"003 CIMENTACIONES","classification":{"scheme":"UNCEFACT","id":"000001222","description":"Catálogo de Conceptos Universal de la Secretaría de Infraestructura del Estado de Nuevo León","uri":"http://si.nl.gob.mx/CatalogoDeConceptosUniversal"},"quantity":1.0,"unit":{"scheme":"SINL-CU","id":"000000221","name":"LOTE","value":{"amount":1373040.02,"currency":"MXN"},"uri":"http://si.nl.gob.mx/CatalogoUnidades"}},{"id":"000005022","description":"004 ELEMENTOS DE CONCRETO","classification":{"scheme":"UNCEFACT","id":"000005022","description":"Catálogo de Conceptos Universal de la Secretaría de Infraestructura del Estado de Nuevo León","uri":"http://si.nl.gob.mx/CatalogoDeConceptosUniversal"},"quantity":1.0,"unit":{"scheme":"SINL-CU","id":"000000221","name":"LOTE","value":{"amount":3252270.2528,"currency":"MXN"},"uri":"http://si.nl.gob.mx/CatalogoUnidades"}},{"id":"000005663","description":"005 MUROS","classification":{"scheme":"UNCEFACT","id":"000005663","description":"Catálogo de Conceptos Universal de la Secretaría de Infraestructura del Estado de Nuevo León","uri":"http://si.nl.gob.mx/CatalogoDeConceptosUniversal"},"quantity":1.0,"unit":{"scheme":"SINL-CU","id":"000000221","name":"LOTE","value":{"amount":2845101.2174,"currency":"MXN"},"uri":"http://si.nl.gob.mx/CatalogoUnidades"}},{"id":"000003404","description":"006 ESTRUCTURA METÁLICA","classification":{"scheme":"UNCEFACT","id":"000003404","description":"Catálogo de Conceptos Universal de la Secretaría de Infraestructura del Estado de Nuevo León","uri":"http://si.nl.gob.mx/CatalogoDeConceptosUniversal"},"quantity":1.0,"unit":{"scheme":"SINL-CU","id":"000000221","name":"LOTE","value":{"amount":3953368.5055,"currency":"MXN"},"uri":"http://si.nl.gob.mx/CatalogoUnidades"}},{"id":"000006551","description":"007 HERRERÍA","classification":{"scheme":"UNCEFACT","id":"000006551","description":"Catálogo de Conceptos Universal de la Secretaría de Infraestructura del Estado de Nuevo León","uri":"http://si.nl.gob.mx/CatalogoDeConceptosUniversal"},"quantity":1.0,"unit":{"scheme":"SINL-CU","id":"000000221","name":"LOTE","value":{"amount":905049.003,"currency":"MXN"},"uri":"http://si.nl.gob.mx/CatalogoUnidades"}},{"id":"000000314","description":"008 ACABADOS","classification":{"scheme":"UNCEFACT","id":"000000314","description":"Catálogo de Conceptos Universal de la Secretaría de Infraestructura del Estado de Nuevo León","uri":"http://si.nl.gob.mx/CatalogoDeConceptosUniversal"},"quantity":1.0,"unit":{"scheme":"SINL-CU","id":"000000221","name":"LOTE","value":{"amount":685845.17,"currency":"MXN"},"uri":"http://si.nl.gob.mx/CatalogoUnidades"}},{"id":"000002330","description":"009 PUERTAS","classification":{"scheme":"UNCEFACT","id":"000002330","description":"Catálogo de Conceptos Universal de la Secretaría de Infraestructura del Estado de Nuevo León","uri":"http://si.nl.gob.mx/CatalogoDeConceptosUniversal"},"quantity":1.0,"unit":{"scheme":"SINL-CU","id":"000000221","name":"LOTE","value":{"amount":415622.18,"currency":"MXN"},"uri":"http://si.nl.gob.mx/CatalogoUnidades"}},{"id":"000005055","description":"010 CANCELERÍA","classification":{"scheme":"UNCEFACT","id":"000005055","description":"Catálogo de Conceptos Universal de la Secretaría de Infraestructura del Estado de Nuevo León","uri":"http://si.nl.gob.mx/CatalogoDeConceptosUniversal"},"quantity":1.0,"unit":{"scheme":"SINL-CU","id":"000000221","name":"LOTE","value":{"amount":260763.88,"currency":"MXN"},"uri":"http://si.nl.gob.mx/CatalogoUnidades"}},{"id":"000007314","description":"011 MOBILIARIO FIJO","classification":{"scheme":"UNCEFACT","id":"000007314","description":"Catálogo de Conceptos Universal de la Secretaría de Infraestructura del Estado de Nuevo León","uri":"http://si.nl.gob.mx/CatalogoDeConceptosUniversal"},"quantity":1.0,"unit":{"scheme":"SINL-CU","id":"000000221","name":"LOTE","value":{"amount":241857.91,"currency":"MXN"},"uri":"http://si.nl.gob.mx/CatalogoUnidades"}},{"id":"000008928","description":"012 EQUIPOS ESPECIALES","classification":{"scheme":"UNCEFACT","id":"000008928","description":"Catálogo de Conceptos Universal de la Secretaría de Infraestructura del Estado de Nuevo León","uri":"http://si.nl.gob.mx/CatalogoDeConceptosUniversal"},"quantity":1.0,"unit":{"scheme":"SINL-CU","id":"000000221","name":"LOTE","value":{"amount":50309.91,"currency":"MXN"},"uri":"http://si.nl.gob.mx/CatalogoUnidades"}},{"id":"000006458","description":"013 PAISAJE INTERIOR","classification":{"scheme":"UNCEFACT","id":"000006458","description":"Catálogo de Conceptos Universal de la Secretaría de Infraestructura del Estado de Nuevo León","uri":"http://si.nl.gob.mx/CatalogoDeConceptosUniversal"},"quantity":1.0,"unit":{"scheme":"SINL-CU","id":"000000221","name":"LOTE","value":{"amount":73710.22,"currency":"MXN"},"uri":"http://si.nl.gob.mx/CatalogoUnidades"}},{"id":"000002596","description":"014 INSTALACIÓN ELÉCTRICA","classification":{"scheme":"UNCEFACT","id":"000002596","description":"Catálogo de Conceptos Universal de la Secretaría de Infraestructura del Estado de Nuevo León","uri":"http://si.nl.gob.mx/CatalogoDeConceptosUniversal"},"quantity":1.0,"unit":{"scheme":"SINL-CU","id":"000000221","name":"LOTE","value":{"amount":1778676.88,"currency":"MXN"},"uri":"http://si.nl.gob.mx/CatalogoUnidades"}},{"id":"000000572","description":"015 ILUMINACIÓN GENERAL","classification":{"scheme":"UNCEFACT","id":"000000572","description":"Catálogo de Conceptos Universal de la Secretaría de Infraestructura del Estado de Nuevo León","uri":"http://si.nl.gob.mx/CatalogoDeConceptosUniversal"},"quantity":1.0,"unit":{"scheme":"SINL-CU","id":"000000221","name":"LOTE","value":{"amount":261382.7,"currency":"MXN"},"uri":"http://si.nl.gob.mx/CatalogoUnidades"}},{"id":"000003205","description":"016 ILUMINACIÓN TEATRAL","classification":{"scheme":"UNCEFACT","id":"000003205","description":"Catálogo de Conceptos Universal de la Secretaría de Infraestructura del Estado de Nuevo León","uri":"http://si.nl.gob.mx/CatalogoDeConceptosUniversal"},"quantity":1.0,"unit":{"scheme":"SINL-CU","id":"000000221","name":"LOTE","value":{"amount":951123.62,"currency":"MXN"},"uri":"http://si.nl.gob.mx/CatalogoUnidades"}},{"id":"000000683","description":"017 EQUIPAMIENTO ACÚSTICO","classification":{"scheme":"UNCEFACT","id":"000000683","description":"Catálogo de Conceptos Universal de la Secretaría de Infraestructura del Estado de Nuevo León","uri":"http://si.nl.gob.mx/CatalogoDeConceptosUniversal"},"quantity":1.0,"unit":{"scheme":"SINL-CU","id":"000000221","name":"LOTE","value":{"amount":302854.38,"currency":"MXN"},"uri":"http://si.nl.gob.mx/CatalogoUnidades"}},{"id":"000008177","description":"018 INSTALACIÓN HIDROSANITARIA","classification":{"scheme":"UNCEFACT","id":"000008177","description":"Catálogo de Conceptos Universal de la Secretaría de Infraestructura del Estado de Nuevo León","uri":"http://si.nl.gob.mx/CatalogoDeConceptosUniversal"},"quantity":1.0,"unit":{"scheme":"SINL-CU","id":"000000221","name":"LOTE","value":{"amount":484588.9432,"currency":"MXN"},"uri":"http://si.nl.gob.mx/CatalogoUnidades"}},{"id":"000005588","description":"019TRABAJOS FINALES","classification":{"scheme":"UNCEFACT","id":"000005588","description":"Catálogo de Conceptos Universal de la Secretaría de Infraestructura del Estado de Nuevo León","uri":"http://si.nl.gob.mx/CatalogoDeConceptosUniversal"},"quantity":1.0,"unit":{"scheme":"SINL-CU","id":"000000221","name":"LOTE","value":{"amount":24256.01,"currency":"MXN"},"uri":"http://si.nl.gob.mx/CatalogoUnidades"}},{"id":"000003181","description":"EXTRAS 001","classification":{"scheme":"UNCEFACT","id":"000003181","description":"Catálogo de Conceptos Universal de la Secretaría de Infraestructura del Estado de Nuevo León","uri":"http://si.nl.gob.mx/CatalogoDeConceptosUniversal"},"quantity":1.0,"unit":{"scheme":"SINL-CU","id":"000000221","name":"LOTE","value":{"amount":1135898.1863,"currency":"MXN"},"uri":"http://si.nl.gob.mx/CatalogoUnidades"}},{"id":"000003910","description":"EXTRAS 002","classification":{"scheme":"UNCEFACT","id":"000003910","description":"Catálogo de Conceptos Universal de la Secretaría de Infraestructura del Estado de Nuevo León","uri":"http://si.nl.gob.mx/CatalogoDeConceptosUniversal"},"quantity":1.0,"unit":{"scheme":"SINL-CU","id":"000000221","name":"LOTE","value":{"amount":1151295.5974,"currency":"MXN"},"uri":"http://si.nl.gob.mx/CatalogoUnidades"}},{"id":"000000751","description":"EXTRAS 003","classification":{"scheme":"UNCEFACT","id":"000000751","description":"Catálogo de Conceptos Universal de la Secretaría de Infraestructura del Estado de Nuevo León","uri":"http://si.nl.gob.mx/CatalogoDeConceptosUniversal"},"quantity":1.0,"unit":{"scheme":"SINL-CU","id":"000000221","name":"LOTE","value":{"amount":1246560.8403,"currency":"MXN"},"uri":"http://si.nl.gob.mx/CatalogoUnidades"}}],"dateSigned":"2017-04-11T00:00:00-05:00","documents":[{"id":"657","documentType":"Anexos de Contrato","title":"Anexos de Contrato","description":"Anexos de Contrato","url":"http://si.nl.gob.mx/Acceso/DatosAbiertos/DocumentosPublicos/000001/SINL-CPE-018-2017/04. Contratación/Anexos de Contrato.pdf","datePublished":"2020-03-21T18:02:58.45-06:00","dateModified":"0001-01-01T00:00:00-06:00","format":"application/pdf","language":"es","x_section":"contract"},{"id":"658","documentType":"Anexos de Contrato","title":"Anexos de Contrato","description":"Anexos de Contrato","url":"http://si.nl.gob.mx/Acceso/DatosAbiertos/DocumentosPublicos/000001/SINL-CPE-018-2017/04. Contratación/Anexos de Contrato_01.pdf","datePublished":"2020-03-21T18:02:58.46-06:00","dateModified":"0001-01-01T00:00:00-06:00","format":"application/pdf","language":"es","x_section":"contract"},{"id":"659","documentType":"Contrato firmado","title":"Contrato firmado","description":"Contrato firmado","url":"http://si.nl.gob.mx/Acceso/DatosAbiertos/DocumentosPublicos/000001/SINL-CPE-018-2017/04. Contratación/Contrato firmado.pdf","datePublished":"2020-03-21T18:02:58.467-06:00","dateModified":"0001-01-01T00:00:00-06:00","format":"application/pdf","language":"es","x_section":"contract"},{"id":"662","documentType":"Finiquito del contrato","title":"Finiquito del contrato","description":"Finiquito del contrato","url":"http://si.nl.gob.mx/Acceso/DatosAbiertos/DocumentosPublicos/000001/SINL-CPE-018-2017/05. Ejecución/Finiquito del contrato.pdf","datePublished":"2020-03-21T18:02:58.497-06:00","dateModified":"0001-01-01T00:00:00-06:00","format":"application/pdf","language":"es","x_section":"contract"},{"id":"660","documentType":"Certificado de terminación (informe de conclusión)","title":"Certificado de terminación (informe de conclusión)","description":"Certificado de terminación (informe de conclusión)","url":"http://si.nl.gob.mx/Acceso/DatosAbiertos/DocumentosPublicos/000001/SINL-CPE-018-2017/05. Ejecución/Certificado de terminación (informe de conclusión).pdf","datePublished":"2020-03-21T18:02:58.477-06:00","dateModified":"0001-01-01T00:00:00-06:00","format":"application/pdf","language":"es","x_section":"implementarion"},{"id":"661","documentType":"Convenios modificatorios","title":"Convenios modificatorios","description":"Convenios modificatorios","url":"http://si.nl.gob.mx/Acceso/DatosAbiertos/DocumentosPublicos/000001/SINL-CPE-018-2017/05. Ejecución/Convenios modificatorios.pdf","datePublished":"2020-03-21T18:02:58.487-06:00","dateModified":"0001-01-01T00:00:00-06:00","format":"application/pdf","language":"es","x_section":"implementarion"},{"id":"663","documentType":"Lista de escalada de aprobaciones","title":"Lista de escalada de aprobaciones","description":"Lista de escalada de aprobaciones","url":"http://si.nl.gob.mx/Acceso/DatosAbiertos/DocumentosPublicos/000001/SINL-CPE-018-2017/05. Ejecución/Lista de escalada de aprobaciones.pdf","datePublished":"2020-03-21T18:02:58.503-06:00","dateModified":"0001-01-01T00:00:00-06:00","format":"application/pdf","language":"es","x_section":"implementarion"},{"id":"664","documentType":"Reportes de calidad","title":"Reportes de calidad","description":"Reportes de calidad","url":"http://si.nl.gob.mx/Acceso/DatosAbiertos/DocumentosPublicos/000001/SINL-CPE-018-2017/05. Ejecución/Reportes de calidad.pdf","datePublished":"2020-03-21T18:02:58.513-06:00","dateModified":"0001-01-01T00:00:00-06:00","format":"application/pdf","language":"es","x_section":"implementarion"},{"id":"665","documentType":"Reportes de supervisión","title":"Reportes de supervisión","description":"Reportes de supervisión","url":"http://si.nl.gob.mx/Acceso/DatosAbiertos/DocumentosPublicos/000001/SINL-CPE-018-2017/05. Ejecución/Reportes de supervisión.pdf","datePublished":"2020-03-21T18:02:58.523-06:00","dateModified":"0001-01-01T00:00:00-06:00","format":"application/pdf","language":"es","x_section":"implementarion"}],"implementation":{"transactions":[{"id":"EST-2017-05-656","date":"2017-05-25T10:34:37-05:00","value":{"amount":3273615.25,"currency":"MXN"},"payer":{"name":"SFYTGE","id":"RFC-GEN620601DTA"},"payee":{"name":"CONSTRUCCIONES MALDONADO OVIEDO Y ASOCIADOS, S.A. DE C.V.","id":"CMO040217HK2"}},{"id":"EST-2017-09-210","date":"2017-09-26T13:17:41-05:00","value":{"amount":639811.59,"currency":"MXN"},"payer":{"name":"SFYTGE","id":"RFC-GEN620601DTA"},"payee":{"name":"CONSTRUCCIONES MALDONADO OVIEDO Y ASOCIADOS, S.A. DE C.V.","id":"CMO040217HK2"}},{"id":"EST-2017-11-497","date":"2017-11-15T12:56:38-06:00","value":{"amount":1054061.17,"currency":"MXN"},"payer":{"name":"SFYTGE","id":"RFC-GEN620601DTA"},"payee":{"name":"CONSTRUCCIONES MALDONADO OVIEDO Y ASOCIADOS, S.A. DE C.V.","id":"CMO040217HK2"}},{"id":"EST-2018-08-827","date":"2018-07-31T14:01:51-05:00","value":{"amount":1068402.32,"currency":"MXN"},"payer":{"name":"SFYTGE","id":"RFC-GEN620601DTA"},"payee":{"name":"CONSTRUCCIONES MALDONADO OVIEDO Y ASOCIADOS, S.A. DE C.V.","id":"CMO040217HK2"}},{"id":"EST-2018-08-927","date":"2018-08-20T14:17:58-05:00","value":{"amount":1645610.38,"currency":"MXN"},"payer":{"name":"SFYTGE","id":"RFC-GEN620601DTA"},"payee":{"name":"CONSTRUCCIONES MALDONADO OVIEDO Y ASOCIADOS, S.A. DE C.V.","id":"CMO040217HK2"}},{"id":"EST-2018-12-422","date":"2018-12-05T13:02:54-06:00","value":{"amount":1016435.41,"currency":"MXN"},"payer":{"name":"SFYTGE","id":"RFC-GEN620601DTA"},"payee":{"name":"CONSTRUCCIONES MALDONADO OVIEDO Y ASOCIADOS, S.A. DE C.V.","id":"CMO040217HK2"}},{"id":"EST-2018-12-615","date":"2018-12-21T13:08:24-06:00","value":{"amount":1446010.57,"currency":"MXN"},"payer":{"name":"SFYTGE","id":"RFC-GEN620601DTA"},"payee":{"name":"CONSTRUCCIONES MALDONADO OVIEDO Y ASOCIADOS, S.A. DE C.V.","id":"CMO040217HK2"}},{"id":"EST-2017-10-391","date":"2017-10-27T12:07:44-05:00","value":{"amount":194441.28,"currency":"MXN"},"payer":{"name":"SFYTGE","id":"RFC-GEN620601DTA"},"payee":{"name":"CONSTRUCCIONES MALDONADO OVIEDO Y ASOCIADOS, S.A. DE C.V.","id":"CMO040217HK2"}},{"id":"EST-2017-11-437","date":"2017-11-02T09:31:36-06:00","value":{"amount":2560172.87,"currency":"MXN"},"payer":{"name":"SFYTGE","id":"RFC-GEN620601DTA"},"payee":{"name":"CONSTRUCCIONES MALDONADO OVIEDO Y ASOCIADOS, S.A. DE C.V.","id":"CMO040217HK2"}},{"id":"EST-2017-11-498","date":"2017-11-16T09:28:46-06:00","value":{"amount":712281.83,"currency":"MXN"},"payer":{"name":"SFYTGE","id":"RFC-GEN620601DTA"},"payee":{"name":"CONSTRUCCIONES MALDONADO OVIEDO Y ASOCIADOS, S.A. DE C.V.","id":"CMO040217HK2"}},{"id":"EST-2017-12-761","date":"2017-12-14T12:03:19-06:00","value":{"amount":345287.91,"currency":"MXN"},"payer":{"name":"SFYTGE","id":"RFC-GEN620601DTA"},"payee":{"name":"CONSTRUCCIONES MALDONADO OVIEDO Y ASOCIADOS, S.A. DE C.V.","id":"CMO040217HK2"}},{"id":"EST-2017-12-852","date":"2017-12-28T11:43:14-06:00","value":{"amount":915735.57,"currency":"MXN"},"payer":{"name":"SFYTGE","id":"RFC-GEN620601DTA"},"payee":{"name":"CONSTRUCCIONES MALDONADO OVIEDO Y ASOCIADOS, S.A. DE C.V.","id":"CMO040217HK2"}},{"id":"EST-2018-02-034","date":"2018-02-15T12:59:19-06:00","value":{"amount":478673.14,"currency":"MXN"},"payer":{"name":"SFYTGE","id":"RFC-GEN620601DTA"},"payee":{"name":"CONSTRUCCIONES MALDONADO OVIEDO Y ASOCIADOS, S.A. DE C.V.","id":"CMO040217HK2"}},{"id":"EST-2018-03-160","date":"2018-03-07T11:17:00-06:00","value":{"amount":966930.92,"currency":"MXN"},"payer":{"name":"SFYTGE","id":"RFC-GEN620601DTA"},"payee":{"name":"CONSTRUCCIONES MALDONADO OVIEDO Y ASOCIADOS, S.A. DE C.V.","id":"CMO040217HK2"}},{"id":"EST-2018-04-453","date":"2018-04-12T11:44:42-05:00","value":{"amount":1548116.21,"currency":"MXN"},"payer":{"name":"SFYTGE","id":"RFC-GEN620601DTA"},"payee":{"name":"CONSTRUCCIONES MALDONADO OVIEDO Y ASOCIADOS, S.A. DE C.V.","id":"CMO040217HK2"}},{"id":"EST-2018-05-632","date":"2018-05-22T16:00:10-05:00","value":{"amount":1200369.09,"currency":"MXN"},"payer":{"name":"SFYTGE","id":"RFC-GEN620601DTA"},"payee":{"name":"CONSTRUCCIONES MALDONADO OVIEDO Y ASOCIADOS, S.A. DE C.V.","id":"CMO040217HK2"}},{"id":"EST-2018-10-179","date":"2018-10-17T11:48:09-05:00","value":{"amount":1393265.65,"currency":"MXN"},"payer":{"name":"SFYTGE","id":"RFC-GEN620601DTA"},"payee":{"name":"CONSTRUCCIONES MALDONADO OVIEDO Y ASOCIADOS, S.A. DE C.V.","id":"CMO040217HK2"}}],"documents":[]},"milestones":[{"id":"1704001-D548E6C1-8508-4B14-B5C2-8696A43E6DFA","title":"ACTA-ENTREGA RECEPCION","type":"delivery","description":"ACTA ENTREGA RECEPCIÓN DE LOS TRABAJOS","dueDate":"2019-02-12T00:00:00-06:00","dateMet":"2019-02-12T00:00:00-06:00","status":"met"}],"contractAmendments":[{"id":"1704001-MT-201972","contractAmendmentType":"Monto y Tiempo","date":"2018-12-21T00:00:00-06:00","previousPeriod":{"startDate":"0001-01-01T00:00:00-06:00","endDate":"0001-01-01T00:00:00-06:00","maxExtentDate":"0001-01-01T00:00:00","durationInDays":0},"actualPeriod":{"startDate":"0001-01-01T00:00:00-06:00","endDate":"0001-01-01T00:00:00-06:00","maxExtentDate":"0001-01-01T00:00:00","durationInDays":0},"previousValue":{"amount":0.0,"currency":"MXN"},"actualValue":{"amount":0.0,"currency":"MXN"}},{"id":"1704001-MT-201972","contractAmendmentType":"Monto y Tiempo","date":"2017-11-10T00:00:00-06:00","previousPeriod":{"startDate":"0001-01-01T00:00:00-06:00","endDate":"0001-01-01T00:00:00-06:00","maxExtentDate":"0001-01-01T00:00:00","durationInDays":0},"actualPeriod":{"startDate":"0001-01-01T00:00:00-06:00","endDate":"0001-01-01T00:00:00-06:00","maxExtentDate":"0001-01-01T00:00:00","durationInDays":0},"previousValue":{"amount":0.0,"currency":"MXN"},"actualValue":{"amount":0.0,"currency":"MXN"}},{"id":"1704001-UT-201972","contractAmendmentType":"Tiempo","date":"2017-09-14T00:00:00-05:00","previousPeriod":{"startDate":"0001-01-01T00:00:00-06:00","endDate":"0001-01-01T00:00:00-06:00","maxExtentDate":"0001-01-01T00:00:00","durationInDays":0},"actualPeriod":{"startDate":"0001-01-01T00:00:00-06:00","endDate":"0001-01-01T00:00:00-06:00","maxExtentDate":"0001-01-01T00:00:00","durationInDays":0},"previousValue":{"amount":0.0,"currency":"MXN"},"actualValue":{"amount":0.0,"currency":"MXN"}},{"id":"1704001-MT-201972","contractAmendmentType":"Monto y Tiempo","date":"2017-09-04T00:00:00-05:00","previousPeriod":{"startDate":"0001-01-01T00:00:00-06:00","endDate":"0001-01-01T00:00:00-06:00","maxExtentDate":"0001-01-01T00:00:00","durationInDays":0},"actualPeriod":{"startDate":"0001-01-01T00:00:00-06:00","endDate":"0001-01-01T00:00:00-06:00","maxExtentDate":"0001-01-01T00:00:00","durationInDays":0},"previousValue":{"amount":0.0,"currency":"MXN"},"actualValue":{"amount":0.0,"currency":"MXN"}},{"id":"1704001-UT-201972","contractAmendmentType":"Tiempo","date":"2017-08-25T00:00:00-05:00","previousPeriod":{"startDate":"0001-01-01T00:00:00-06:00","endDate":"0001-01-01T00:00:00-06:00","maxExtentDate":"0001-01-01T00:00:00","durationInDays":0},"actualPeriod":{"startDate":"0001-01-01T00:00:00-06:00","endDate":"0001-01-01T00:00:00-06:00","maxExtentDate":"0001-01-01T00:00:00","durationInDays":0},"previousValue":{"amount":0.0,"currency":"MXN"},"actualValue":{"amount":0.0,"currency":"MXN"}}]}],"language":"es"}}]}